-1.431;-0.56032;1.8191
-1.4599;-0.56279;1.8196
-1.4886;-0.5652;1.8211
-1.5172;-0.56753;1.8236
-1.5453;-0.56977;1.8272
-1.5731;-0.57192;1.8319
-1.6003;-0.57397;1.8375
-1.6268;-0.57591;1.8442
-1.6526;-0.57774;1.8519
-1.6775;-0.57943;1.8604
-1.7015;-0.581;1.8699
-1.7243;-0.58243;1.8803
-1.7461;-0.58371;1.8915
-1.7666;-0.58485;1.9034
-1.7858;-0.58583;1.9161
-1.8036;-0.58666;1.9295
-1.8199;-0.58732;1.9436
-1.8347;-0.58783;1.9582
-1.8479;-0.58817;1.9733
-1.8595;-0.58834;1.9889
-1.8694;-0.58835;2.0049
-1.8776;-0.58819;2.0212
-1.8841;-0.58786;2.0378
-1.8887;-0.58737;2.0546
-1.8916;-0.58671;2.0716
-1.8926;-0.5859;2.0886
-1.8918;-0.58493;2.1056
-1.8893;-0.5838;2.1226
-1.8849;-0.58253;2.1394
-1.8787;-0.58111;2.1561
-1.8708;-0.57956;2.1725
-1.8612;-0.57787;2.1885
-1.8498;-0.57606;2.2042
-1.8369;-0.57412;2.2194
-1.8223;-0.57208;2.2342
-1.8062;-0.56994;2.2483
-1.7886;-0.5677;2.2618
-1.7696;-0.56538;2.2747
-1.7493;-0.56298;2.2868
-1.7278;-0.56051;2.2982
-1.7051;-0.55799;2.3087
-1.6813;-0.55542;2.3183
-1.6565;-0.55281;2.3271
-1.6309;-0.55017;2.3349
-1.6044;-0.54752;2.3418
-1.5773;-0.54487;2.3477
-1.5497;-0.54222;2.3525
-1.5215;-0.53958;2.3563
-1.4931;-0.53697;2.3591
-1.4643;-0.5344;2.3608
-1.4355;-0.53187;2.3615
-1.431;-0.56032;1.8191
-1.4595;-0.5651;1.8197
-1.4878;-0.56981;1.8213
-1.5159;-0.57443;1.824
-1.5436;-0.57893;1.8277
-1.571;-0.5833;1.8325
-1.5978;-0.58753;1.8383
-1.6239;-0.59159;1.8451
-1.6493;-0.59547;1.8528
-1.6739;-0.59916;1.8615
-1.6974;-0.60264;1.8711
-1.72;-0.6059;1.8815
-1.7414;-0.60891;1.8928
-1.7616;-0.61169;1.9049
-1.7805;-0.6142;1.9177
-1.798;-0.61644;1.9311
-1.8141;-0.61841;1.9452
-1.8287;-0.62009;1.9599
-1.8418;-0.62148;1.9751
-1.8532;-0.62257;1.9907
-1.8629;-0.62336;2.0068
-1.871;-0.62385;2.0231
-1.8773;-0.62402;2.0398
-1.8819;-0.62389;2.0566
-1.8847;-0.62346;2.0736
-1.8858;-0.62272;2.0906
-1.885;-0.62167;2.1076
-1.8825;-0.62033;2.1246
-1.8782;-0.61869;2.1414
-1.8721;-0.61677;2.158
-1.8643;-0.61457;2.1744
-1.8548;-0.6121;2.1904
-1.8437;-0.60937;2.206
-1.8309;-0.60639;2.2212
-1.8165;-0.60317;2.2358
-1.8007;-0.59972;2.2499
-1.7834;-0.59607;2.2634
-1.7647;-0.59221;2.2761
-1.7447;-0.58818;2.2882
-1.7234;-0.58398;2.2994
-1.7011;-0.57963;2.3098
-1.6776;-0.57514;2.3194
-1.6532;-0.57054;2.3281
-1.628;-0.56585;2.3358
-1.6019;-0.56108;2.3425
-1.5752;-0.55625;2.3483
-1.548;-0.55138;2.353
-1.5203;-0.54648;2.3567
-1.4922;-0.54159;2.3594
-1.4639;-0.53671;2.3609
-1.4355;-0.53187;2.3615
-1.431;-0.56032;1.8191
-1.4586;-0.56734;1.8198
-1.486;-0.57428;1.8216
-1.5133;-0.5811;1.8244
-1.5402;-0.58778;1.8282
-1.5667;-0.59431;1.8331
-1.5926;-0.60064;1.839
-1.618;-0.60675;1.8459
-1.6426;-0.61263;1.8538
-1.6664;-0.61824;1.8626
-1.6892;-0.62357;1.8723
-1.7111;-0.62859;1.8828
-1.7318;-0.63329;1.8942
-1.7514;-0.63764;1.9063
-1.7698;-0.64164;1.9192
-1.7867;-0.64525;1.9328
-1.8024;-0.64847;1.9469
-1.8165;-0.65129;1.9617
-1.8291;-0.6537;1.9769
-1.8402;-0.65568;1.9926
-1.8497;-0.65723;2.0087
-1.8575;-0.65834;2.0251
-1.8636;-0.659;2.0417
-1.8681;-0.65922;2.0586
-1.8708;-0.659;2.0755
-1.8718;-0.65832;2.0926
-1.8711;-0.65721;2.1096
-1.8686;-0.65566;2.1265
-1.8645;-0.65367;2.1433
-1.8586;-0.65126;2.1599
-1.851;-0.64844;2.1763
-1.8418;-0.64521;2.1922
-1.831;-0.64159;2.2078
-1.8186;-0.63759;2.2229
-1.8047;-0.63323;2.2375
-1.7894;-0.62853;2.2515
-1.7726;-0.6235;2.2649
-1.7545;-0.61817;2.2776
-1.7351;-0.61255;2.2895
-1.7145;-0.60667;2.3007
-1.6928;-0.60056;2.311
-1.6701;-0.59422;2.3205
-1.6465;-0.5877;2.329
-1.622;-0.58101;2.3366
-1.5968;-0.57419;2.3433
-1.5709;-0.56725;2.3489
-1.5445;-0.56023;2.3535
-1.5176;-0.55316;2.3571
-1.4904;-0.54605;2.3596
-1.463;-0.53895;2.3611
-1.4355;-0.53187;2.3615
-1.431;-0.56032;1.8191
-1.4573;-0.56946;1.8199
-1.4834;-0.57852;1.8218
-1.5093;-0.58744;1.8247
-1.535;-0.5962;1.8287
-1.5602;-0.60476;1.8337
-1.5849;-0.61309;1.8397
-1.6091;-0.62116;1.8467
-1.6325;-0.62893;1.8547
-1.6552;-0.63637;1.8636
-1.677;-0.64346;1.8734
-1.6978;-0.65016;1.8841
-1.7176;-0.65645;1.8955
-1.7362;-0.66231;1.9077
-1.7537;-0.66771;1.9207
-1.7699;-0.67263;1.9343
-1.7847;-0.67705;1.9486
-1.7982;-0.68095;1.9634
-1.8102;-0.68432;1.9787
-1.8208;-0.68714;1.9944
-1.8298;-0.68941;2.0105
-1.8373;-0.69111;2.027
-1.8431;-0.69224;2.0436
-1.8474;-0.69279;2.0605
-1.85;-0.69277;2.0775
-1.8509;-0.69216;2.0945
-1.8502;-0.69098;2.1115
-1.8479;-0.68923;2.1285
-1.8439;-0.68691;2.1453
-1.8384;-0.68404;2.1618
-1.8312;-0.68062;2.1781
-1.8224;-0.67667;2.194
-1.8121;-0.6722;2.2096
-1.8003;-0.66724;2.2246
-1.7871;-0.6618;2.2392
-1.7725;-0.65591;2.2531
-1.7565;-0.64958;2.2664
-1.7393;-0.64284;2.279
-1.7208;-0.63572;2.2909
-1.7012;-0.62824;2.3019
-1.6806;-0.62044;2.3122
-1.6589;-0.61235;2.3215
-1.6364;-0.604;2.33
-1.6131;-0.59542;2.3375
-1.5891;-0.58664;2.344
-1.5645;-0.57771;2.3495
-1.5393;-0.56865;2.354
-1.5137;-0.5595;2.3574
-1.4878;-0.55029;2.3598
-1.4617;-0.54107;2.3612
-1.4355;-0.53187;2.3615
-1.431;-0.56032;1.8191
-1.4555;-0.57145;1.82
-1.48;-0.58247;1.822
-1.5042;-0.59335;1.8251
-1.5281;-0.60404;1.8292
-1.5517;-0.61451;1.8343
-1.5748;-0.6247;1.8404
-1.5974;-0.63459;1.8475
-1.6193;-0.64412;1.8556
-1.6405;-0.65327;1.8646
-1.6608;-0.66199;1.8745
-1.6803;-0.67026;1.8852
-1.6987;-0.67804;1.8968
-1.7162;-0.6853;1.9091
-1.7325;-0.69201;1.9222
-1.7476;-0.69814;1.9358
-1.7615;-0.70367;1.9502
-1.7741;-0.70858;1.965
-1.7854;-0.71285;1.9804
-1.7952;-0.71646;1.9961
-1.8037;-0.7194;2.0123
-1.8106;-0.72165;2.0288
-1.8161;-0.72322;2.0455
-1.8201;-0.72408;2.0624
-1.8225;-0.72424;2.0794
-1.8235;-0.7237;2.0964
-1.8228;-0.72245;2.1134
-1.8207;-0.72051;2.1303
-1.817;-0.71789;2.1471
-1.8118;-0.71458;2.1636
-1.8051;-0.71061;2.1799
-1.7969;-0.70599;2.1958
-1.7873;-0.70074;2.2113
-1.7763;-0.69488;2.2263
-1.7639;-0.68843;2.2407
-1.7502;-0.68142;2.2546
-1.7353;-0.67387;2.2678
-1.7192;-0.66582;2.2804
-1.702;-0.6573;2.2921
-1.6837;-0.64834;2.3031
-1.6644;-0.63898;2.3133
-1.6442;-0.62925;2.3225
-1.6232;-0.61919;2.3309
-1.6014;-0.60885;2.3383
-1.579;-0.59825;2.3447
-1.556;-0.58745;2.3501
-1.5325;-0.57649;2.3545
-1.5086;-0.5654;2.3578
-1.4844;-0.55425;2.3601
-1.46;-0.54305;2.3613
-1.4355;-0.53187;2.3615
-1.431;-0.56032;1.8191
-1.4534;-0.57325;1.8202
-1.4757;-0.58607;1.8223
-1.4979;-0.59873;1.8254
-1.5198;-0.61119;1.8296
-1.5413;-0.62339;1.8348
-1.5625;-0.63528;1.8411
-1.5831;-0.64682;1.8483
-1.6031;-0.65796;1.8565
-1.6224;-0.66867;1.8656
-1.641;-0.67888;1.8756
-1.6588;-0.68858;1.8864
-1.6757;-0.69771;1.898
-1.6917;-0.70624;1.9104
-1.7066;-0.71415;1.9235
-1.7204;-0.72138;1.9373
-1.7331;-0.72793;1.9517
-1.7447;-0.73376;1.9666
-1.7549;-0.73885;1.982
-1.764;-0.74318;1.9978
-1.7717;-0.74673;2.014
-1.7781;-0.74948;2.0305
-1.7831;-0.75144;2.0472
-1.7867;-0.75259;2.0641
-1.789;-0.75292;2.0811
-1.7898;-0.75243;2.0982
-1.7893;-0.75113;2.1152
-1.7873;-0.74902;2.1321
-1.7839;-0.74611;2.1489
-1.7792;-0.74241;2.1654
-1.7731;-0.73794;2.1816
-1.7656;-0.7327;2.1975
-1.7568;-0.72674;2.2129
-1.7468;-0.72006;2.2278
-1.7355;-0.71269;2.2423
-1.723;-0.70466;2.2561
-1.7094;-0.69601;2.2692
-1.6947;-0.68677;2.2817
-1.679;-0.67697;2.2934
-1.6623;-0.66666;2.3043
-1.6447;-0.65587;2.3143
-1.6262;-0.64465;2.3235
-1.607;-0.63303;2.3317
-1.5871;-0.62108;2.339
-1.5666;-0.60883;2.3453
-1.5456;-0.59633;2.3506
-1.5241;-0.58363;2.3549
-1.5023;-0.57079;2.3581
-1.4802;-0.55785;2.3603
-1.4579;-0.54486;2.3614
-1.4355;-0.53187;2.3615
-1.431;-0.56032;1.8191
-1.451;-0.57485;1.8203
-1.4708;-0.58926;1.8225
-1.4905;-0.60351;1.8257
-1.51;-0.61752;1.83
-1.5292;-0.63126;1.8354
-1.548;-0.64466;1.8417
-1.5664;-0.65767;1.849
-1.5842;-0.67024;1.8573
-1.6014;-0.68232;1.8665
-1.618;-0.69386;1.8765
-1.6338;-0.70482;1.8874
-1.6489;-0.71515;1.8992
-1.6631;-0.72482;1.9116
-1.6763;-0.73378;1.9248
-1.6887;-0.742;1.9386
-1.7;-0.74944;1.9531
-1.7103;-0.75609;1.968
-1.7194;-0.7619;1.9835
-1.7275;-0.76687;1.9993
-1.7344;-0.77096;2.0156
-1.7401;-0.77416;2.0321
-1.7445;-0.77647;2.0489
-1.7478;-0.77786;2.0658
-1.7498;-0.77835;2.0828
-1.7506;-0.77791;2.0998
-1.7501;-0.77656;2.1169
-1.7484;-0.7743;2.1338
-1.7454;-0.77114;2.1505
-1.7412;-0.76709;2.167
-1.7357;-0.76217;2.1832
-1.7291;-0.75639;2.199
-1.7213;-0.74979;2.2144
-1.7124;-0.74238;2.2293
-1.7024;-0.7342;2.2437
-1.6913;-0.72528;2.2574
-1.6792;-0.71565;2.2705
-1.6661;-0.70534;2.2829
-1.6521;-0.69442;2.2945
-1.6373;-0.6829;2.3053
-1.6216;-0.67085;2.3153
-1.6052;-0.6583;2.3244
-1.5881;-0.64531;2.3325
-1.5704;-0.63193;2.3397
-1.5522;-0.61821;2.3459
-1.5334;-0.6042;2.3511
-1.5143;-0.58997;2.3553
-1.4949;-0.57556;2.3584
-1.4753;-0.56104;2.3605
-1.4554;-0.54646;2.3615
-1.4355;-0.53187;2.3615
-1.431;-0.56032;1.8191
-1.4482;-0.57622;1.8204
-1.4653;-0.592;1.8227
-1.4822;-0.6076;1.826
-1.499;-0.62295;1.8304
-1.5155;-0.638;1.8358
-1.5317;-0.65269;1.8422
-1.5475;-0.66696;1.8496
-1.5629;-0.68075;1.858
-1.5777;-0.69401;1.8673
-1.592;-0.70669;1.8774
-1.6056;-0.71873;1.8884
-1.6186;-0.73009;1.9002
-1.6308;-0.74073;1.9127
-1.6422;-0.75059;1.926
-1.6529;-0.75965;1.9399
-1.6626;-0.76787;1.9543
-1.6715;-0.77521;1.9693
-1.6794;-0.78165;1.9848
-1.6863;-0.78716;2.0008
-1.6923;-0.79172;2.017
-1.6972;-0.7953;2.0336
-1.7011;-0.79791;2.0503
-1.7039;-0.79952;2.0673
-1.7057;-0.80013;2.0843
-1.7063;-0.79973;2.1014
-1.7059;-0.79834;2.1184
-1.7045;-0.79595;2.1353
-1.7019;-0.79258;2.152
-1.6983;-0.78823;2.1684
-1.6937;-0.78292;2.1846
-1.688;-0.77669;2.2004
-1.6813;-0.76954;2.2158
-1.6736;-0.76151;2.2306
-1.665;-0.75263;2.2449
-1.6555;-0.74293;2.2586
-1.6451;-0.73246;2.2717
-1.6339;-0.72125;2.284
-1.6218;-0.70935;2.2955
-1.609;-0.69681;2.3063
-1.5956;-0.68367;2.3162
-1.5815;-0.66999;2.3252
-1.5668;-0.65582;2.3332
-1.5516;-0.64122;2.3404
-1.5359;-0.62624;2.3465
-1.5198;-0.61095;2.3516
-1.5033;-0.5954;2.3557
-1.4866;-0.57965;2.3587
-1.4697;-0.56378;2.3607
-1.4526;-0.54783;2.3616
-1.4355;-0.53187;2.3615
-1.431;-0.56032;1.8191
-1.4451;-0.57734;1.8204
-1.4592;-0.59423;1.8228
-1.4731;-0.61094;1.8263
-1.4869;-0.62738;1.8307
-1.5005;-0.64351;1.8362
-1.5138;-0.65925;1.8427
-1.5268;-0.67455;1.8502
-1.5395;-0.68934;1.8586
-1.5517;-0.70356;1.868
-1.5634;-0.71717;1.8782
-1.5747;-0.73009;1.8893
-1.5853;-0.74229;1.9011
-1.5954;-0.75372;1.9137
-1.6048;-0.76433;1.927
-1.6136;-0.77407;1.9409
-1.6216;-0.78292;1.9555
-1.6289;-0.79083;1.9705
-1.6355;-0.79778;1.986
-1.6412;-0.80373;2.002
-1.6461;-0.80867;2.0183
-1.6502;-0.81257;2.0349
-1.6534;-0.81541;2.0517
-1.6557;-0.8172;2.0686
-1.6572;-0.81792;2.0856
-1.6578;-0.81756;2.1027
-1.6575;-0.81613;2.1197
-1.6563;-0.81363;2.1366
-1.6542;-0.81008;2.1533
-1.6513;-0.80549;2.1697
-1.6475;-0.79988;2.1859
-1.6428;-0.79326;2.2016
-1.6374;-0.78567;2.217
-1.6311;-0.77713;2.2318
-1.624;-0.76768;2.2461
-1.6162;-0.75735;2.2597
-1.6077;-0.74619;2.2727
-1.5985;-0.73425;2.285
-1.5886;-0.72156;2.2964
-1.5781;-0.70817;2.3071
-1.567;-0.69415;2.317
-1.5554;-0.67954;2.3259
-1.5434;-0.66441;2.3339
-1.5309;-0.64881;2.3409
-1.518;-0.6328;2.347
-1.5048;-0.61646;2.352
-1.4913;-0.59983;2.356
-1.4775;-0.58299;2.359
-1.4636;-0.56601;2.3609
-1.4496;-0.54895;2.3617
-1.4355;-0.53187;2.3615
-1.431;-0.56032;1.8191
-1.4419;-0.57819;1.8205
-1.4527;-0.59593;1.823
-1.4634;-0.61347;1.8265
-1.474;-0.63075;1.831
-1.4844;-0.6477;1.8366
-1.4947;-0.66424;1.8432
-1.5047;-0.68032;1.8507
-1.5144;-0.69586;1.8592
-1.5238;-0.71082;1.8686
-1.5328;-0.72513;1.8789
-1.5414;-0.73872;1.89
-1.5497;-0.75156;1.9019
-1.5574;-0.76359;1.9145
-1.5647;-0.77476;1.9279
-1.5714;-0.78503;1.9419
-1.5776;-0.79435;1.9564
-1.5833;-0.8027;1.9715
-1.5883;-0.81003;1.9871
-1.5927;-0.81632;2.0031
-1.5965;-0.82155;2.0194
-1.5997;-0.82568;2.036
-1.6022;-0.82872;2.0528
-1.604;-0.83064;2.0697
-1.6052;-0.83143;2.0868
-1.6057;-0.8311;2.1038
-1.6055;-0.82964;2.1208
-1.6046;-0.82707;2.1377
-1.603;-0.82339;2.1544
-1.6008;-0.81861;2.1708
-1.5979;-0.81276;2.187
-1.5944;-0.80585;2.2027
-1.5902;-0.79792;2.218
-1.5854;-0.789;2.2328
-1.58;-0.77911;2.247
-1.5741;-0.76831;2.2606
-1.5675;-0.75663;2.2736
-1.5605;-0.74412;2.2858
-1.5529;-0.73083;2.2972
-1.5449;-0.71681;2.3079
-1.5364;-0.70211;2.3176
-1.5275;-0.6868;2.3265
-1.5183;-0.67093;2.3344
-1.5087;-0.65458;2.3414
-1.4988;-0.63779;2.3474
-1.4887;-0.62064;2.3524
-1.4783;-0.6032;2.3563
-1.4678;-0.58553;2.3592
-1.4571;-0.56771;2.361
-1.4463;-0.5498;2.3618
-1.4355;-0.53187;2.3615
-1.431;-0.56032;1.8191
-1.4384;-0.57876;1.8206
-1.4458;-0.59706;1.8231
-1.4531;-0.61517;1.8266
-1.4604;-0.633;1.8312
-1.4675;-0.65049;1.8369
-1.4745;-0.66757;1.8435
-1.4813;-0.68417;1.8511
-1.488;-0.70022;1.8596
-1.4944;-0.71567;1.8691
-1.5006;-0.73044;1.8794
-1.5065;-0.74449;1.8906
-1.5121;-0.75776;1.9025
-1.5175;-0.77019;1.9152
-1.5225;-0.78173;1.9286
-1.5271;-0.79235;1.9426
-1.5314;-0.80199;1.9572
-1.5352;-0.81063;1.9723
-1.5387;-0.81822;1.9879
-1.5418;-0.82474;2.0039
-1.5444;-0.83015;2.0202
-1.5466;-0.83445;2.0369
-1.5484;-0.83761;2.0537
-1.5497;-0.83961;2.0706
-1.5505;-0.84046;2.0877
-1.5509;-0.84015;2.1047
-1.5508;-0.83868;2.1217
-1.5502;-0.83605;2.1386
-1.5492;-0.83227;2.1553
-1.5477;-0.82737;2.1717
-1.5458;-0.82136;2.1878
-1.5434;-0.81426;2.2036
-1.5406;-0.80611;2.2188
-1.5374;-0.79692;2.2336
-1.5337;-0.78675;2.2478
-1.5297;-0.77563;2.2614
-1.5253;-0.7636;2.2743
-1.5205;-0.75071;2.2865
-1.5154;-0.73702;2.2979
-1.5099;-0.72257;2.3084
-1.5042;-0.70743;2.3182
-1.4982;-0.69165;2.327
-1.4919;-0.67529;2.3349
-1.4854;-0.65843;2.3418
-1.4786;-0.64112;2.3477
-1.4717;-0.62344;2.3527
-1.4647;-0.60545;2.3565
-1.4575;-0.58723;2.3594
-1.4502;-0.56884;2.3611
-1.4429;-0.55037;2.3618
-1.4355;-0.53187;2.3615
-1.431;-0.56032;1.8191
-1.4349;-0.57903;1.8206
-1.4387;-0.59762;1.8232
-1.4425;-0.616;1.8268
-1.4463;-0.6341;1.8314
-1.45;-0.65186;1.8371
-1.4536;-0.66919;1.8437
-1.4572;-0.68605;1.8514
-1.4607;-0.70235;1.86
-1.464;-0.71803;1.8695
-1.4673;-0.73304;1.8798
-1.4704;-0.7473;1.891
-1.4733;-0.76078;1.903
-1.4761;-0.7734;1.9157
-1.4788;-0.78513;1.9291
-1.4812;-0.79592;1.9432
-1.4835;-0.80572;1.9578
-1.4856;-0.81449;1.9729
-1.4874;-0.82221;1.9885
-1.4891;-0.82884;2.0046
-1.4905;-0.83435;2.0209
-1.4917;-0.83872;2.0375
-1.4927;-0.84194;2.0544
-1.4934;-0.84399;2.0713
-1.4939;-0.84486;2.0884
-1.4942;-0.84456;2.1054
-1.4942;-0.84308;2.1224
-1.494;-0.84042;2.1393
-1.4935;-0.83661;2.156
-1.4928;-0.83165;2.1724
-1.4919;-0.82556;2.1885
-1.4907;-0.81836;2.2042
-1.4893;-0.8101;2.2195
-1.4877;-0.80079;2.2342
-1.4859;-0.79048;2.2484
-1.4839;-0.7792;2.2619
-1.4816;-0.767;2.2748
-1.4792;-0.75393;2.287
-1.4766;-0.74004;2.2983
-1.4738;-0.72538;2.3089
-1.4709;-0.71002;2.3186
-1.4678;-0.69401;2.3274
-1.4646;-0.67742;2.3352
-1.4612;-0.66031;2.3421
-1.4578;-0.64274;2.348
-1.4542;-0.6248;2.3529
-1.4506;-0.60655;2.3567
-1.4469;-0.58805;2.3595
-1.4431;-0.56939;2.3612
-1.4393;-0.55064;2.3619
-1.4355;-0.53187;2.3615
-1.431;-0.56032;1.8191
-1.4313;-0.57902;1.8206
-1.4315;-0.59758;1.8232
-1.4317;-0.61594;1.8269
-1.4319;-0.63403;1.8315
-1.4322;-0.65176;1.8372
-1.4324;-0.66908;1.8439
-1.4326;-0.68592;1.8516
-1.4329;-0.7022;1.8602
-1.4331;-0.71787;1.8697
-1.4334;-0.73286;1.8801
-1.4336;-0.74712;1.8913
-1.4339;-0.76057;1.9033
-1.4341;-0.77319;1.916
-1.4344;-0.7849;1.9295
-1.4346;-0.79568;1.9435
-1.4348;-0.80547;1.9582
-1.4351;-0.81423;1.9733
-1.4353;-0.82194;1.989
-1.4355;-0.82856;2.005
-1.4357;-0.83407;2.0213
-1.4359;-0.83843;2.038
-1.4361;-0.84165;2.0548
-1.4362;-0.8437;2.0718
-1.4364;-0.84457;2.0888
-1.4366;-0.84426;2.1059
-1.4367;-0.84278;2.1229
-1.4368;-0.84013;2.1398
-1.4369;-0.83632;2.1564
-1.437;-0.83136;2.1729
-1.4371;-0.82527;2.1889
-1.4371;-0.81809;2.2046
-1.4372;-0.80983;2.2199
-1.4372;-0.80053;2.2346
-1.4372;-0.79023;2.2488
-1.4372;-0.77896;2.2623
-1.4372;-0.76677;2.2752
-1.4372;-0.75371;2.2873
-1.4371;-0.73984;2.2987
-1.4371;-0.7252;2.3092
-1.437;-0.70985;2.3188
-1.4369;-0.69385;2.3276
-1.4368;-0.67728;2.3354
-1.4367;-0.66018;2.3423
-1.4366;-0.64264;2.3482
-1.4364;-0.62471;2.353
-1.4362;-0.60647;2.3568
-1.4361;-0.588;2.3596
-1.4359;-0.56936;2.3613
-1.4357;-0.55062;2.3619
-1.4355;-0.53187;2.3615
-1.431;-0.56032;1.8191
-1.4276;-0.5787;1.8207
-1.4242;-0.59695;1.8232
-1.4209;-0.615;1.8269
-1.4176;-0.63278;1.8316
-1.4143;-0.65022;1.8373
-1.4112;-0.66724;1.844
-1.4081;-0.68379;1.8517
-1.4051;-0.6998;1.8603
-1.4022;-0.71519;1.8698
-1.3995;-0.72992;1.8802
-1.3969;-0.74393;1.8914
-1.3944;-0.75715;1.9035
-1.3921;-0.76954;1.9162
-1.3899;-0.78105;1.9296
-1.3879;-0.79164;1.9437
-1.3861;-0.80125;1.9584
-1.3845;-0.80985;1.9735
-1.3831;-0.81742;1.9892
-1.3819;-0.82391;2.0052
-1.3808;-0.82931;2.0215
-1.38;-0.83359;2.0382
-1.3794;-0.83674;2.055
-1.379;-0.83874;2.072
-1.3788;-0.83958;2.0891
-1.3789;-0.83927;2.1061
-1.3791;-0.83779;2.1231
-1.3796;-0.83517;2.14
-1.3802;-0.83141;2.1566
-1.3811;-0.82652;2.1731
-1.3822;-0.82052;2.1891
-1.3835;-0.81344;2.2048
-1.385;-0.80531;2.2201
-1.3867;-0.79615;2.2348
-1.3885;-0.78601;2.249
-1.3906;-0.77491;2.2625
-1.3928;-0.76292;2.2753
-1.3951;-0.75007;2.2875
-1.3977;-0.73642;2.2988
-1.4003;-0.72201;2.3093
-1.4031;-0.70691;2.319
-1.406;-0.69118;2.3277
-1.409;-0.67487;2.3355
-1.4121;-0.65805;2.3424
-1.4153;-0.6408;2.3482
-1.4186;-0.62316;2.3531
-1.4219;-0.60523;2.3569
-1.4253;-0.58706;2.3596
-1.4287;-0.56873;2.3613
-1.4321;-0.55031;2.3619
-1.4355;-0.53187;2.3615
-1.431;-0.56032;1.8191
-1.4241;-0.5781;1.8207
-1.4171;-0.59575;1.8232
-1.4102;-0.6132;1.8269
-1.4034;-0.63039;1.8316
-1.3968;-0.64725;1.8373
-1.3903;-0.6637;1.844
-1.3839;-0.6797;1.8517
-1.3777;-0.69516;1.8603
-1.3718;-0.71004;1.8698
-1.3661;-0.72427;1.8802
-1.3607;-0.7378;1.8914
-1.3555;-0.75057;1.9034
-1.3507;-0.76253;1.9162
-1.3461;-0.77364;1.9296
-1.342;-0.78385;1.9437
-1.3382;-0.79312;1.9583
-1.3347;-0.80142;1.9735
-1.3317;-0.80871;1.9891
-1.329;-0.81497;2.0051
-1.3268;-0.82016;2.0215
-1.325;-0.82427;2.0381
-1.3236;-0.82729;2.055
-1.3226;-0.82919;2.072
-1.3221;-0.82998;2.089
-1.322;-0.82964;2.1061
-1.3224;-0.82819;2.1231
-1.3232;-0.82562;2.1399
-1.3244;-0.82196;2.1566
-1.3261;-0.8172;2.173
-1.3282;-0.81137;2.1891
-1.3307;-0.8045;2.2048
-1.3336;-0.7966;2.22
-1.3369;-0.78772;2.2348
-1.3405;-0.77788;2.2489
-1.3446;-0.76713;2.2625
-1.349;-0.75551;2.2753
-1.3537;-0.74306;2.2874
-1.3588;-0.72983;2.2988
-1.3641;-0.71588;2.3093
-1.3697;-0.70125;2.3189
-1.3756;-0.68602;2.3277
-1.3816;-0.67023;2.3355
-1.3879;-0.65396;2.3424
-1.3944;-0.63725;2.3482
-1.401;-0.62019;2.3531
-1.4078;-0.60284;2.3569
-1.4146;-0.58526;2.3596
-1.4215;-0.56752;2.3613
-1.4285;-0.54971;2.3619
-1.4355;-0.53187;2.3615
-1.431;-0.56032;1.8191
-1.4206;-0.57721;1.8206
-1.4102;-0.59398;1.8232
-1.3999;-0.61056;1.8268
-1.3898;-0.62688;1.8315
-1.3798;-0.64289;1.8372
-1.37;-0.65851;1.8439
-1.3604;-0.67369;1.8515
-1.3512;-0.68837;1.8601
-1.3423;-0.70249;1.8696
-1.3337;-0.71599;1.88
-1.3255;-0.72881;1.8912
-1.3178;-0.74092;1.9032
-1.3105;-0.75226;1.916
-1.3037;-0.76278;1.9294
-1.2974;-0.77245;1.9434
-1.2917;-0.78123;1.9581
-1.2865;-0.78907;1.9732
-1.2818;-0.79596;1.9889
-1.2778;-0.80186;2.0049
-1.2744;-0.80676;2.0212
-1.2716;-0.81062;2.0379
-1.2695;-0.81344;2.0547
-1.268;-0.81521;2.0717
-1.2672;-0.81591;2.0887
-1.267;-0.81555;2.1058
-1.2674;-0.81413;2.1228
-1.2686;-0.81164;2.1397
-1.2703;-0.80811;2.1563
-1.2727;-0.80355;2.1727
-1.2758;-0.79797;2.1888
-1.2795;-0.79139;2.2045
-1.2837;-0.78385;2.2198
-1.2886;-0.77537;2.2345
-1.2941;-0.76598;2.2487
-1.3;-0.75573;2.2622
-1.3066;-0.74465;2.2751
-1.3136;-0.73278;2.2872
-1.3211;-0.72018;2.2986
-1.329;-0.70689;2.3091
-1.3373;-0.69297;2.3188
-1.346;-0.67847;2.3276
-1.3551;-0.66344;2.3354
-1.3645;-0.64795;2.3423
-1.3741;-0.63206;2.3481
-1.384;-0.61584;2.353
-1.3941;-0.59933;2.3568
-1.4043;-0.58262;2.3596
-1.4146;-0.56576;2.3613
-1.4251;-0.54882;2.3619
-1.4355;-0.53187;2.3615
-1.431;-0.56032;1.8191
-1.4173;-0.57606;1.8206
-1.4036;-0.59168;1.8231
-1.3901;-0.60712;1.8267
-1.3767;-0.62232;1.8314
-1.3636;-0.63722;1.837
-1.3507;-0.65176;1.8437
-1.3381;-0.66588;1.8513
-1.3259;-0.67954;1.8599
-1.3142;-0.69266;1.8694
-1.3029;-0.7052;1.8797
-1.2921;-0.71712;1.8909
-1.2819;-0.72836;1.9029
-1.2723;-0.73889;1.9156
-1.2633;-0.74865;1.929
-1.255;-0.75761;1.943
-1.2474;-0.76574;1.9576
-1.2405;-0.773;1.9728
-1.2344;-0.77936;1.9884
-1.2291;-0.78481;2.0044
-1.2245;-0.78931;2.0207
-1.2208;-0.79286;2.0374
-1.218;-0.79542;2.0542
-1.216;-0.79701;2.0712
-1.2148;-0.7976;2.0882
-1.2145;-0.79721;2.1053
-1.2151;-0.79582;2.1223
-1.2165;-0.79344;2.1391
-1.2188;-0.79009;2.1558
-1.2219;-0.78578;2.1722
-1.2259;-0.78052;2.1883
-1.2307;-0.77434;2.204
-1.2363;-0.76725;2.2193
-1.2426;-0.75929;2.234
-1.2498;-0.75049;2.2482
-1.2576;-0.74089;2.2618
-1.2661;-0.73051;2.2747
-1.2753;-0.71941;2.2868
-1.2851;-0.70763;2.2982
-1.2955;-0.6952;2.3088
-1.3065;-0.68219;2.3185
-1.3179;-0.66864;2.3273
-1.3298;-0.65461;2.3351
-1.3421;-0.64014;2.342
-1.3548;-0.62531;2.3479
-1.3678;-0.61017;2.3528
-1.381;-0.59477;2.3567
-1.3945;-0.57918;2.3595
-1.4081;-0.56346;2.3612
-1.4218;-0.54767;2.3619
-1.4355;-0.53187;2.3615
-1.431;-0.56032;1.8191
-1.4142;-0.57466;1.8206
-1.3975;-0.58889;1.823
-1.3809;-0.60294;1.8266
-1.3645;-0.61678;1.8312
-1.3484;-0.63033;1.8368
-1.3326;-0.64355;1.8434
-1.3172;-0.65639;1.851
-1.3023;-0.66879;1.8595
-1.2879;-0.68071;1.869
-1.2741;-0.69209;1.8793
-1.2609;-0.7029;1.8904
-1.2484;-0.7131;1.9023
-1.2366;-0.72263;1.915
-1.2255;-0.73146;1.9284
-1.2153;-0.73957;1.9424
-1.206;-0.74691;1.957
-1.1976;-0.75345;1.9721
-1.19;-0.75918;1.9877
-1.1835;-0.76407;2.0037
-1.1779;-0.7681;2.02
-1.1734;-0.77125;2.0366
-1.1698;-0.77352;2.0534
-1.1673;-0.77488;2.0704
-1.1659;-0.77535;2.0874
-1.1655;-0.7749;2.1045
-1.1662;-0.77356;2.1215
-1.1679;-0.77132;2.1384
-1.1707;-0.76819;2.1551
-1.1745;-0.76418;2.1715
-1.1793;-0.75931;2.1876
-1.1851;-0.7536;2.2033
-1.1919;-0.74707;2.2186
-1.1997;-0.73975;2.2334
-1.2084;-0.73166;2.2476
-1.218;-0.72285;2.2612
-1.2284;-0.71333;2.2741
-1.2396;-0.70315;2.2863
-1.2516;-0.69236;2.2977
-1.2643;-0.68098;2.3083
-1.2777;-0.66908;2.318
-1.2917;-0.65669;2.3269
-1.3062;-0.64386;2.3348
-1.3213;-0.63065;2.3417
-1.3368;-0.6171;2.3476
-1.3527;-0.60328;2.3526
-1.3688;-0.58922;2.3565
-1.3853;-0.575;2.3593
-1.4019;-0.56066;2.3611
-1.4187;-0.54627;2.3618
-1.4355;-0.53187;2.3615
-1.431;-0.56032;1.8191
-1.4114;-0.57303;1.8205
-1.3919;-0.58564;1.8229
-1.3725;-0.59809;1.8264
-1.3534;-0.61033;1.8309
-1.3346;-0.62232;1.8365
-1.3161;-0.63401;1.843
-1.2982;-0.64536;1.8506
-1.2808;-0.65631;1.859
-1.2639;-0.66682;1.8684
-1.2478;-0.67686;1.8787
-1.2323;-0.68639;1.8898
-1.2177;-0.69536;1.9017
-1.2039;-0.70374;1.9143
-1.191;-0.7115;1.9276
-1.1791;-0.7186;1.9416
-1.1682;-0.72503;1.9562
-1.1583;-0.73075;1.9712
-1.1495;-0.73574;1.9868
-1.1419;-0.73998;2.0028
-1.1353;-0.74346;2.0191
-1.13;-0.74616;2.0357
-1.1259;-0.74806;2.0525
-1.1229;-0.74918;2.0694
-1.1212;-0.74949;2.0865
-1.1207;-0.74899;2.1035
-1.1215;-0.7477;2.1205
-1.1235;-0.74561;2.1374
-1.1267;-0.74273;2.1541
-1.1311;-0.73908;2.1705
-1.1367;-0.73467;2.1867
-1.1435;-0.72951;2.2024
-1.1514;-0.72363;2.2177
-1.1605;-0.71704;2.2325
-1.1706;-0.70979;2.2467
-1.1817;-0.70188;2.2604
-1.1939;-0.69336;2.2733
-1.207;-0.68427;2.2855
-1.221;-0.67462;2.297
-1.2358;-0.66447;2.3077
-1.2514;-0.65385;2.3174
-1.2677;-0.6428;2.3263
-1.2847;-0.63138;2.3343
-1.3022;-0.61962;2.3413
-1.3203;-0.60756;2.3473
-1.3388;-0.59527;2.3523
-1.3577;-0.58278;2.3562
-1.3769;-0.57014;2.3591
-1.3963;-0.55742;2.361
-1.4159;-0.54464;2.3618
-1.4355;-0.53187;2.3615
-1.431;-0.56032;1.8191
-1.4089;-0.57121;1.8204
-1.3869;-0.58199;1.8228
-1.3651;-0.59263;1.8262
-1.3435;-0.60309;1.8306
-1.3223;-0.61333;1.8361
-1.3015;-0.6233;1.8426
-1.2812;-0.63296;1.8501
-1.2616;-0.64228;1.8585
-1.2426;-0.65123;1.8678
-1.2243;-0.65975;1.878
-1.2069;-0.66783;1.889
-1.1904;-0.67543;1.9008
-1.1749;-0.68252;1.9134
-1.1603;-0.68907;1.9267
-1.1469;-0.69505;1.9406
-1.1346;-0.70045;1.9551
-1.1234;-0.70524;1.9702
-1.1135;-0.7094;1.9857
-1.1048;-0.71291;2.0016
-1.0974;-0.71577;2.0179
-1.0914;-0.71796;2.0345
-1.0867;-0.71947;2.0513
-1.0834;-0.72029;2.0682
-1.0814;-0.72043;2.0853
-1.0809;-0.71988;2.1023
-1.0817;-0.71865;2.1193
-1.0839;-0.71673;2.1362
-1.0875;-0.71414;2.1529
-1.0925;-0.71088;2.1694
-1.0988;-0.70698;2.1855
-1.1065;-0.70244;2.2013
-1.1154;-0.69729;2.2166
-1.1256;-0.69153;2.2315
-1.1369;-0.68521;2.2457
-1.1495;-0.67833;2.2594
-1.1632;-0.67093;2.2724
-1.1779;-0.66304;2.2847
-1.1937;-0.65469;2.2962
-1.2104;-0.64591;2.3069
-1.228;-0.63674;2.3167
-1.2463;-0.62721;2.3257
-1.2655;-0.61735;2.3337
-1.2853;-0.60722;2.3408
-1.3056;-0.59685;2.3468
-1.3265;-0.58627;2.3519
-1.3478;-0.57554;2.3559
-1.3694;-0.56469;2.3589
-1.3913;-0.55377;2.3608
-1.4134;-0.54281;2.3617
-1.4355;-0.53187;2.3615
-1.431;-0.56032;1.8191
-1.4068;-0.56921;1.8203
-1.3826;-0.578;1.8226
-1.3586;-0.58667;1.8259
-1.3349;-0.59517;1.8303
-1.3117;-0.60348;1.8357
-1.2889;-0.61157;1.8421
-1.2666;-0.6194;1.8495
-1.245;-0.62694;1.8578
-1.2242;-0.63416;1.867
-1.2042;-0.64103;1.8772
-1.1851;-0.64753;1.8881
-1.1669;-0.65363;1.8999
-1.1499;-0.6593;1.9124
-1.1339;-0.66452;1.9256
-1.1191;-0.66928;1.9395
-1.1056;-0.67356;1.954
-1.0934;-0.67733;1.969
-1.0824;-0.68058;1.9844
-1.0729;-0.6833;2.0003
-1.0648;-0.68548;2.0166
-1.0582;-0.68711;2.0331
-1.053;-0.68818;2.0499
-1.0494;-0.68869;2.0668
-1.0472;-0.68864;2.0839
-1.0466;-0.68803;2.1009
-1.0475;-0.68686;2.1179
-1.0499;-0.68513;2.1348
-1.0539;-0.68285;2.1515
-1.0593;-0.68003;2.168
-1.0662;-0.67669;2.1842
-1.0746;-0.67283;2.2
-1.0843;-0.66847;2.2154
-1.0955;-0.66362;2.2302
-1.108;-0.65831;2.2446
-1.1218;-0.65256;2.2583
-1.1368;-0.64639;2.2713
-1.1529;-0.63982;2.2837
-1.1702;-0.63289;2.2952
-1.1885;-0.62561;2.306
-1.2078;-0.61802;2.3159
-1.228;-0.61014;2.3249
-1.2489;-0.60201;2.333
-1.2707;-0.59366;2.3402
-1.293;-0.58512;2.3463
-1.3159;-0.57643;2.3515
-1.3393;-0.56762;2.3556
-1.363;-0.55872;2.3586
-1.387;-0.54978;2.3607
-1.4112;-0.54081;2.3616
-1.4355;-0.53187;2.3615
-1.431;-0.56032;1.8191
-1.405;-0.56706;1.8202
-1.3791;-0.57373;1.8224
-1.3533;-0.58028;1.8256
-1.3279;-0.58669;1.8299
-1.3029;-0.59295;1.8352
-1.2785;-0.59902;1.8415
-1.2546;-0.60488;1.8488
-1.2315;-0.61052;1.857
-1.2091;-0.61589;1.8662
-1.1876;-0.62099;1.8762
-1.1671;-0.6258;1.8871
-1.1476;-0.63029;1.8988
-1.1293;-0.63445;1.9113
-1.1122;-0.63826;1.9244
-1.0963;-0.6417;1.9382
-1.0818;-0.64477;1.9527
-1.0686;-0.64745;1.9676
-1.0569;-0.64973;1.983
-1.0467;-0.6516;1.9989
-1.038;-0.65306;2.0151
-1.0309;-0.65409;2.0316
-1.0253;-0.65469;2.0484
-1.0214;-0.65487;2.0653
-1.0191;-0.65462;2.0823
-1.0184;-0.65394;2.0994
-1.0194;-0.65283;2.1164
-1.022;-0.65131;2.1333
-1.0262;-0.64936;2.15
-1.032;-0.64701;2.1665
-1.0394;-0.64427;2.1827
-1.0484;-0.64113;2.1985
-1.0588;-0.63762;2.214
-1.0708;-0.63375;2.2289
-1.0842;-0.62953;2.2432
-1.0989;-0.62498;2.257
-1.115;-0.62012;2.2701
-1.1324;-0.61497;2.2825
-1.1509;-0.60955;2.2942
-1.1705;-0.60388;2.305
-1.1912;-0.59798;2.315
-1.2129;-0.59187;2.3241
-1.2354;-0.58559;2.3323
-1.2586;-0.57914;2.3395
-1.2826;-0.57257;2.3458
-1.3072;-0.5659;2.351
-1.3323;-0.55914;2.3552
-1.3577;-0.55233;2.3584
-1.3835;-0.5455;2.3605
-1.4094;-0.53867;2.3615
-1.4355;-0.53187;2.3615
-1.431;-0.56032;1.8191
-1.4036;-0.56482;1.8201
-1.3763;-0.56924;1.8222
-1.3493;-0.57357;1.8253
-1.3226;-0.57779;1.8295
-1.2963;-0.58189;1.8347
-1.2705;-0.58585;1.8409
-1.2454;-0.58965;1.8481
-1.221;-0.59327;1.8562
-1.1975;-0.59671;1.8653
-1.1749;-0.59996;1.8752
-1.1533;-0.60298;1.8861
-1.1328;-0.60579;1.8977
-1.1135;-0.60836;1.91
-1.0955;-0.61068;1.9231
-1.0788;-0.61275;1.9369
-1.0635;-0.61455;1.9512
-1.0497;-0.61609;1.9661
-1.0373;-0.61735;1.9815
-1.0266;-0.61833;1.9973
-1.0174;-0.61902;2.0135
-1.0099;-0.61942;2.03
-1.0041;-0.61954;2.0467
-0.99992;-0.61936;2.0636
-0.99748;-0.6189;2.0806
-0.99675;-0.61815;2.0977
-0.99776;-0.61711;2.1147
-1.0005;-0.6158;2.1316
-1.0049;-0.61421;2.1483
-1.011;-0.61235;2.1649
-1.0188;-0.61023;2.1811
-1.0282;-0.60785;2.197
-1.0392;-0.60524;2.2124
-1.0518;-0.60238;2.2274
-1.0659;-0.59931;2.2418
-1.0814;-0.59603;2.2556
-1.0984;-0.59255;2.2688
-1.1166;-0.58888;2.2813
-1.1361;-0.58505;2.293
-1.1567;-0.58107;2.3039
-1.1785;-0.57694;2.314
-1.2013;-0.5727;2.3232
-1.2249;-0.56834;2.3315
-1.2494;-0.56391;2.3388
-1.2747;-0.5594;2.3451
-1.3005;-0.55484;2.3505
-1.3269;-0.55024;2.3548
-1.3537;-0.54563;2.358
-1.3808;-0.54102;2.3602
-1.4081;-0.53643;2.3614
-1.4355;-0.53187;2.3615
-1.431;-0.56032;1.8191
-1.4027;-0.5625;1.82
-1.3745;-0.56461;1.822
-1.3465;-0.56665;1.825
-1.3189;-0.56861;1.829
-1.2917;-0.57048;1.8341
-1.2651;-0.57225;1.8402
-1.2391;-0.57392;1.8473
-1.2139;-0.57548;1.8553
-1.1896;-0.57693;1.8643
-1.1662;-0.57825;1.8742
-1.1439;-0.57945;1.8849
-1.1227;-0.58051;1.8964
-1.1028;-0.58144;1.9087
-1.0841;-0.58223;1.9217
-1.0669;-0.58287;1.9354
-1.051;-0.58338;1.9497
-1.0367;-0.58373;1.9645
-1.024;-0.58393;1.9799
-1.0129;-0.58399;1.9956
-1.0034;-0.5839;2.0118
-0.99561;-0.58366;2.0282
-0.98956;-0.58326;2.0449
-0.98527;-0.58273;2.0618
-0.98274;-0.58205;2.0788
-0.98199;-0.58122;2.0958
-0.98302;-0.58026;2.1129
-0.98583;-0.57916;2.1298
-0.9904;-0.57793;2.1466
-0.99672;-0.57658;2.1631
-1.0048;-0.57511;2.1794
-1.0145;-0.57352;2.1953
-1.0259;-0.57182;2.2108
-1.0389;-0.57002;2.2258
-1.0534;-0.56813;2.2403
-1.0695;-0.56615;2.2542
-1.087;-0.56409;2.2674
-1.1058;-0.56197;2.28
-1.126;-0.55977;2.2918
-1.1473;-0.55753;2.3028
-1.1698;-0.55524;2.3129
-1.1933;-0.55291;2.3222
-1.2178;-0.55055;2.3306
-1.2431;-0.54818;2.338
-1.2692;-0.5458;2.3445
-1.2959;-0.54342;2.3499
-1.3232;-0.54106;2.3543
-1.3509;-0.53871;2.3577
-1.3789;-0.53639;2.36
-1.4072;-0.53411;2.3613
-1.4355;-0.53187;2.3615
-1.431;-0.56032;1.8191
-1.4022;-0.56015;1.8199
-1.3735;-0.55991;1.8217
-1.3451;-0.55963;1.8246
-1.317;-0.55929;1.8286
-1.2893;-0.5589;1.8335
-1.2623;-0.55845;1.8395
-1.2358;-0.55796;1.8465
-1.2102;-0.55743;1.8544
-1.1855;-0.55684;1.8633
-1.1617;-0.55622;1.8731
-1.139;-0.55555;1.8837
-1.1175;-0.55485;1.8951
-1.0972;-0.55412;1.9073
-1.0782;-0.55335;1.9203
-1.0607;-0.55255;1.9339
-1.0446;-0.55173;1.9481
-1.03;-0.55088;1.9629
-1.0171;-0.55002;1.9781
-1.0057;-0.54914;1.9939
-0.99611;-0.54825;2.01
-0.9882;-0.54735;2.0264
-0.98205;-0.54645;2.0431
-0.97768;-0.54554;2.0599
-0.9751;-0.54464;2.0769
-0.97434;-0.54374;2.0939
-0.97538;-0.54285;2.111
-0.97824;-0.54198;2.1279
-0.98288;-0.54112;2.1447
-0.98931;-0.54028;2.1613
-0.99749;-0.53946;2.1776
-1.0074;-0.53867;2.1935
-1.019;-0.53791;2.2091
-1.0322;-0.53718;2.2241
-1.047;-0.53649;2.2387
-1.0633;-0.53583;2.2526
-1.0811;-0.53521;2.266
-1.1002;-0.53464;2.2786
-1.1207;-0.53412;2.2905
-1.1425;-0.53364;2.3016
-1.1653;-0.5332;2.3118
-1.1892;-0.53283;2.3212
-1.2141;-0.5325;2.3297
-1.2399;-0.53222;2.3372
-1.2664;-0.53201;2.3438
-1.2936;-0.53184;2.3493
-1.3213;-0.53173;2.3538
-1.3495;-0.53168;2.3573
-1.378;-0.53169;2.3598
-1.4067;-0.53175;2.3612
-1.4355;-0.53187;2.3615
-1.431;-0.56032;1.8191
-1.4022;-0.55779;1.8198
-1.3735;-0.55522;1.8215
-1.345;-0.55261;1.8242
-1.3169;-0.54998;1.8281
-1.2892;-0.54733;1.8329
-1.2621;-0.54467;1.8388
-1.2357;-0.54202;1.8457
-1.21;-0.53939;1.8535
-1.1853;-0.53678;1.8622
-1.1615;-0.53421;1.8719
-1.1388;-0.53169;1.8824
-1.1172;-0.52922;1.8938
-1.0969;-0.52682;1.9059
-1.0779;-0.5245;1.9187
-1.0603;-0.52226;1.9323
-1.0442;-0.52011;1.9464
-1.0297;-0.51807;1.9611
-1.0167;-0.51614;1.9764
-1.0054;-0.51433;1.992
-0.99572;-0.51264;2.0081
-0.9878;-0.51108;2.0245
-0.98164;-0.50967;2.0411
-0.97727;-0.50839;2.058
-0.97469;-0.50727;2.075
-0.97393;-0.5063;2.092
-0.97497;-0.50548;2.109
-0.97783;-0.50483;2.126
-0.98248;-0.50434;2.1428
-0.98891;-0.50401;2.1594
-0.9971;-0.50385;2.1757
-1.007;-0.50386;2.1917
-1.0186;-0.50403;2.2073
-1.0318;-0.50437;2.2224
-1.0466;-0.50487;2.237
-1.063;-0.50554;2.251
-1.0808;-0.50636;2.2644
-1.0999;-0.50735;2.2771
-1.1205;-0.50848;2.2891
-1.1422;-0.50977;2.3003
-1.1651;-0.5112;2.3107
-1.189;-0.51276;2.3202
-1.2139;-0.51446;2.3287
-1.2397;-0.51628;2.3364
-1.2662;-0.51822;2.343
-1.2934;-0.52027;2.3487
-1.3212;-0.52242;2.3534
-1.3494;-0.52467;2.357
-1.3779;-0.527;2.3595
-1.4067;-0.5294;2.361
-1.4355;-0.53187;2.3615
-1.431;-0.56032;1.8191
-1.4026;-0.55548;1.8196
-1.3743;-0.55061;1.8212
-1.3463;-0.54571;1.8239
-1.3186;-0.54082;1.8276
-1.2913;-0.53595;1.8323
-1.2646;-0.53112;1.8381
-1.2386;-0.52635;1.8448
-1.2133;-0.52165;1.8525
-1.1889;-0.51705;1.8612
-1.1655;-0.51257;1.8707
-1.1431;-0.50822;1.8812
-1.1219;-0.50402;1.8924
-1.1019;-0.49998;1.9045
-1.0832;-0.49613;1.9172
-1.0659;-0.49247;1.9307
-1.05;-0.48903;1.9447
-1.0357;-0.48581;1.9594
-1.0229;-0.48283;1.9746
-1.0117;-0.4801;1.9902
-1.0022;-0.47763;2.0062
-0.99442;-0.47542;2.0226
-0.98836;-0.4735;2.0392
-0.98405;-0.47187;2.056
-0.98151;-0.47052;2.073
-0.98076;-0.46948;2.09
-0.98179;-0.46874;2.107
-0.98461;-0.4683;2.124
-0.98919;-0.46817;2.1408
-0.99553;-0.46835;2.1574
-1.0036;-0.46883;2.1738
-1.0134;-0.46962;2.1898
-1.0248;-0.47072;2.2055
-1.0378;-0.4721;2.2207
-1.0524;-0.47379;2.2353
-1.0685;-0.47575;2.2494
-1.086;-0.478;2.2629
-1.1049;-0.48051;2.2757
-1.1251;-0.48328;2.2878
-1.1465;-0.4863;2.299
-1.1691;-0.48956;2.3095
-1.1927;-0.49303;2.3191
-1.2172;-0.49672;2.3278
-1.2426;-0.50061;2.3355
-1.2688;-0.50467;2.3423
-1.2956;-0.50889;2.3481
-1.3229;-0.51327;2.3529
-1.3507;-0.51777;2.3566
-1.3788;-0.52238;2.3593
-1.4071;-0.52709;2.3609
-1.4355;-0.53187;2.3615
-1.431;-0.56032;1.8191
-1.4035;-0.55325;1.8195
-1.3761;-0.54614;1.821
-1.3489;-0.53904;1.8235
-1.322;-0.53197;1.8271
-1.2956;-0.52495;1.8317
-1.2698;-0.51801;1.8373
-1.2445;-0.51118;1.844
-1.22;-0.5045;1.8516
-1.1964;-0.49797;1.8601
-1.1737;-0.49164;1.8696
-1.152;-0.48552;1.8799
-1.1314;-0.47964;1.8911
-1.1121;-0.47403;1.903
-1.0939;-0.46869;1.9157
-1.0772;-0.46367;1.9291
-1.0618;-0.45896;1.9431
-1.0479;-0.45461;1.9577
-1.0355;-0.45061;1.9728
-1.0247;-0.44699;1.9883
-1.0155;-0.44376;2.0043
-1.0079;-0.44094;2.0206
-1.0021;-0.43853;2.0372
-0.9979;-0.43654;2.054
-0.99545;-0.43499;2.071
-0.99473;-0.43387;2.088
-0.99573;-0.4332;2.105
-0.99846;-0.43297;2.122
-1.0029;-0.43319;2.1389
-1.0091;-0.43386;2.1555
-1.0169;-0.43497;2.1719
-1.0263;-0.43652;2.188
-1.0374;-0.4385;2.2037
-1.05;-0.4409;2.2189
-1.0642;-0.44372;2.2337
-1.0798;-0.44694;2.2478
-1.0968;-0.45056;2.2614
-1.1151;-0.45455;2.2743
-1.1347;-0.45891;2.2864
-1.1554;-0.4636;2.2978
-1.1773;-0.46863;2.3083
-1.2002;-0.47395;2.318
-1.224;-0.47957;2.3268
-1.2486;-0.48544;2.3347
-1.2739;-0.49156;2.3416
-1.2999;-0.49789;2.3475
-1.3264;-0.50441;2.3524
-1.3533;-0.5111;2.3562
-1.3805;-0.51792;2.359
-1.408;-0.52486;2.3608
-1.4355;-0.53187;2.3615
-1.431;-0.56032;1.8191
-1.4048;-0.55112;1.8194
-1.3787;-0.5419;1.8207
-1.3528;-0.5327;1.8231
-1.3272;-0.52355;1.8266
-1.3021;-0.51449;1.8311
-1.2774;-0.50555;1.8366
-1.2534;-0.49678;1.8431
-1.2301;-0.4882;1.8506
-1.2076;-0.47984;1.8591
-1.186;-0.47175;1.8684
-1.1653;-0.46395;1.8787
-1.1457;-0.45648;1.8897
-1.1273;-0.44936;1.9016
-1.11;-0.44262;1.9142
-1.0941;-0.43629;1.9275
-1.0794;-0.43039;1.9414
-1.0662;-0.42495;1.956
-1.0544;-0.41999;1.971
-1.0441;-0.41553;1.9865
-1.0354;-0.41158;2.0025
-1.0282;-0.40816;2.0188
-1.0226;-0.40529;2.0353
-1.0186;-0.40297;2.0521
-1.0163;-0.40122;2.069
-1.0156;-0.40003;2.0861
-1.0166;-0.39943;2.1031
-1.0192;-0.3994;2.1201
-1.0234;-0.39996;2.137
-1.0293;-0.40109;2.1536
-1.0367;-0.40279;2.1701
-1.0458;-0.40506;2.1862
-1.0563;-0.40788;2.2019
-1.0683;-0.41125;2.2172
-1.0818;-0.41515;2.232
-1.0967;-0.41957;2.2463
-1.1129;-0.42449;2.2599
-1.1303;-0.42989;2.2728
-1.149;-0.43574;2.2851
-1.1688;-0.44203;2.2965
-1.1896;-0.44874;2.3072
-1.2114;-0.45582;2.317
-1.234;-0.46327;2.3259
-1.2575;-0.47104;2.3339
-1.2816;-0.4791;2.3409
-1.3063;-0.48743;2.3469
-1.3316;-0.496;2.3519
-1.3572;-0.50476;2.3559
-1.3831;-0.51368;2.3588
-1.4093;-0.52273;2.3607
-1.4355;-0.53187;2.3615
-1.431;-0.56032;1.8191
-1.4065;-0.54914;1.8193
-1.3822;-0.53795;1.8205
-1.358;-0.52679;1.8228
-1.3341;-0.51571;1.8261
-1.3106;-0.50474;1.8305
-1.2876;-0.49394;1.8359
-1.2651;-0.48335;1.8423
-1.2433;-0.473;1.8497
-1.2223;-0.46295;1.8581
-1.2021;-0.45322;1.8673
-1.1828;-0.44385;1.8775
-1.1645;-0.43489;1.8884
-1.1473;-0.42637;1.9002
-1.1312;-0.41832;1.9127
-1.1163;-0.41078;1.926
-1.1026;-0.40377;1.9398
-1.0903;-0.39732;1.9543
-1.0793;-0.39146;1.9693
-1.0697;-0.38621;1.9848
-1.0615;-0.38159;2.0007
-1.0548;-0.37762;2.0169
-1.0496;-0.37431;2.0335
-1.0459;-0.37168;2.0502
-1.0437;-0.36974;2.0672
-1.0431;-0.3685;2.0842
-1.044;-0.36796;2.1012
-1.0464;-0.36812;2.1182
-1.0504;-0.36898;2.1351
-1.0559;-0.37054;2.1518
-1.0629;-0.3728;2.1683
-1.0713;-0.37573;2.1844
-1.0812;-0.37935;2.2002
-1.0924;-0.38361;2.2156
-1.105;-0.38853;2.2304
-1.1189;-0.39406;2.2447
-1.134;-0.40019;2.2584
-1.1504;-0.4069;2.2715
-1.1678;-0.41415;2.2838
-1.1863;-0.42193;2.2953
-1.2057;-0.4302;2.3061
-1.2261;-0.43893;2.316
-1.2472;-0.44807;2.325
-1.2692;-0.45761;2.3331
-1.2917;-0.46749;2.3402
-1.3148;-0.47769;2.3463
-1.3384;-0.48815;2.3514
-1.3623;-0.49885;2.3555
-1.3866;-0.50973;2.3586
-1.411;-0.52075;2.3605
-1.4355;-0.53187;2.3615
-1.431;-0.56032;1.8191
-1.4087;-0.54734;1.8192
-1.3864;-0.53435;1.8203
-1.3643;-0.52141;1.8225
-1.3424;-0.50856;1.8257
-1.321;-0.49587;1.83
-1.2999;-0.48337;1.8353
-1.2794;-0.47112;1.8416
-1.2595;-0.45916;1.8489
-1.2403;-0.44755;1.8571
-1.2219;-0.43633;1.8663
-1.2043;-0.42554;1.8763
-1.1876;-0.41522;1.8872
-1.1718;-0.40543;1.8989
-1.1571;-0.39618;1.9114
-1.1435;-0.38753;1.9245
-1.131;-0.37951;1.9383
-1.1197;-0.37214;1.9527
-1.1097;-0.36546;1.9677
-1.1009;-0.35949;1.9831
-1.0935;-0.35426;1.999
-1.0874;-0.34979;2.0152
-1.0826;-0.34609;2.0317
-1.0792;-0.34318;2.0485
-1.0773;-0.34107;2.0654
-1.0767;-0.33977;2.0824
-1.0776;-0.33928;2.0994
-1.0798;-0.33961;2.1165
-1.0834;-0.34076;2.1334
-1.0885;-0.34271;2.1501
-1.0948;-0.34547;2.1666
-1.1026;-0.34902;2.1828
-1.1116;-0.35335;2.1986
-1.1219;-0.35844;2.214
-1.1334;-0.36426;2.2289
-1.1461;-0.37081;2.2433
-1.16;-0.37805;2.2571
-1.1749;-0.38595;2.2702
-1.1908;-0.39449;2.2826
-1.2077;-0.40362;2.2942
-1.2255;-0.41331;2.305
-1.2441;-0.42353;2.315
-1.2634;-0.43423;2.3241
-1.2835;-0.44538;2.3323
-1.3041;-0.45692;2.3395
-1.3252;-0.46881;2.3457
-1.3468;-0.48101;2.351
-1.3686;-0.49346;2.3552
-1.3908;-0.50613;2.3583
-1.4131;-0.51895;2.3604
-1.4355;-0.53187;2.3615
-1.431;-0.56032;1.8191
-1.4111;-0.54574;1.8191
-1.3913;-0.53116;1.8201
-1.3716;-0.51663;1.8221
-1.3522;-0.50223;1.8253
-1.3331;-0.48799;1.8294
-1.3144;-0.47399;1.8347
-1.2961;-0.46027;1.8409
-1.2784;-0.44689;1.8481
-1.2614;-0.4339;1.8562
-1.245;-0.42135;1.8653
-1.2293;-0.40929;1.8753
-1.2144;-0.39778;1.8861
-1.2004;-0.38685;1.8977
-1.1874;-0.37655;1.9101
-1.1752;-0.36692;1.9232
-1.1642;-0.35799;1.9369
-1.1541;-0.34981;1.9513
-1.1452;-0.3424;1.9662
-1.1374;-0.3358;1.9816
-1.1308;-0.33003;1.9974
-1.1254;-0.32511;2.0136
-1.1212;-0.32106;2.0301
-1.1182;-0.3179;2.0468
-1.1164;-0.31564;2.0637
-1.116;-0.31429;2.0807
-1.1167;-0.31385;2.0978
-1.1187;-0.31433;2.1148
-1.122;-0.31573;2.1317
-1.1265;-0.31803;2.1485
-1.1322;-0.32124;2.165
-1.1391;-0.32533;2.1812
-1.1471;-0.33029;2.1971
-1.1563;-0.33611;2.2126
-1.1665;-0.34275;2.2275
-1.1779;-0.3502;2.242
-1.1902;-0.35842;2.2558
-1.2035;-0.36738;2.269
-1.2177;-0.37704;2.2814
-1.2327;-0.38738;2.2931
-1.2486;-0.39834;2.3041
-1.2651;-0.40988;2.3141
-1.2824;-0.42196;2.3233
-1.3002;-0.43453;2.3316
-1.3185;-0.44754;2.3389
-1.3373;-0.46094;2.3452
-1.3565;-0.47467;2.3506
-1.376;-0.48869;2.3549
-1.3957;-0.50293;2.3581
-1.4156;-0.51735;2.3603
-1.4355;-0.53187;2.3615
-1.431;-0.56032;1.8191
-1.4139;-0.54437;1.819
-1.3968;-0.52842;1.8199
-1.3799;-0.51254;1.8219
-1.3632;-0.4968;1.8249
-1.3468;-0.48125;1.829
-1.3307;-0.46595;1.8341
-1.315;-0.45098;1.8402
-1.2998;-0.43637;1.8473
-1.2851;-0.4222;1.8554
-1.271;-0.40852;1.8644
-1.2575;-0.39538;1.8743
-1.2447;-0.38284;1.8851
-1.2327;-0.37094;1.8966
-1.2215;-0.35973;1.9089
-1.211;-0.34926;1.922
-1.2015;-0.33957;1.9357
-1.1929;-0.33069;1.95
-1.1852;-0.32266;1.9648
-1.1786;-0.31551;1.9802
-1.1729;-0.30927;1.996
-1.1682;-0.30397;2.0121
-1.1646;-0.29962;2.0286
-1.1621;-0.29624;2.0453
-1.1606;-0.29386;2.0622
-1.1602;-0.29246;2.0792
-1.1609;-0.29207;2.0963
-1.1626;-0.29268;2.1133
-1.1655;-0.29429;2.1302
-1.1693;-0.29689;2.147
-1.1743;-0.30048;2.1636
-1.1802;-0.30504;2.1798
-1.1871;-0.31055;2.1957
-1.1951;-0.31698;2.2112
-1.2039;-0.32432;2.2263
-1.2137;-0.33254;2.2407
-1.2243;-0.3416;2.2546
-1.2357;-0.35147;2.2679
-1.248;-0.3621;2.2804
-1.2609;-0.37346;2.2922
-1.2746;-0.38551;2.3032
-1.2888;-0.39818;2.3133
-1.3037;-0.41144;2.3226
-1.319;-0.42523;2.3309
-1.3348;-0.4395;2.3383
-1.351;-0.45419;2.3448
-1.3675;-0.46924;2.3502
-1.3843;-0.4846;2.3546
-1.4013;-0.5002;2.3579
-1.4183;-0.51598;2.3602
-1.4355;-0.53187;2.3615
-1.431;-0.56032;1.8191
-1.4169;-0.54325;1.8189
-1.4029;-0.52619;1.8197
-1.389;-0.5092;1.8216
-1.3753;-0.49237;1.8246
-1.3618;-0.47574;1.8286
-1.3486;-0.45939;1.8336
-1.3357;-0.44339;1.8397
-1.3232;-0.42779;1.8467
-1.3111;-0.41265;1.8547
-1.2995;-0.39805;1.8636
-1.2884;-0.38402;1.8735
-1.278;-0.37064;1.8841
-1.2681;-0.35795;1.8956
-1.2589;-0.346;1.9079
-1.2503;-0.33484;1.9209
-1.2425;-0.32452;1.9345
-1.2355;-0.31507;1.9488
-1.2292;-0.30653;1.9636
-1.2237;-0.29894;1.9789
-1.2191;-0.29232;1.9947
-1.2153;-0.2867;2.0109
-1.2123;-0.28211;2.0273
-1.2103;-0.27856;2.044
-1.2091;-0.27607;2.0609
-1.2088;-0.27464;2.0779
-1.2093;-0.27428;2.095
-1.2108;-0.275;2.112
-1.2132;-0.27678;2.1289
-1.2164;-0.27963;2.1457
-1.2204;-0.28353;2.1623
-1.2254;-0.28846;2.1786
-1.2311;-0.29442;2.1945
-1.2376;-0.30136;2.2101
-1.2449;-0.30928;2.2251
-1.253;-0.31812;2.2397
-1.2617;-0.32787;2.2536
-1.2711;-0.33848;2.2669
-1.2812;-0.3499;2.2795
-1.2919;-0.3621;2.2913
-1.3031;-0.37503;2.3024
-1.3149;-0.38863;2.3126
-1.3271;-0.40286;2.3219
-1.3397;-0.41765;2.3304
-1.3527;-0.43294;2.3379
-1.366;-0.44868;2.3444
-1.3796;-0.46481;2.3499
-1.3934;-0.48126;2.3543
-1.4073;-0.49796;2.3578
-1.4214;-0.51486;2.3601
-1.4355;-0.53187;2.3615
-1.431;-0.56032;1.8191
-1.4202;-0.5424;1.8188
-1.4094;-0.52449;1.8196
-1.3988;-0.50667;1.8214
-1.3882;-0.489;1.8243
-1.3779;-0.47155;1.8282
-1.3677;-0.45441;1.8332
-1.3578;-0.43762;1.8392
-1.3483;-0.42126;1.8461
-1.339;-0.4054;1.8541
-1.3301;-0.39008;1.863
-1.3217;-0.37539;1.8727
-1.3136;-0.36137;1.8834
-1.3061;-0.34808;1.8948
-1.299;-0.33557;1.907
-1.2925;-0.32389;1.92
-1.2865;-0.31308;1.9336
-1.2811;-0.3032;1.9478
-1.2763;-0.29428;1.9626
-1.2722;-0.28635;1.9779
-1.2686;-0.27944;1.9936
-1.2657;-0.27359;2.0097
-1.2635;-0.26881;2.0262
-1.2619;-0.26513;2.0429
-1.2611;-0.26255;2.0598
-1.2609;-0.2611;2.0768
-1.2613;-0.26076;2.0938
-1.2625;-0.26156;2.1109
-1.2643;-0.26348;2.1278
-1.2668;-0.26651;2.1446
-1.27;-0.27065;2.1612
-1.2738;-0.27587;2.1775
-1.2782;-0.28216;2.1935
-1.2833;-0.2895;2.2091
-1.2889;-0.29784;2.2242
-1.2951;-0.30717;2.2387
-1.3019;-0.31743;2.2527
-1.3091;-0.3286;2.2661
-1.3169;-0.34063;2.2787
-1.3251;-0.35347;2.2906
-1.3337;-0.36707;2.3017
-1.3428;-0.38138;2.312
-1.3522;-0.39633;2.3214
-1.3619;-0.41188;2.3299
-1.3719;-0.42796;2.3374
-1.3821;-0.4445;2.344
-1.3926;-0.46144;2.3496
-1.4032;-0.47872;2.3541
-1.4139;-0.49627;2.3576
-1.4247;-0.51401;2.3601
-1.4355;-0.53187;2.3615
-1.431;-0.56032;1.8191
-1.4237;-0.54183;1.8188
-1.4163;-0.52336;1.8195
-1.409;-0.50497;1.8212
-1.4019;-0.48675;1.8241
-1.3948;-0.46876;1.8279
-1.3879;-0.45108;1.8328
-1.3812;-0.43377;1.8388
-1.3747;-0.4169;1.8457
-1.3684;-0.40055;1.8536
-1.3624;-0.38477;1.8624
-1.3566;-0.36962;1.8721
-1.3512;-0.35517;1.8827
-1.346;-0.34148;1.8941
-1.3412;-0.32859;1.9063
-1.3368;-0.31657;1.9192
-1.3328;-0.30544;1.9328
-1.3292;-0.29527;1.947
-1.3259;-0.28609;1.9618
-1.3231;-0.27793;1.977
-1.3207;-0.27083;1.9927
-1.3188;-0.26482;2.0089
-1.3173;-0.25992;2.0253
-1.3163;-0.25615;2.042
-1.3158;-0.25352;2.0588
-1.3157;-0.25205;2.0758
-1.3161;-0.25173;2.0929
-1.3169;-0.25258;2.1099
-1.3182;-0.25459;2.1269
-1.3199;-0.25775;2.1437
-1.3221;-0.26204;2.1603
-1.3248;-0.26746;2.1767
-1.3278;-0.27398;2.1927
-1.3313;-0.28157;2.2083
-1.3352;-0.2902;2.2234
-1.3395;-0.29985;2.238
-1.3441;-0.31046;2.252
-1.3491;-0.32201;2.2654
-1.3544;-0.33444;2.2781
-1.36;-0.3477;2.29
-1.366;-0.36175;2.3012
-1.3721;-0.37653;2.3115
-1.3786;-0.39197;2.321
-1.3852;-0.40803;2.3295
-1.3921;-0.42463;2.3371
-1.3991;-0.4417;2.3437
-1.4062;-0.45919;2.3493
-1.4134;-0.47703;2.3539
-1.4207;-0.49513;2.3575
-1.4281;-0.51344;2.36
-1.4355;-0.53187;2.3615
-1.431;-0.56032;1.8191
-1.4272;-0.54155;1.8187
-1.4234;-0.5228;1.8194
-1.4197;-0.50414;1.8211
-1.416;-0.48565;1.8239
-1.4123;-0.4674;1.8277
-1.4088;-0.44945;1.8326
-1.4053;-0.43189;1.8385
-1.402;-0.41478;1.8454
-1.3987;-0.39818;1.8532
-1.3957;-0.38217;1.862
-1.3927;-0.36681;1.8717
-1.3899;-0.35216;1.8822
-1.3873;-0.33827;1.8936
-1.3849;-0.3252;1.9058
-1.3827;-0.313;1.9186
-1.3806;-0.30172;1.9322
-1.3788;-0.29141;1.9464
-1.3772;-0.2821;1.9611
-1.3758;-0.27383;1.9764
-1.3746;-0.26664;1.9921
-1.3737;-0.26055;2.0082
-1.373;-0.25559;2.0246
-1.3726;-0.25177;2.0413
-1.3723;-0.24912;2.0581
-1.3724;-0.24764;2.0751
-1.3726;-0.24733;2.0922
-1.3731;-0.24821;2.1092
-1.3739;-0.25026;2.1262
-1.3748;-0.25348;2.1431
-1.376;-0.25785;2.1597
-1.3775;-0.26336;2.176
-1.3791;-0.26999;2.192
-1.381;-0.2777;2.2076
-1.383;-0.28648;2.2228
-1.3853;-0.29628;2.2374
-1.3878;-0.30706;2.2515
-1.3904;-0.31879;2.2649
-1.3932;-0.33142;2.2776
-1.3962;-0.34489;2.2896
-1.3993;-0.35916;2.3008
-1.4025;-0.37416;2.3111
-1.4059;-0.38985;2.3206
-1.4094;-0.40615;2.3292
-1.4129;-0.423;2.3368
-1.4166;-0.44034;2.3435
-1.4203;-0.4581;2.3492
-1.424;-0.4762;2.3538
-1.4278;-0.49458;2.3574
-1.4317;-0.51316;2.36
-1.4355;-0.53187;2.3615
-1.431;-0.56032;1.8191
-1.4308;-0.54157;1.8187
-1.4306;-0.52284;1.8193
-1.4305;-0.5042;1.821
-1.4303;-0.48572;1.8238
-1.4301;-0.46749;1.8276
-1.43;-0.44956;1.8324
-1.4299;-0.43202;1.8383
-1.4297;-0.41492;1.8451
-1.4296;-0.39834;1.853
-1.4295;-0.38235;1.8617
-1.4295;-0.367;1.8714
-1.4294;-0.35236;1.8819
-1.4294;-0.33848;1.8933
-1.4293;-0.32542;1.9054
-1.4293;-0.31324;1.9183
-1.4293;-0.30197;1.9318
-1.4293;-0.29167;1.946
-1.4294;-0.28237;1.9607
-1.4294;-0.27411;1.976
-1.4295;-0.26692;1.9916
-1.4295;-0.26084;2.0077
-1.4296;-0.25588;2.0241
-1.4297;-0.25207;2.0408
-1.4299;-0.24941;2.0577
-1.43;-0.24793;2.0747
-1.4301;-0.24763;2.0917
-1.4303;-0.2485;2.1088
-1.4305;-0.25055;2.1258
-1.4306;-0.25376;2.1426
-1.4308;-0.25813;2.1592
-1.431;-0.26363;2.1756
-1.4313;-0.27025;2.1916
-1.4315;-0.27796;2.2072
-1.4317;-0.28673;2.2224
-1.4319;-0.29652;2.237
-1.4322;-0.30729;2.2511
-1.4324;-0.31901;2.2645
-1.4326;-0.33162;2.2773
-1.4329;-0.34508;2.2893
-1.4331;-0.35933;2.3005
-1.4334;-0.37432;2.3109
-1.4336;-0.38999;2.3204
-1.4339;-0.40628;2.329
-1.4341;-0.42311;2.3367
-1.4344;-0.44043;2.3434
-1.4346;-0.45817;2.3491
-1.4348;-0.47626;2.3537
-1.4351;-0.49462;2.3574
-1.4353;-0.51318;2.3599
-1.4355;-0.53187;2.3615
-1.431;-0.56032;1.8191
-1.4345;-0.54189;1.8187
-1.4379;-0.52347;1.8193
-1.4413;-0.50514;1.821
-1.4446;-0.48697;1.8237
-1.448;-0.46903;1.8275
-1.4512;-0.4514;1.8323
-1.4544;-0.43414;1.8382
-1.4575;-0.41733;1.845
-1.4605;-0.40102;1.8529
-1.4634;-0.38529;1.8616
-1.4662;-0.37019;1.8713
-1.4689;-0.35578;1.8818
-1.4714;-0.34212;1.8931
-1.4738;-0.32928;1.9053
-1.476;-0.31728;1.9181
-1.478;-0.30619;1.9316
-1.4799;-0.29605;1.9458
-1.4815;-0.28689;1.9605
-1.483;-0.27875;1.9758
-1.4843;-0.27167;1.9914
-1.4854;-0.26568;2.0075
-1.4863;-0.26079;2.0239
-1.487;-0.25702;2.0406
-1.4874;-0.2544;2.0575
-1.4877;-0.25293;2.0745
-1.4877;-0.25262;2.0915
-1.4875;-0.25346;2.1086
-1.4871;-0.25546;2.1256
-1.4865;-0.2586;2.1424
-1.4857;-0.26288;2.159
-1.4847;-0.26828;2.1754
-1.4834;-0.27478;2.1914
-1.482;-0.28234;2.2071
-1.4804;-0.29095;2.2222
-1.4786;-0.30056;2.2369
-1.4766;-0.31114;2.2509
-1.4745;-0.32265;2.2644
-1.4721;-0.33504;2.2771
-1.4697;-0.34827;2.2891
-1.4671;-0.36227;2.3004
-1.4643;-0.377;2.3108
-1.4614;-0.3924;2.3203
-1.4585;-0.4084;2.3289
-1.4554;-0.42495;2.3366
-1.4522;-0.44198;2.3433
-1.449;-0.45941;2.349
-1.4457;-0.47719;2.3537
-1.4423;-0.49524;2.3573
-1.4389;-0.51349;2.3599
-1.4355;-0.53187;2.3615
-1.431;-0.56032;1.8191
-1.438;-0.54249;1.8187
-1.445;-0.52467;1.8193
-1.4519;-0.50694;1.821
-1.4588;-0.48936;1.8237
-1.4655;-0.47201;1.8275
-1.4721;-0.45494;1.8324
-1.4786;-0.43824;1.8382
-1.4849;-0.42196;1.8451
-1.491;-0.40618;1.8529
-1.4968;-0.39094;1.8616
-1.5025;-0.37632;1.8713
-1.5078;-0.36237;1.8818
-1.5128;-0.34914;1.8932
-1.5176;-0.33669;1.9053
-1.5219;-0.32507;1.9181
-1.526;-0.31431;1.9317
-1.5297;-0.30448;1.9458
-1.533;-0.29559;1.9606
-1.5359;-0.2877;1.9758
-1.5384;-0.28083;1.9915
-1.5405;-0.275;2.0076
-1.5421;-0.27024;2.024
-1.5433;-0.26657;2.0406
-1.5441;-0.264;2.0575
-1.5445;-0.26255;2.0745
-1.5444;-0.26222;2.0916
-1.5439;-0.26301;2.1086
-1.5429;-0.26491;2.1256
-1.5416;-0.26792;2.1424
-1.5397;-0.27203;2.1591
-1.5375;-0.27723;2.1754
-1.5349;-0.28348;2.1915
-1.5318;-0.29077;2.2071
-1.5284;-0.29907;2.2223
-1.5246;-0.30834;2.2369
-1.5204;-0.31856;2.251
-1.5159;-0.32967;2.2644
-1.511;-0.34163;2.2772
-1.5059;-0.3544;2.2892
-1.5005;-0.36793;2.3004
-1.4948;-0.38216;2.3108
-1.4888;-0.39703;2.3203
-1.4826;-0.4125;2.3289
-1.4763;-0.42849;2.3366
-1.4698;-0.44495;2.3433
-1.4631;-0.46181;2.349
-1.4563;-0.47899;2.3537
-1.4494;-0.49645;2.3573
-1.4425;-0.5141;2.3599
-1.4355;-0.53187;2.3615
-1.431;-0.56032;1.8191
-1.4415;-0.54337;1.8187
-1.4519;-0.52644;1.8193
-1.4622;-0.50958;1.821
-1.4725;-0.49286;1.8238
-1.4825;-0.47636;1.8276
-1.4924;-0.46013;1.8325
-1.5021;-0.44424;1.8383
-1.5114;-0.42875;1.8452
-1.5205;-0.41373;1.853
-1.5292;-0.39923;1.8618
-1.5376;-0.3853;1.8715
-1.5455;-0.37201;1.882
-1.553;-0.35941;1.8934
-1.56;-0.34755;1.9055
-1.5665;-0.33647;1.9184
-1.5725;-0.32621;1.9319
-1.5779;-0.31683;1.9461
-1.5828;-0.30835;1.9608
-1.5871;-0.3008;1.9761
-1.5907;-0.29423;1.9918
-1.5938;-0.28865;2.0078
-1.5962;-0.28408;2.0243
-1.598;-0.28055;2.0409
-1.5991;-0.27807;2.0578
-1.5996;-0.27665;2.0748
-1.5994;-0.27628;2.0918
-1.5985;-0.27699;2.1089
-1.597;-0.27875;2.1259
-1.5949;-0.28157;2.1427
-1.5921;-0.28544;2.1593
-1.5887;-0.29033;2.1757
-1.5847;-0.29623;2.1917
-1.5801;-0.30312;2.2073
-1.5749;-0.31097;2.2225
-1.5691;-0.31975;2.2371
-1.5628;-0.32941;2.2512
-1.556;-0.33994;2.2646
-1.5487;-0.35128;2.2774
-1.541;-0.36338;2.2893
-1.5328;-0.37621;2.3006
-1.5243;-0.38971;2.3109
-1.5153;-0.40382;2.3204
-1.5061;-0.4185;2.3291
-1.4966;-0.43368;2.3367
-1.4868;-0.44931;2.3434
-1.4768;-0.46531;2.3491
-1.4666;-0.48164;2.3538
-1.4563;-0.49821;2.3574
-1.4459;-0.51498;2.3599
-1.4355;-0.53187;2.3615
-1.431;-0.56032;1.8191
-1.4448;-0.54453;1.8187
-1.4585;-0.52874;1.8194
-1.4721;-0.51302;1.8211
-1.4855;-0.49743;1.8239
-1.4987;-0.48203;1.8278
-1.5117;-0.46688;1.8327
-1.5244;-0.45205;1.8386
-1.5367;-0.43759;1.8455
-1.5486;-0.42356;1.8533
-1.56;-0.41001;1.8621
-1.571;-0.39699;1.8718
-1.5814;-0.38457;1.8824
-1.5912;-0.37278;1.8938
-1.6004;-0.36168;1.9059
-1.6089;-0.35131;1.9188
-1.6168;-0.3417;1.9324
-1.6239;-0.3329;1.9465
-1.6303;-0.32494;1.9613
-1.6358;-0.31786;1.9766
-1.6406;-0.31167;1.9923
-1.6446;-0.30641;2.0084
-1.6477;-0.3021;2.0248
-1.65;-0.29875;2.0415
-1.6515;-0.29638;2.0583
-1.652;-0.29499;2.0753
-1.6517;-0.29459;2.0924
-1.6506;-0.29519;2.1094
-1.6486;-0.29677;2.1264
-1.6457;-0.29934;2.1432
-1.642;-0.30288;2.1598
-1.6375;-0.30739;2.1762
-1.6322;-0.31283;2.1922
-1.626;-0.3192;2.2078
-1.6192;-0.32646;2.223
-1.6116;-0.33459;2.2376
-1.6032;-0.34355;2.2516
-1.5943;-0.35331;2.265
-1.5846;-0.36383;2.2777
-1.5744;-0.37508;2.2897
-1.5637;-0.38699;2.3009
-1.5524;-0.39954;2.3112
-1.5406;-0.41266;2.3207
-1.5284;-0.42631;2.3293
-1.5159;-0.44043;2.3369
-1.503;-0.45497;2.3436
-1.4898;-0.46987;2.3492
-1.4765;-0.48507;2.3538
-1.4629;-0.50051;2.3574
-1.4492;-0.51613;2.36
-1.4355;-0.53187;2.3615
-1.431;-0.56032;1.8191
-1.4479;-0.54593;1.8188
-1.4646;-0.53153;1.8195
-1.4813;-0.5172;1.8213
-1.4977;-0.50297;1.8241
-1.5139;-0.48892;1.828
-1.5298;-0.47509;1.8329
-1.5453;-0.46155;1.8389
-1.5603;-0.44833;1.8458
-1.5749;-0.43551;1.8537
-1.5888;-0.42312;1.8626
-1.6022;-0.41121;1.8723
-1.6149;-0.39984;1.8829
-1.6269;-0.38904;1.8943
-1.6382;-0.37887;1.9065
-1.6486;-0.36935;1.9194
-1.6581;-0.36053;1.933
-1.6668;-0.35245;1.9472
-1.6746;-0.34512;1.962
-1.6814;-0.3386;1.9773
-1.6872;-0.33289;1.993
-1.6921;-0.32802;2.0091
-1.6959;-0.32401;2.0255
-1.6986;-0.32088;2.0422
-1.7004;-0.31864;2.0591
-1.701;-0.31729;2.0761
-1.7006;-0.31685;2.0931
-1.6992;-0.31731;2.1102
-1.6967;-0.31868;2.1272
-1.6932;-0.32094;2.144
-1.6886;-0.32409;2.1606
-1.683;-0.32812;2.1769
-1.6765;-0.33301;2.1929
-1.669;-0.33874;2.2085
-1.6605;-0.34529;2.2236
-1.6512;-0.35263;2.2382
-1.641;-0.36073;2.2522
-1.63;-0.36957;2.2656
-1.6182;-0.3791;2.2782
-1.6057;-0.38929;2.2902
-1.5925;-0.4001;2.3013
-1.5786;-0.41149;2.3116
-1.5642;-0.42341;2.3211
-1.5493;-0.43581;2.3296
-1.5339;-0.44864;2.3372
-1.5181;-0.46187;2.3438
-1.502;-0.47542;2.3494
-1.4856;-0.48925;2.354
-1.469;-0.50331;2.3575
-1.4523;-0.51754;2.36
-1.4355;-0.53187;2.3615
-1.431;-0.56032;1.8191
-1.4507;-0.54755;1.8188
-1.4702;-0.53478;1.8196
-1.4896;-0.52205;1.8215
-1.5088;-0.50942;1.8244
-1.5277;-0.49693;1.8283
-1.5462;-0.48463;1.8333
-1.5643;-0.47258;1.8393
-1.5819;-0.46082;1.8463
-1.5989;-0.44939;1.8543
-1.6152;-0.43835;1.8631
-1.6308;-0.42773;1.8729
-1.6456;-0.41758;1.8836
-1.6596;-0.40793;1.895
-1.6727;-0.39883;1.9073
-1.6848;-0.39031;1.9202
-1.696;-0.38241;1.9338
-1.7061;-0.37515;1.9481
-1.7151;-0.36857;1.9629
-1.723;-0.36269;1.9782
-1.7298;-0.35753;1.9939
-1.7354;-0.35311;2.0101
-1.7398;-0.34946;2.0265
-1.7431;-0.34659;2.0432
-1.745;-0.3445;2.0601
-1.7458;-0.3432;2.0771
-1.7453;-0.34271;2.0941
-1.7436;-0.34302;2.1112
-1.7407;-0.34413;2.1281
-1.7365;-0.34604;2.1449
-1.7312;-0.34874;2.1615
-1.7247;-0.35221;2.1778
-1.717;-0.35646;2.1938
-1.7082;-0.36145;2.2093
-1.6983;-0.36717;2.2244
-1.6874;-0.37359;2.239
-1.6755;-0.3807;2.253
-1.6626;-0.38846;2.2663
-1.6488;-0.39684;2.2789
-1.6342;-0.40581;2.2908
-1.6188;-0.41533;2.3019
-1.6026;-0.42537;2.3122
-1.5858;-0.43589;2.3216
-1.5684;-0.44684;2.33
-1.5504;-0.45818;2.3376
-1.532;-0.46987;2.3441
-1.5132;-0.48186;2.3497
-1.494;-0.49411;2.3542
-1.4747;-0.50656;2.3577
-1.4551;-0.51916;2.3601
-1.4355;-0.53187;2.3615
-1.431;-0.56032;1.8191
-1.4532;-0.54938;1.8189
-1.4752;-0.53843;1.8198
-1.4971;-0.52751;1.8217
-1.5187;-0.51666;1.8247
-1.54;-0.50592;1.8287
-1.5609;-0.49535;1.8337
-1.5813;-0.48497;1.8398
-1.6011;-0.47484;1.8469
-1.6202;-0.46499;1.8549
-1.6386;-0.45546;1.8639
-1.6562;-0.44628;1.8737
-1.6729;-0.4375;1.8844
-1.6886;-0.42915;1.8959
-1.7034;-0.42126;1.9082
-1.717;-0.41386;1.9212
-1.7296;-0.40699;1.9349
-1.741;-0.40066;1.9491
-1.7512;-0.39491;1.964
-1.7601;-0.38975;1.9793
-1.7677;-0.38522;1.9951
-1.774;-0.38131;2.0112
-1.779;-0.37806;2.0277
-1.7826;-0.37547;2.0444
-1.7848;-0.37355;2.0613
-1.7857;-0.37231;2.0783
-1.7851;-0.37176;2.0953
-1.7832;-0.3719;2.1124
-1.7798;-0.37273;2.1293
-1.7751;-0.37424;2.1461
-1.7691;-0.37642;2.1627
-1.7617;-0.37928;2.1789
-1.7531;-0.3828;2.1949
-1.7431;-0.38696;2.2104
-1.732;-0.39175;2.2254
-1.7197;-0.39714;2.24
-1.7062;-0.40313;2.2539
-1.6917;-0.40968;2.2672
-1.6761;-0.41677;2.2797
-1.6596;-0.42436;2.2916
-1.6422;-0.43244;2.3026
-1.624;-0.44097;2.3128
-1.605;-0.44991;2.3221
-1.5853;-0.45923;2.3305
-1.5651;-0.4689;2.338
-1.5443;-0.47887;2.3445
-1.5231;-0.4891;2.35
-1.5015;-0.49956;2.3544
-1.4796;-0.51021;2.3578
-1.4576;-0.52099;2.3602
-1.4355;-0.53187;2.3615
-1.431;-0.56032;1.8191
-1.4553;-0.55138;1.819
-1.4795;-0.54242;1.8199
-1.5035;-0.53347;1.8219
-1.5273;-0.52458;1.825
-1.5506;-0.51577;1.8291
-1.5735;-0.50707;1.8343
-1.5959;-0.49854;1.8404
-1.6176;-0.49019;1.8476
-1.6386;-0.48206;1.8556
-1.6587;-0.47418;1.8647
-1.678;-0.46659;1.8746
-1.6963;-0.45931;1.8853
-1.7136;-0.45237;1.8969
-1.7298;-0.4458;1.9093
-1.7448;-0.43963;1.9223
-1.7586;-0.43388;1.936
-1.771;-0.42857;1.9503
-1.7822;-0.42373;1.9652
-1.792;-0.41937;1.9806
-1.8003;-0.41551;1.9964
-1.8072;-0.41216;2.0126
-1.8127;-0.40935;2.029
-1.8166;-0.40707;2.0458
-1.819;-0.40534;2.0627
-1.8199;-0.40417;2.0797
-1.8193;-0.40355;2.0967
-1.8172;-0.4035;2.1137
-1.8135;-0.40401;2.1307
-1.8083;-0.40509;2.1474
-1.8017;-0.40672;2.164
-1.7936;-0.4089;2.1802
-1.7841;-0.41162;2.1961
-1.7732;-0.41487;2.2116
-1.7609;-0.41864;2.2266
-1.7474;-0.42291;2.2411
-1.7326;-0.42767;2.255
-1.7167;-0.4329;2.2682
-1.6996;-0.43857;2.2807
-1.6815;-0.44467;2.2925
-1.6624;-0.45117;2.3034
-1.6423;-0.45804;2.3136
-1.6215;-0.46526;2.3228
-1.5999;-0.4728;2.3311
-1.5777;-0.48062;2.3385
-1.5549;-0.48871;2.3449
-1.5316;-0.49702;2.3503
-1.5079;-0.50553;2.3547
-1.4839;-0.5142;2.358
-1.4598;-0.52299;2.3603
-1.4355;-0.53187;2.3615
-1.431;-0.56032;1.8191
-1.4571;-0.55352;1.8191
-1.4831;-0.54669;1.8201
-1.5088;-0.53986;1.8222
-1.5343;-0.53306;1.8254
-1.5593;-0.5263;1.8296
-1.5839;-0.51962;1.8348
-1.6079;-0.51305;1.8411
-1.6312;-0.50661;1.8483
-1.6537;-0.50032;1.8565
-1.6753;-0.49422;1.8656
-1.696;-0.48832;1.8756
-1.7156;-0.48264;1.8864
-1.7342;-0.47722;1.8981
-1.7515;-0.47207;1.9105
-1.7676;-0.46721;1.9236
-1.7824;-0.46267;1.9373
-1.7957;-0.45845;1.9517
-1.8077;-0.45458;1.9666
-1.8182;-0.45107;1.982
-1.8271;-0.44793;1.9979
-1.8345;-0.44518;2.0141
-1.8404;-0.44283;2.0306
-1.8446;-0.44089;2.0473
-1.8472;-0.43936;2.0642
-1.8481;-0.43826;2.0812
-1.8475;-0.43758;2.0983
-1.8451;-0.43732;2.1153
-1.8412;-0.4375;2.1322
-1.8357;-0.43811;2.1489
-1.8285;-0.43914;2.1655
-1.8198;-0.44059;2.1817
-1.8096;-0.44246;2.1975
-1.7979;-0.44474;2.213
-1.7847;-0.44742;2.2279
-1.7702;-0.45049;2.2423
-1.7544;-0.45394;2.2562
-1.7372;-0.45775;2.2693
-1.7189;-0.46191;2.2818
-1.6994;-0.4664;2.2934
-1.6789;-0.4712;2.3043
-1.6574;-0.4763;2.3144
-1.6351;-0.48168;2.3235
-1.6119;-0.48731;2.3318
-1.5881;-0.49317;2.3391
-1.5636;-0.49925;2.3454
-1.5386;-0.5055;2.3507
-1.5132;-0.51192;2.355
-1.4875;-0.51847;2.3582
-1.4615;-0.52513;2.3604
-1.4355;-0.53187;2.3615
-1.431;-0.56032;1.8191
-1.4585;-0.55577;1.8192
-1.4858;-0.55118;1.8203
-1.5129;-0.54657;1.8225
-1.5397;-0.54196;1.8258
-1.566;-0.53736;1.8301
-1.5919;-0.5328;1.8355
-1.6171;-0.52829;1.8418
-1.6416;-0.52385;1.8491
-1.6653;-0.5195;1.8574
-1.688;-0.51525;1.8666
-1.7098;-0.51113;1.8767
-1.7305;-0.50714;1.8876
-1.75;-0.50331;1.8993
-1.7682;-0.49965;1.9118
-1.7851;-0.49617;1.9249
-1.8006;-0.49288;1.9388
-1.8147;-0.48981;1.9532
-1.8273;-0.48696;1.9682
-1.8383;-0.48434;1.9836
-1.8477;-0.48197;1.9995
-1.8555;-0.47985;2.0157
-1.8616;-0.47799;2.0322
-1.8661;-0.4764;2.049
-1.8688;-0.47508;2.0659
-1.8698;-0.47405;2.0829
-1.8691;-0.4733;2.1
-1.8666;-0.47283;2.117
-1.8625;-0.47266;2.1339
-1.8566;-0.47277;2.1506
-1.8491;-0.47318;2.1671
-1.84;-0.47387;2.1833
-1.8292;-0.47485;2.1991
-1.8169;-0.47611;2.2145
-1.803;-0.47764;2.2294
-1.7877;-0.47945;2.2437
-1.771;-0.48152;2.2575
-1.753;-0.48384;2.2705
-1.7337;-0.48641;2.2829
-1.7132;-0.48921;2.2945
-1.6917;-0.49224;2.3053
-1.669;-0.49548;2.3153
-1.6455;-0.49892;2.3244
-1.6211;-0.50255;2.3325
-1.596;-0.50635;2.3397
-1.5703;-0.51031;2.3459
-1.544;-0.5144;2.3511
-1.5173;-0.51863;2.3553
-1.4902;-0.52296;2.3584
-1.4629;-0.52738;2.3605
-1.4355;-0.53187;2.3615
-1.431;-0.56032;1.8191
-1.4594;-0.55809;1.8193
-1.4876;-0.55581;1.8206
-1.5156;-0.55349;1.8229
-1.5433;-0.55114;1.8263
-1.5706;-0.54877;1.8307
-1.5973;-0.54639;1.8361
-1.6234;-0.54401;1.8426
-1.6487;-0.54164;1.85
-1.6732;-0.53929;1.8584
-1.6967;-0.53696;1.8677
-1.7192;-0.53467;1.8778
-1.7406;-0.53242;1.8888
-1.7607;-0.53023;1.9006
-1.7796;-0.5281;1.9132
-1.7971;-0.52604;1.9264
-1.8131;-0.52406;1.9403
-1.8277;-0.52217;1.9548
-1.8407;-0.52037;1.9698
-1.852;-0.51868;1.9853
-1.8618;-0.51709;2.0012
-1.8698;-0.51562;2.0175
-1.8761;-0.51426;2.034
-1.8807;-0.51303;2.0508
-1.8835;-0.51194;2.0677
-1.8846;-0.51097;2.0847
-1.8838;-0.51015;2.1018
-1.8813;-0.50947;2.1188
-1.877;-0.50893;2.1356
-1.8709;-0.50854;2.1523
-1.8632;-0.5083;2.1688
-1.8537;-0.5082;2.185
-1.8426;-0.50826;2.2007
-1.8298;-0.50847;2.2161
-1.8155;-0.50882;2.2309
-1.7997;-0.50932;2.2452
-1.7824;-0.50997;2.2589
-1.7638;-0.51076;2.2719
-1.7438;-0.51169;2.2842
-1.7226;-0.51275;2.2957
-1.7003;-0.51395;2.3064
-1.677;-0.51527;2.3163
-1.6526;-0.51671;2.3252
-1.6274;-0.51827;2.3333
-1.6015;-0.51994;2.3404
-1.5748;-0.52172;2.3465
-1.5477;-0.52359;2.3516
-1.52;-0.52554;2.3556
-1.492;-0.52758;2.3586
-1.4638;-0.5297;2.3606
-1.4355;-0.53187;2.3615
-1.431;-0.56032;1.8191
-1.4599;-0.56044;1.8194
-1.4886;-0.5605;1.8208
-1.5171;-0.56051;1.8232
-1.5452;-0.56046;1.8267
-1.573;-0.56035;1.8313
-1.6001;-0.56019;1.8368
-1.6267;-0.55997;1.8434
-1.6524;-0.5597;1.8509
-1.6773;-0.55937;1.8594
-1.7012;-0.55899;1.8688
-1.7241;-0.55856;1.879
-1.7458;-0.55808;1.8901
-1.7663;-0.55755;1.902
-1.7855;-0.55698;1.9146
-1.8032;-0.55637;1.928
-1.8196;-0.55571;1.9419
-1.8344;-0.55502;1.9565
-1.8476;-0.55429;1.9715
-1.8592;-0.55353;1.9871
-1.8691;-0.55274;2.003
-1.8772;-0.55192;2.0193
-1.8837;-0.55108;2.0359
-1.8883;-0.55022;2.0527
-1.8912;-0.54934;2.0696
-1.8922;-0.54846;2.0866
-1.8914;-0.54756;2.1037
-1.8889;-0.54665;2.1207
-1.8845;-0.54575;2.1375
-1.8783;-0.54484;2.1542
-1.8704;-0.54394;2.1706
-1.8608;-0.54305;2.1867
-1.8495;-0.54217;2.2024
-1.8365;-0.54131;2.2177
-1.822;-0.54047;2.2325
-1.8059;-0.53964;2.2467
-1.7883;-0.53885;2.2603
-1.7693;-0.53808;2.2733
-1.7491;-0.53734;2.2855
-1.7275;-0.53664;2.2969
-1.7048;-0.53598;2.3075
-1.6811;-0.53535;2.3173
-1.6563;-0.53477;2.3262
-1.6307;-0.53423;2.3341
-1.6043;-0.53374;2.3411
-1.5772;-0.5333;2.3471
-1.5496;-0.53291;2.352
-1.5215;-0.53257;2.356
-1.493;-0.53228;2.3589
-1.4643;-0.53205;2.3607
-1.4355;-0.53187;2.3615
-1.431;-0.56032;1.8191
-1.4599;-0.56279;1.8196
-1.4886;-0.5652;1.8211
-1.5172;-0.56753;1.8236
-1.5453;-0.56977;1.8272
-1.5731;-0.57192;1.8319
-1.6003;-0.57397;1.8375
-1.6268;-0.57591;1.8442
-1.6526;-0.57774;1.8519
-1.6775;-0.57943;1.8604
-1.7015;-0.581;1.8699
-1.7243;-0.58243;1.8803
-1.7461;-0.58371;1.8915
-1.7666;-0.58485;1.9034
-1.7858;-0.58583;1.9161
-1.8036;-0.58666;1.9295
-1.8199;-0.58732;1.9436
-1.8347;-0.58783;1.9582
-1.8479;-0.58817;1.9733
-1.8595;-0.58834;1.9889
-1.8694;-0.58835;2.0049
-1.8776;-0.58819;2.0212
-1.8841;-0.58786;2.0378
-1.8887;-0.58737;2.0546
-1.8916;-0.58671;2.0716
-1.8926;-0.5859;2.0886
-1.8918;-0.58493;2.1056
-1.8893;-0.5838;2.1226
-1.8849;-0.58253;2.1394
-1.8787;-0.58111;2.1561
-1.8708;-0.57956;2.1725
-1.8612;-0.57787;2.1885
-1.8498;-0.57606;2.2042
-1.8369;-0.57412;2.2194
-1.8223;-0.57208;2.2342
-1.8062;-0.56994;2.2483
-1.7886;-0.5677;2.2618
-1.7696;-0.56538;2.2747
-1.7493;-0.56298;2.2868
-1.7278;-0.56051;2.2982
-1.7051;-0.55799;2.3087
-1.6813;-0.55542;2.3183
-1.6565;-0.55281;2.3271
-1.6309;-0.55017;2.3349
-1.6044;-0.54752;2.3418
-1.5773;-0.54487;2.3477
-1.5497;-0.54222;2.3525
-1.5215;-0.53958;2.3563
-1.4931;-0.53697;2.3591
-1.4643;-0.5344;2.3608
-1.4355;-0.53187;2.3615
