-1.698;-0.52735;2.0979
-1.6971;-0.53516;2.0907
-1.6964;-0.54279;2.0833
-1.696;-0.55019;2.0757
-1.6959;-0.55735;2.068
-1.6961;-0.56424;2.0602
-1.6965;-0.57082;2.0524
-1.6973;-0.57707;2.0445
-1.6983;-0.58297;2.0366
-1.6996;-0.5885;2.0287
-1.7011;-0.59362;2.0209
-1.7029;-0.59833;2.0132
-1.705;-0.6026;2.0056
-1.7073;-0.60641;1.9981
-1.7098;-0.60976;1.9908
-1.7126;-0.61262;1.9838
-1.7156;-0.61499;1.9769
-1.7188;-0.61686;1.9703
-1.7222;-0.61821;1.964
-1.7258;-0.61905;1.958
-1.7295;-0.61937;1.9524
-1.7334;-0.61918;1.9471
-1.7374;-0.61846;1.9422
-1.7416;-0.61722;1.9377
-1.7458;-0.61547;1.9336
-1.7501;-0.61322;1.9299
-1.7545;-0.61047;1.9267
-1.759;-0.60724;1.9239
-1.7634;-0.60353;1.9216
-1.7679;-0.59937;1.9198
-1.7724;-0.59476;1.9185
-1.7769;-0.58974;1.9176
-1.7813;-0.5843;1.9173
-1.7857;-0.57849;1.9174
-1.79;-0.57232;1.9181
-1.7942;-0.56581;1.9192
-1.7983;-0.55899;1.9208
-1.8023;-0.5519;1.9229
-1.8062;-0.54454;1.9255
-1.8099;-0.53697;1.9286
-1.8134;-0.52919;1.9321
-1.8168;-0.52126;1.936
-1.8199;-0.51319;1.9404
-1.8229;-0.50501;1.9451
-1.8256;-0.49677;1.9503
-1.8281;-0.4885;1.9558
-1.8304;-0.48022;1.9616
-1.8324;-0.47197;1.9678
-1.8341;-0.46377;1.9743
-1.8356;-0.45568;1.981
-1.8369;-0.44771;1.988
-1.698;-0.52735;2.0979
-1.6977;-0.53557;2.0911
-1.6976;-0.5436;2.0842
-1.6979;-0.55142;2.0772
-1.6984;-0.55898;2.0699
-1.6991;-0.56626;2.0626
-1.7002;-0.57322;2.0552
-1.7015;-0.57985;2.0478
-1.703;-0.58612;2.0403
-1.7048;-0.592;2.0329
-1.7069;-0.59746;2.0255
-1.7092;-0.60249;2.0181
-1.7117;-0.60707;2.0109
-1.7145;-0.61117;2.0038
-1.7175;-0.61479;1.9968
-1.7206;-0.6179;1.99
-1.724;-0.6205;1.9835
-1.7275;-0.62258;1.9771
-1.7312;-0.62412;1.9711
-1.735;-0.62512;1.9653
-1.7389;-0.62558;1.9598
-1.743;-0.6255;1.9546
-1.7471;-0.62487;1.9498
-1.7514;-0.6237;1.9454
-1.7557;-0.62199;1.9413
-1.76;-0.61975;1.9376
-1.7644;-0.61699;1.9344
-1.7688;-0.61372;1.9316
-1.7731;-0.60995;1.9292
-1.7775;-0.60569;1.9273
-1.7818;-0.60097;1.9258
-1.7861;-0.59581;1.9248
-1.7903;-0.59021;1.9243
-1.7944;-0.58421;1.9242
-1.7984;-0.57783;1.9246
-1.8022;-0.57109;1.9255
-1.806;-0.56402;1.9268
-1.8095;-0.55665;1.9286
-1.8129;-0.54901;1.9308
-1.8162;-0.54113;1.9335
-1.8192;-0.53303;1.9366
-1.8221;-0.52475;1.9402
-1.8247;-0.51633;1.9441
-1.8271;-0.50779;1.9484
-1.8292;-0.49918;1.9531
-1.8312;-0.49051;1.9582
-1.8328;-0.48184;1.9636
-1.8342;-0.47319;1.9693
-1.8354;-0.46459;1.9753
-1.8363;-0.45609;1.9815
-1.8369;-0.44771;1.988
-1.698;-0.52735;2.0979
-1.6983;-0.53585;2.0917
-1.6989;-0.54416;2.0854
-1.6997;-0.55225;2.0789
-1.7009;-0.56008;2.0723
-1.7022;-0.56763;2.0655
-1.7038;-0.57486;2.0587
-1.7057;-0.58175;2.0518
-1.7078;-0.58826;2.0449
-1.7102;-0.59438;2.0379
-1.7128;-0.60007;2.031
-1.7156;-0.60532;2.0241
-1.7186;-0.61011;2.0173
-1.7218;-0.61441;2.0106
-1.7252;-0.61821;2.0041
-1.7287;-0.6215;1.9977
-1.7324;-0.62425;1.9914
-1.7362;-0.62647;1.9854
-1.7402;-0.62814;1.9796
-1.7443;-0.62925;1.974
-1.7484;-0.62981;1.9687
-1.7527;-0.6298;1.9637
-1.7569;-0.62923;1.9591
-1.7613;-0.62811;1.9547
-1.7656;-0.62642;1.9507
-1.77;-0.62419;1.9471
-1.7744;-0.62142;1.9438
-1.7787;-0.61812;1.9409
-1.783;-0.61431;1.9385
-1.7872;-0.61;1.9364
-1.7913;-0.6052;1.9348
-1.7954;-0.59994;1.9336
-1.7993;-0.59423;1.9328
-1.8031;-0.5881;1.9325
-1.8068;-0.58158;1.9326
-1.8103;-0.57469;1.9331
-1.8137;-0.56745;1.9341
-1.8168;-0.55989;1.9355
-1.8198;-0.55205;1.9373
-1.8226;-0.54396;1.9395
-1.8251;-0.53564;1.9422
-1.8274;-0.52713;1.9452
-1.8295;-0.51847;1.9486
-1.8313;-0.50969;1.9524
-1.8329;-0.50081;1.9566
-1.8343;-0.49189;1.9611
-1.8353;-0.48295;1.9659
-1.8361;-0.47402;1.971
-1.8366;-0.46515;1.9764
-1.8369;-0.45637;1.9821
-1.8369;-0.44771;1.988
-1.698;-0.52735;2.0979
-1.699;-0.53599;2.0924
-1.7002;-0.54445;2.0868
-1.7016;-0.55268;2.081
-1.7033;-0.56065;2.075
-1.7053;-0.56834;2.0689
-1.7075;-0.5757;2.0627
-1.71;-0.58272;2.0565
-1.7126;-0.58936;2.0501
-1.7155;-0.5956;2.0438
-1.7186;-0.60142;2.0374
-1.7219;-0.60678;2.0311
-1.7254;-0.61167;2.0248
-1.7291;-0.61608;2.0186
-1.7328;-0.61997;2.0125
-1.7368;-0.62335;2.0065
-1.7408;-0.62618;2.0006
-1.745;-0.62848;1.995
-1.7492;-0.63021;1.9895
-1.7535;-0.63138;1.9842
-1.7579;-0.63198;1.9791
-1.7623;-0.63202;1.9743
-1.7667;-0.63148;1.9698
-1.7712;-0.63037;1.9656
-1.7756;-0.62871;1.9616
-1.78;-0.62648;1.958
-1.7843;-0.62371;1.9547
-1.7886;-0.62039;1.9518
-1.7927;-0.61656;1.9492
-1.7968;-0.61221;1.947
-1.8008;-0.60737;1.9452
-1.8046;-0.60206;1.9437
-1.8083;-0.5963;1.9427
-1.8119;-0.59011;1.942
-1.8152;-0.58351;1.9418
-1.8184;-0.57654;1.9419
-1.8213;-0.56921;1.9425
-1.8241;-0.56156;1.9434
-1.8266;-0.55362;1.9448
-1.8289;-0.54542;1.9465
-1.831;-0.53699;1.9486
-1.8328;-0.52836;1.9511
-1.8343;-0.51957;1.9539
-1.8356;-0.51066;1.9571
-1.8366;-0.50166;1.9606
-1.8373;-0.49259;1.9645
-1.8378;-0.48351;1.9686
-1.838;-0.47445;1.9731
-1.8379;-0.46544;1.9778
-1.8375;-0.45651;1.9828
-1.8369;-0.44771;1.988
-1.698;-0.52735;2.0979
-1.6996;-0.536;2.0932
-1.7014;-0.54446;2.0883
-1.7034;-0.5527;2.0833
-1.7058;-0.56067;2.0781
-1.7083;-0.56837;2.0727
-1.7111;-0.57574;2.0672
-1.7141;-0.58276;2.0617
-1.7174;-0.58941;2.0561
-1.7208;-0.59565;2.0504
-1.7244;-0.60147;2.0447
-1.7282;-0.60684;2.0389
-1.7321;-0.61174;2.0332
-1.7362;-0.61615;2.0276
-1.7404;-0.62005;2.022
-1.7447;-0.62343;2.0164
-1.7491;-0.62627;2.011
-1.7535;-0.62856;2.0057
-1.758;-0.6303;2.0006
-1.7626;-0.63147;1.9956
-1.7672;-0.63208;1.9908
-1.7718;-0.63211;1.9862
-1.7763;-0.63157;1.9818
-1.7808;-0.63047;1.9777
-1.7853;-0.6288;1.9739
-1.7897;-0.62658;1.9703
-1.794;-0.6238;1.967
-1.7982;-0.62049;1.964
-1.8023;-0.61665;1.9613
-1.8063;-0.6123;1.9589
-1.8101;-0.60747;1.9569
-1.8137;-0.60215;1.9552
-1.8172;-0.59639;1.9538
-1.8204;-0.59019;1.9528
-1.8234;-0.58359;1.9522
-1.8263;-0.57661;1.9519
-1.8289;-0.56928;1.9519
-1.8312;-0.56163;1.9524
-1.8333;-0.55369;1.9532
-1.8351;-0.54548;1.9543
-1.8367;-0.53704;1.9558
-1.838;-0.52841;1.9576
-1.839;-0.51962;1.9598
-1.8397;-0.5107;1.9623
-1.8402;-0.50169;1.9651
-1.8403;-0.49262;1.9683
-1.8402;-0.48354;1.9717
-1.8398;-0.47447;1.9754
-1.8391;-0.46545;1.9793
-1.8381;-0.45652;1.9836
-1.8369;-0.44771;1.988
-1.698;-0.52735;2.0979
-1.7002;-0.53587;2.094
-1.7026;-0.5442;2.09
-1.7052;-0.5523;2.0858
-1.7081;-0.56015;2.0814
-1.7112;-0.56772;2.0769
-1.7146;-0.57497;2.0722
-1.7181;-0.58187;2.0674
-1.7219;-0.5884;2.0625
-1.7258;-0.59453;2.0576
-1.7299;-0.60024;2.0525
-1.7342;-0.6055;2.0475
-1.7385;-0.6103;2.0424
-1.743;-0.61462;2.0373
-1.7476;-0.61843;2.0323
-1.7523;-0.62173;2.0273
-1.757;-0.6245;2.0223
-1.7618;-0.62672;2.0175
-1.7666;-0.6284;2.0127
-1.7714;-0.62952;2.0081
-1.7761;-0.63008;2.0036
-1.7809;-0.63008;1.9992
-1.7856;-0.62951;1.995
-1.7902;-0.62839;1.991
-1.7947;-0.62671;1.9872
-1.7991;-0.62448;1.9837
-1.8034;-0.62171;1.9804
-1.8076;-0.61841;1.9773
-1.8116;-0.61459;1.9744
-1.8154;-0.61027;1.9719
-1.819;-0.60547;1.9696
-1.8225;-0.6002;1.9676
-1.8257;-0.59449;1.9659
-1.8287;-0.58836;1.9646
-1.8314;-0.58182;1.9635
-1.8339;-0.57492;1.9627
-1.8361;-0.56767;1.9623
-1.8381;-0.5601;1.9622
-1.8397;-0.55225;1.9623
-1.8411;-0.54414;1.9629
-1.8422;-0.53581;1.9637
-1.843;-0.52729;1.9648
-1.8435;-0.51861;1.9663
-1.8437;-0.50981;1.968
-1.8437;-0.50092;1.9701
-1.8433;-0.49198;1.9724
-1.8426;-0.48302;1.975
-1.8416;-0.47407;1.9779
-1.8403;-0.46519;1.981
-1.8387;-0.45638;1.9844
-1.8369;-0.44771;1.988
-1.698;-0.52735;2.0979
-1.7007;-0.5356;2.0949
-1.7037;-0.54366;2.0918
-1.7069;-0.55151;2.0885
-1.7103;-0.55909;2.085
-1.714;-0.5664;2.0813
-1.7179;-0.5734;2.0775
-1.7219;-0.58006;2.0735
-1.7262;-0.58635;2.0694
-1.7306;-0.59225;2.0652
-1.7352;-0.59774;2.061
-1.7398;-0.60279;2.0566
-1.7446;-0.60739;2.0522
-1.7495;-0.61152;2.0478
-1.7545;-0.61515;2.0433
-1.7595;-0.61828;2.0389
-1.7645;-0.6209;2.0344
-1.7696;-0.62299;2.03
-1.7746;-0.62455;2.0257
-1.7796;-0.62556;2.0214
-1.7846;-0.62603;2.0172
-1.7895;-0.62596;2.0131
-1.7943;-0.62533;2.0091
-1.799;-0.62417;2.0053
-1.8036;-0.62246;2.0016
-1.808;-0.62022;1.998
-1.8123;-0.61746;1.9947
-1.8164;-0.61419;1.9915
-1.8203;-0.61041;1.9885
-1.824;-0.60615;1.9858
-1.8275;-0.60142;1.9833
-1.8307;-0.59625;1.981
-1.8337;-0.59064;1.9789
-1.8365;-0.58463;1.9771
-1.8389;-0.57823;1.9756
-1.8411;-0.57147;1.9743
-1.843;-0.56439;1.9733
-1.8446;-0.557;1.9726
-1.8458;-0.54934;1.9722
-1.8468;-0.54143;1.972
-1.8475;-0.53331;1.9721
-1.8478;-0.52501;1.9725
-1.8478;-0.51656;1.9732
-1.8475;-0.508;1.9741
-1.8469;-0.49935;1.9753
-1.846;-0.49066;1.9768
-1.8448;-0.48196;1.9786
-1.8432;-0.47328;1.9806
-1.8414;-0.46465;1.9828
-1.8393;-0.45612;1.9853
-1.8369;-0.44771;1.988
-1.698;-0.52735;2.0979
-1.7012;-0.5352;2.0959
-1.7047;-0.54287;2.0937
-1.7084;-0.55032;2.0913
-1.7124;-0.55752;2.0887
-1.7165;-0.56444;2.0859
-1.7209;-0.57106;2.083
-1.7254;-0.57735;2.0799
-1.7302;-0.58329;2.0767
-1.735;-0.58885;2.0733
-1.74;-0.59401;2.0698
-1.7451;-0.59874;2.0662
-1.7503;-0.60304;2.0625
-1.7556;-0.60689;2.0588
-1.7609;-0.61026;2.0549
-1.7662;-0.61315;2.0511
-1.7715;-0.61554;2.0472
-1.7768;-0.61743;2.0432
-1.7821;-0.6188;2.0393
-1.7873;-0.61966;2.0354
-1.7925;-0.61999;2.0315
-1.7975;-0.61981;2.0277
-1.8024;-0.6191;2.0239
-1.8072;-0.61787;2.0202
-1.8119;-0.61612;2.0166
-1.8163;-0.61387;2.0131
-1.8206;-0.61112;2.0097
-1.8246;-0.60789;2.0064
-1.8285;-0.60417;2.0033
-1.832;-0.6;2.0004
-1.8354;-0.59538;1.9976
-1.8384;-0.59034;1.995
-1.8412;-0.58489;1.9926
-1.8437;-0.57906;1.9903
-1.8459;-0.57287;1.9883
-1.8478;-0.56634;1.9865
-1.8493;-0.5595;1.9849
-1.8506;-0.55237;1.9836
-1.8515;-0.54499;1.9825
-1.8521;-0.53738;1.9816
-1.8523;-0.52958;1.981
-1.8522;-0.52161;1.9806
-1.8518;-0.5135;1.9804
-1.8511;-0.50529;1.9805
-1.85;-0.49701;1.9809
-1.8486;-0.4887;1.9815
-1.8468;-0.48038;1.9823
-1.8448;-0.47209;1.9834
-1.8424;-0.46386;1.9847
-1.8398;-0.45572;1.9863
-1.8369;-0.44771;1.988
-1.698;-0.52735;2.0979
-1.7017;-0.53468;2.0969
-1.7056;-0.54182;2.0956
-1.7098;-0.54875;2.0942
-1.7142;-0.55544;2.0926
-1.7189;-0.56186;2.0907
-1.7237;-0.56799;2.0887
-1.7286;-0.5738;2.0865
-1.7338;-0.57927;2.0842
-1.739;-0.58438;2.0816
-1.7444;-0.5891;2.079
-1.7499;-0.59343;2.0761
-1.7554;-0.59733;2.0732
-1.761;-0.60081;2.0701
-1.7666;-0.60383;2.0669
-1.7722;-0.6064;2.0636
-1.7778;-0.6085;2.0603
-1.7834;-0.61012;2.0568
-1.7889;-0.61125;2.0534
-1.7943;-0.6119;2.0498
-1.7996;-0.61206;2.0463
-1.8048;-0.61173;2.0427
-1.8098;-0.6109;2.0392
-1.8147;-0.60959;2.0356
-1.8193;-0.6078;2.0321
-1.8238;-0.60553;2.0286
-1.8281;-0.6028;2.0252
-1.8321;-0.59961;2.0219
-1.8358;-0.59598;2.0186
-1.8393;-0.59192;2.0154
-1.8425;-0.58745;2.0124
-1.8454;-0.58259;2.0094
-1.848;-0.57735;2.0066
-1.8503;-0.57175;2.0039
-1.8522;-0.56582;2.0014
-1.8538;-0.55959;1.9991
-1.8551;-0.55307;1.9969
-1.8561;-0.54629;1.9949
-1.8566;-0.53928;1.9931
-1.8569;-0.53206;1.9915
-1.8567;-0.52467;1.9901
-1.8563;-0.51714;1.9889
-1.8554;-0.50948;1.9879
-1.8543;-0.50174;1.9872
-1.8527;-0.49394;1.9866
-1.8509;-0.48612;1.9863
-1.8487;-0.4783;1.9862
-1.8462;-0.47052;1.9863
-1.8434;-0.46281;1.9867
-1.8403;-0.45519;1.9872
-1.8369;-0.44771;1.988
-1.698;-0.52735;2.0979
-1.7021;-0.53404;2.0978
-1.7065;-0.54054;2.0976
-1.7111;-0.54684;2.0972
-1.7159;-0.5529;2.0965
-1.7209;-0.55871;2.0956
-1.7261;-0.56423;2.0945
-1.7315;-0.56946;2.0932
-1.737;-0.57435;2.0918
-1.7426;-0.57891;2.0901
-1.7483;-0.58311;2.0882
-1.7541;-0.58692;2.0862
-1.76;-0.59035;2.084
-1.7658;-0.59337;2.0816
-1.7717;-0.59597;2.0791
-1.7776;-0.59815;2.0764
-1.7834;-0.59988;2.0736
-1.7892;-0.60118;2.0707
-1.7949;-0.60202;2.0676
-1.8005;-0.60242;2.0645
-1.8059;-0.60236;2.0613
-1.8112;-0.60184;2.058
-1.8163;-0.60088;2.0546
-1.8212;-0.59947;2.0512
-1.8259;-0.59762;2.0478
-1.8304;-0.59533;2.0444
-1.8347;-0.59262;2.0409
-1.8386;-0.58949;2.0375
-1.8423;-0.58596;2.0341
-1.8457;-0.58204;2.0307
-1.8488;-0.57775;2.0273
-1.8516;-0.5731;2.0241
-1.854;-0.56811;2.0209
-1.8561;-0.56281;2.0177
-1.8578;-0.55721;2.0147
-1.8592;-0.55133;2.0118
-1.8602;-0.54521;2.009
-1.8609;-0.53885;2.0064
-1.8612;-0.53229;2.0039
-1.8611;-0.52556;2.0015
-1.8606;-0.51868;1.9994
-1.8598;-0.51167;1.9973
-1.8586;-0.50457;1.9955
-1.8571;-0.4974;1.9939
-1.8552;-0.49019;1.9924
-1.8529;-0.48297;1.9912
-1.8503;-0.47577;1.9901
-1.8474;-0.46861;1.9893
-1.8442;-0.46153;1.9886
-1.8407;-0.45455;1.9882
-1.8369;-0.44771;1.988
-1.698;-0.52735;2.0979
-1.7025;-0.53329;2.0988
-1.7072;-0.53905;2.0996
-1.7121;-0.54461;2.1001
-1.7173;-0.54994;2.1004
-1.7226;-0.55503;2.1005
-1.7282;-0.55985;2.1003
-1.7338;-0.56439;2.0999
-1.7397;-0.56862;2.0993
-1.7456;-0.57253;2.0985
-1.7516;-0.57611;2.0975
-1.7577;-0.57934;2.0962
-1.7638;-0.5822;2.0947
-1.7699;-0.58469;2.093
-1.7761;-0.5868;2.0912
-1.7821;-0.58852;2.0891
-1.7882;-0.58983;2.0869
-1.7941;-0.59075;2.0844
-1.8;-0.59125;2.0819
-1.8057;-0.59135;2.0791
-1.8112;-0.59104;2.0762
-1.8166;-0.59032;2.0732
-1.8218;-0.58919;2.0701
-1.8268;-0.58766;2.0669
-1.8316;-0.58574;2.0635
-1.836;-0.58343;2.0601
-1.8403;-0.58074;2.0566
-1.8442;-0.57768;2.0531
-1.8478;-0.57427;2.0495
-1.8512;-0.57051;2.0459
-1.8541;-0.56643;2.0423
-1.8568;-0.56203;2.0387
-1.8591;-0.55734;2.0351
-1.861;-0.55238;2.0315
-1.8626;-0.54716;2.028
-1.8637;-0.5417;2.0246
-1.8645;-0.53604;2.0212
-1.865;-0.53018;2.0179
-1.865;-0.52415;2.0147
-1.8647;-0.51797;2.0116
-1.8639;-0.51168;2.0086
-1.8628;-0.50529;2.0058
-1.8613;-0.49883;2.0031
-1.8595;-0.49233;2.0006
-1.8572;-0.48581;1.9982
-1.8547;-0.47929;1.996
-1.8517;-0.47281;1.994
-1.8485;-0.46638;1.9922
-1.8449;-0.46004;1.9906
-1.841;-0.45381;1.9892
-1.8369;-0.44771;1.988
-1.698;-0.52735;2.0979
-1.7028;-0.53245;2.0998
-1.7077;-0.53737;2.1015
-1.713;-0.5421;2.103
-1.7184;-0.54661;2.1042
-1.724;-0.55089;2.1053
-1.7298;-0.55491;2.106
-1.7358;-0.55868;2.1065
-1.7419;-0.56216;2.1068
-1.748;-0.56534;2.1068
-1.7543;-0.56822;2.1065
-1.7606;-0.57078;2.1061
-1.7669;-0.57302;2.1053
-1.7732;-0.57491;2.1043
-1.7796;-0.57646;2.1031
-1.7858;-0.57766;2.1016
-1.792;-0.57851;2.0999
-1.7981;-0.57899;2.098
-1.8041;-0.57911;2.0958
-1.8099;-0.57888;2.0935
-1.8156;-0.57828;2.0909
-1.821;-0.57732;2.0882
-1.8263;-0.57601;2.0853
-1.8313;-0.57435;2.0822
-1.8361;-0.57235;2.079
-1.8406;-0.57001;2.0756
-1.8448;-0.56735;2.0721
-1.8487;-0.56437;2.0684
-1.8523;-0.56109;2.0647
-1.8555;-0.55752;2.0609
-1.8585;-0.55367;2.057
-1.861;-0.54956;2.0531
-1.8632;-0.54521;2.0491
-1.865;-0.54062;2.0451
-1.8664;-0.53583;2.0411
-1.8674;-0.53085;2.0371
-1.868;-0.5257;2.0331
-1.8683;-0.5204;2.0291
-1.8681;-0.51496;2.0252
-1.8675;-0.50942;2.0214
-1.8666;-0.50379;2.0177
-1.8652;-0.4981;2.0141
-1.8635;-0.49237;2.0105
-1.8614;-0.48662;2.0071
-1.8589;-0.48087;2.0039
-1.8561;-0.47514;2.0008
-1.8529;-0.46947;1.9979
-1.8493;-0.46387;1.9951
-1.8455;-0.45836;1.9925
-1.8413;-0.45296;1.9902
-1.8369;-0.44771;1.988
-1.698;-0.52735;2.0979
-1.703;-0.53152;2.1007
-1.7082;-0.53553;2.1034
-1.7136;-0.53934;2.1058
-1.7192;-0.54295;2.108
-1.7251;-0.54634;2.1099
-1.7311;-0.5495;2.1115
-1.7372;-0.55241;2.1129
-1.7435;-0.55507;2.114
-1.7498;-0.55746;2.1148
-1.7563;-0.55957;2.1153
-1.7627;-0.5614;2.1156
-1.7692;-0.56294;2.1155
-1.7757;-0.56418;2.1152
-1.7822;-0.56512;2.1146
-1.7886;-0.56576;2.1137
-1.7949;-0.56608;2.1125
-1.8011;-0.56609;2.1111
-1.8071;-0.5658;2.1094
-1.813;-0.56519;2.1074
-1.8188;-0.56428;2.1052
-1.8243;-0.56307;2.1027
-1.8296;-0.56155;2.1
-1.8347;-0.55975;2.097
-1.8395;-0.55766;2.0939
-1.844;-0.55529;2.0905
-1.8482;-0.55266;2.087
-1.8521;-0.54977;2.0833
-1.8556;-0.54663;2.0794
-1.8588;-0.54326;2.0754
-1.8617;-0.53967;2.0712
-1.8641;-0.53588;2.067
-1.8662;-0.53189;2.0626
-1.8679;-0.52773;2.0582
-1.8692;-0.52341;2.0537
-1.8702;-0.51895;2.0492
-1.8707;-0.51436;2.0446
-1.8707;-0.50967;2.04
-1.8704;-0.50489;2.0355
-1.8697;-0.50004;2.031
-1.8686;-0.49514;2.0265
-1.8671;-0.49022;2.0221
-1.8651;-0.48528;2.0177
-1.8628;-0.48035;2.0135
-1.8602;-0.47545;2.0094
-1.8571;-0.4706;2.0054
-1.8537;-0.46581;2.0016
-1.85;-0.46111;1.9979
-1.8459;-0.45651;1.9944
-1.8415;-0.45204;1.9911
-1.8369;-0.44771;1.988
-1.698;-0.52735;2.0979
-1.7031;-0.53053;2.1016
-1.7084;-0.53355;2.1052
-1.714;-0.53638;2.1085
-1.7198;-0.53902;2.1115
-1.7258;-0.54146;2.1143
-1.7319;-0.54369;2.1167
-1.7381;-0.54569;2.1189
-1.7445;-0.54746;2.1208
-1.751;-0.549;2.1224
-1.7575;-0.5503;2.1237
-1.7641;-0.55134;2.1246
-1.7707;-0.55214;2.1253
-1.7773;-0.55268;2.1256
-1.7838;-0.55296;2.1255
-1.7903;-0.55299;2.1252
-1.7967;-0.55275;2.1245
-1.803;-0.55226;2.1235
-1.8091;-0.55152;2.1222
-1.8151;-0.55052;2.1206
-1.8208;-0.54927;2.1187
-1.8264;-0.54778;2.1164
-1.8317;-0.54605;2.1139
-1.8368;-0.54409;2.1111
-1.8416;-0.54191;2.108
-1.8461;-0.53951;2.1047
-1.8503;-0.53691;2.1011
-1.8542;-0.53411;2.0973
-1.8578;-0.53113;2.0933
-1.8609;-0.52797;2.0891
-1.8637;-0.52466;2.0847
-1.8662;-0.5212;2.0802
-1.8682;-0.51761;2.0755
-1.8698;-0.5139;2.0706
-1.8711;-0.51008;2.0657
-1.8719;-0.50618;2.0606
-1.8723;-0.5022;2.0555
-1.8723;-0.49816;2.0504
-1.8719;-0.49408;2.0452
-1.8711;-0.48998;2.04
-1.8699;-0.48587;2.0348
-1.8682;-0.48176;2.0297
-1.8662;-0.47767;2.0246
-1.8638;-0.47363;2.0196
-1.861;-0.46964;2.0146
-1.8578;-0.46572;2.0098
-1.8543;-0.46189;2.0051
-1.8504;-0.45815;2.0006
-1.8462;-0.45454;1.9962
-1.8417;-0.45105;1.992
-1.8369;-0.44771;1.988
-1.698;-0.52735;2.0979
-1.7032;-0.52949;2.1025
-1.7086;-0.53147;2.1068
-1.7142;-0.53327;2.1109
-1.72;-0.53489;2.1148
-1.726;-0.53633;2.1183
-1.7322;-0.53757;2.1216
-1.7385;-0.53862;2.1246
-1.745;-0.53946;2.1272
-1.7515;-0.5401;2.1295
-1.7581;-0.54054;2.1315
-1.7647;-0.54076;2.1331
-1.7714;-0.54077;2.1343
-1.778;-0.54057;2.1352
-1.7846;-0.54017;2.1357
-1.7911;-0.53955;2.1359
-1.7975;-0.53873;2.1357
-1.8038;-0.53771;2.1351
-1.8099;-0.53649;2.1342
-1.8159;-0.53508;2.1329
-1.8217;-0.53348;2.1312
-1.8273;-0.5317;2.1292
-1.8327;-0.52974;2.1269
-1.8377;-0.52762;2.1242
-1.8426;-0.52533;2.1212
-1.8471;-0.5229;2.1179
-1.8513;-0.52033;2.1143
-1.8551;-0.51763;2.1105
-1.8587;-0.51482;2.1063
-1.8618;-0.51189;2.1019
-1.8646;-0.50887;2.0973
-1.867;-0.50576;2.0925
-1.8691;-0.50258;2.0874
-1.8707;-0.49934;2.0822
-1.8719;-0.49606;2.0768
-1.8727;-0.49274;2.0713
-1.873;-0.4894;2.0657
-1.873;-0.48606;2.06
-1.8726;-0.48272;2.0542
-1.8717;-0.4794;2.0484
-1.8704;-0.47611;2.0426
-1.8687;-0.47286;2.0368
-1.8666;-0.46968;2.0309
-1.8642;-0.46656;2.0252
-1.8613;-0.46353;2.0195
-1.8581;-0.46059;2.0139
-1.8545;-0.45776;2.0084
-1.8506;-0.45504;2.0031
-1.8463;-0.45245;1.9979
-1.8417;-0.45001;1.9928
-1.8369;-0.44771;1.988
-1.698;-0.52735;2.0979
-1.7032;-0.52841;2.1032
-1.7085;-0.52931;2.1083
-1.7141;-0.53005;2.1132
-1.7199;-0.53062;2.1178
-1.7259;-0.53103;2.1221
-1.7321;-0.53125;2.126
-1.7384;-0.53131;2.1297
-1.7448;-0.5312;2.133
-1.7513;-0.53091;2.1359
-1.7579;-0.53045;2.1385
-1.7645;-0.52982;2.1407
-1.7711;-0.52902;2.1426
-1.7777;-0.52806;2.144
-1.7843;-0.52694;2.145
-1.7908;-0.52567;2.1456
-1.7972;-0.52424;2.1459
-1.8035;-0.52267;2.1457
-1.8097;-0.52096;2.1451
-1.8156;-0.51912;2.1441
-1.8214;-0.51715;2.1427
-1.827;-0.51507;2.1409
-1.8323;-0.51288;2.1387
-1.8374;-0.51059;2.1362
-1.8422;-0.50821;2.1333
-1.8468;-0.50574;2.13
-1.851;-0.50321;2.1264
-1.8548;-0.50061;2.1224
-1.8584;-0.49796;2.1181
-1.8615;-0.49527;2.1136
-1.8643;-0.49254;2.1087
-1.8667;-0.4898;2.1036
-1.8688;-0.48705;2.0983
-1.8704;-0.48431;2.0928
-1.8716;-0.48157;2.087
-1.8724;-0.47886;2.0811
-1.8728;-0.47618;2.075
-1.8728;-0.47355;2.0688
-1.8723;-0.47097;2.0625
-1.8715;-0.46846;2.0561
-1.8702;-0.46602;2.0497
-1.8686;-0.46367;2.0432
-1.8665;-0.46141;2.0367
-1.864;-0.45925;2.0303
-1.8612;-0.45721;2.0239
-1.858;-0.45528;2.0176
-1.8544;-0.45349;2.0114
-1.8505;-0.45183;2.0053
-1.8463;-0.4503;1.9994
-1.8417;-0.44893;1.9936
-1.8369;-0.44771;1.988
-1.698;-0.52735;2.0979
-1.7031;-0.52732;2.1039
-1.7083;-0.52713;2.1097
-1.7138;-0.52678;2.1152
-1.7195;-0.52628;2.1204
-1.7255;-0.52563;2.1254
-1.7315;-0.52483;2.13
-1.7377;-0.52388;2.1342
-1.7441;-0.52279;2.1381
-1.7505;-0.52156;2.1417
-1.757;-0.52019;2.1448
-1.7635;-0.5187;2.1475
-1.7701;-0.51708;2.1499
-1.7766;-0.51534;2.1518
-1.7831;-0.5135;2.1532
-1.7895;-0.51155;2.1543
-1.7959;-0.50951;2.1549
-1.8021;-0.50738;2.155
-1.8082;-0.50517;2.1547
-1.8142;-0.5029;2.154
-1.8199;-0.50056;2.1528
-1.8255;-0.49817;2.1512
-1.8308;-0.49574;2.1492
-1.8359;-0.49328;2.1468
-1.8407;-0.49079;2.1439
-1.8452;-0.48829;2.1406
-1.8494;-0.48579;2.137
-1.8533;-0.48329;2.133
-1.8568;-0.48082;2.1286
-1.86;-0.47836;2.1239
-1.8628;-0.47595;2.1189
-1.8653;-0.47358;2.1136
-1.8673;-0.47126;2.108
-1.869;-0.46901;2.1021
-1.8703;-0.46684;2.096
-1.8711;-0.46474;2.0897
-1.8716;-0.46273;2.0832
-1.8716;-0.46083;2.0766
-1.8713;-0.45902;2.0698
-1.8705;-0.45733;2.0629
-1.8693;-0.45576;2.0559
-1.8677;-0.45432;2.0489
-1.8657;-0.453;2.0419
-1.8634;-0.45182;2.0349
-1.8606;-0.45078;2.0278
-1.8575;-0.44989;2.0209
-1.854;-0.44915;2.014
-1.8502;-0.44856;2.0073
-1.8461;-0.44812;2.0007
-1.8416;-0.44783;1.9943
-1.8369;-0.44771;1.988
-1.698;-0.52735;2.0979
-1.7029;-0.52622;2.1045
-1.708;-0.52494;2.1108
-1.7133;-0.52351;2.1169
-1.7189;-0.52194;2.1227
-1.7246;-0.52024;2.1282
-1.7305;-0.5184;2.1333
-1.7366;-0.51645;2.1381
-1.7427;-0.51438;2.1425
-1.749;-0.5122;2.1466
-1.7553;-0.50993;2.1502
-1.7617;-0.50756;2.1534
-1.7681;-0.50512;2.1561
-1.7746;-0.50261;2.1584
-1.7809;-0.50004;2.1603
-1.7873;-0.49742;2.1616
-1.7935;-0.49476;2.1626
-1.7997;-0.49208;2.163
-1.8057;-0.48937;2.163
-1.8116;-0.48666;2.1625
-1.8173;-0.48395;2.1615
-1.8228;-0.48126;2.1601
-1.8281;-0.47859;2.1582
-1.8331;-0.47595;2.1558
-1.8379;-0.47336;2.153
-1.8424;-0.47083;2.1498
-1.8466;-0.46836;2.1461
-1.8505;-0.46597;2.142
-1.8541;-0.46366;2.1376
-1.8573;-0.46145;2.1328
-1.8602;-0.45934;2.1276
-1.8627;-0.45734;2.1221
-1.8648;-0.45546;2.1162
-1.8666;-0.45371;2.1101
-1.8679;-0.45209;2.1037
-1.8689;-0.45061;2.0971
-1.8694;-0.44928;2.0902
-1.8696;-0.4481;2.0832
-1.8693;-0.44707;2.076
-1.8687;-0.4462;2.0687
-1.8677;-0.4455;2.0613
-1.8662;-0.44496;2.0538
-1.8644;-0.44459;2.0463
-1.8622;-0.44439;2.0387
-1.8596;-0.44436;2.0312
-1.8566;-0.4445;2.0237
-1.8533;-0.44481;2.0163
-1.8497;-0.44528;2.009
-1.8457;-0.44593;2.0018
-1.8414;-0.44674;1.9948
-1.8369;-0.44771;1.988
-1.698;-0.52735;2.0979
-1.7026;-0.52514;2.1049
-1.7075;-0.52278;2.1117
-1.7126;-0.52029;2.1183
-1.7179;-0.51767;2.1246
-1.7234;-0.51492;2.1305
-1.729;-0.51207;2.1361
-1.7349;-0.50912;2.1413
-1.7408;-0.50609;2.1461
-1.7469;-0.50298;2.1505
-1.753;-0.49982;2.1545
-1.7592;-0.4966;2.1581
-1.7654;-0.49335;2.1612
-1.7717;-0.49008;2.1638
-1.7779;-0.48679;2.166
-1.7841;-0.48351;2.1677
-1.7902;-0.48024;2.1688
-1.7962;-0.47701;2.1695
-1.8021;-0.47381;2.1697
-1.8079;-0.47067;2.1694
-1.8135;-0.46759;2.1686
-1.8189;-0.4646;2.1673
-1.8241;-0.46169;2.1655
-1.8292;-0.45889;2.1632
-1.8339;-0.4562;2.1604
-1.8384;-0.45363;2.1572
-1.8426;-0.4512;2.1535
-1.8466;-0.44891;2.1494
-1.8502;-0.44677;2.1449
-1.8534;-0.44479;2.14
-1.8564;-0.44298;2.1346
-1.859;-0.44135;2.129
-1.8612;-0.4399;2.123
-1.8631;-0.43864;2.1166
-1.8646;-0.43757;2.11
-1.8657;-0.4367;2.1031
-1.8664;-0.43603;2.096
-1.8667;-0.43556;2.0886
-1.8666;-0.4353;2.0811
-1.8662;-0.43524;2.0735
-1.8653;-0.43539;2.0657
-1.8641;-0.43574;2.0578
-1.8625;-0.4363;2.0499
-1.8605;-0.43706;2.0419
-1.8581;-0.43803;2.0339
-1.8554;-0.43918;2.026
-1.8523;-0.44053;2.0182
-1.8489;-0.44206;2.0104
-1.8452;-0.44377;2.0028
-1.8412;-0.44566;1.9953
-1.8369;-0.44771;1.988
-1.698;-0.52735;2.0979
-1.7023;-0.52409;2.1053
-1.7068;-0.52069;2.1125
-1.7116;-0.51717;2.1194
-1.7166;-0.51352;2.126
-1.7218;-0.50977;2.1322
-1.7272;-0.50594;2.1381
-1.7327;-0.50203;2.1437
-1.7384;-0.49806;2.1488
-1.7441;-0.49406;2.1536
-1.75;-0.49002;2.1579
-1.7559;-0.48598;2.1617
-1.7619;-0.48194;2.1651
-1.7679;-0.47793;2.1679
-1.774;-0.47395;2.1703
-1.7799;-0.47003;2.1722
-1.7859;-0.46617;2.1736
-1.7917;-0.4624;2.1745
-1.7975;-0.45873;2.1748
-1.8031;-0.45518;2.1746
-1.8086;-0.45175;2.174
-1.814;-0.44846;2.1727
-1.8191;-0.44532;2.171
-1.8241;-0.44236;2.1688
-1.8288;-0.43957;2.1661
-1.8333;-0.43697;2.1629
-1.8375;-0.43457;2.1592
-1.8415;-0.43237;2.155
-1.8452;-0.4304;2.1504
-1.8485;-0.42865;2.1454
-1.8515;-0.42714;2.14
-1.8542;-0.42586;2.1342
-1.8566;-0.42482;2.1281
-1.8586;-0.42404;2.1216
-1.8603;-0.4235;2.1148
-1.8615;-0.42322;2.1077
-1.8624;-0.42319;2.1003
-1.863;-0.42341;2.0928
-1.8631;-0.42389;2.085
-1.8629;-0.42462;2.0771
-1.8623;-0.42559;2.069
-1.8613;-0.42681;2.0608
-1.86;-0.42827;2.0526
-1.8583;-0.42997;2.0443
-1.8562;-0.43189;2.036
-1.8538;-0.43403;2.0278
-1.8511;-0.43638;2.0196
-1.848;-0.43894;2.0115
-1.8446;-0.44168;2.0035
-1.8409;-0.44461;1.9957
-1.8369;-0.44771;1.988
-1.698;-0.52735;2.0979
-1.7019;-0.5231;2.1055
-1.7061;-0.51871;2.1129
-1.7105;-0.51419;2.1201
-1.7151;-0.50958;2.1269
-1.7199;-0.50487;2.1334
-1.7249;-0.5001;2.1395
-1.7301;-0.49527;2.1453
-1.7354;-0.49042;2.1506
-1.7408;-0.48555;2.1556
-1.7464;-0.4807;2.1601
-1.752;-0.47587;2.1641
-1.7577;-0.47108;2.1676
-1.7635;-0.46636;2.1707
-1.7692;-0.46173;2.1732
-1.775;-0.45719;2.1753
-1.7807;-0.45278;2.1768
-1.7863;-0.4485;2.1778
-1.7919;-0.44438;2.1782
-1.7974;-0.44042;2.1781
-1.8028;-0.43666;2.1775
-1.808;-0.43309;2.1764
-1.8131;-0.42974;2.1747
-1.818;-0.42661;2.1725
-1.8227;-0.42373;2.1698
-1.8272;-0.4211;2.1666
-1.8314;-0.41873;2.1629
-1.8354;-0.41663;2.1587
-1.8391;-0.41482;2.1541
-1.8426;-0.41328;2.1491
-1.8457;-0.41205;2.1436
-1.8485;-0.41111;2.1377
-1.851;-0.41047;2.1314
-1.8532;-0.41013;2.1248
-1.8551;-0.4101;2.1179
-1.8566;-0.41038;2.1107
-1.8577;-0.41096;2.1032
-1.8585;-0.41185;2.0955
-1.8589;-0.41303;2.0876
-1.859;-0.4145;2.0795
-1.8587;-0.41627;2.0712
-1.8581;-0.41831;2.0628
-1.8571;-0.42063;2.0544
-1.8557;-0.42321;2.0459
-1.854;-0.42605;2.0374
-1.8519;-0.42913;2.0289
-1.8495;-0.43244;2.0205
-1.8468;-0.43597;2.0122
-1.8438;-0.4397;2.004
-1.8405;-0.44361;1.9959
-1.8369;-0.44771;1.988
-1.698;-0.52735;2.0979
-1.7015;-0.52217;2.1056
-1.7052;-0.51685;2.1131
-1.7091;-0.51142;2.1204
-1.7133;-0.50589;2.1273
-1.7177;-0.50029;2.1339
-1.7223;-0.49464;2.1402
-1.7271;-0.48896;2.146
-1.732;-0.48328;2.1515
-1.7371;-0.47761;2.1565
-1.7422;-0.47199;2.1611
-1.7475;-0.46642;2.1652
-1.7529;-0.46094;2.1689
-1.7583;-0.45556;2.172
-1.7638;-0.45031;2.1746
-1.7692;-0.4452;2.1767
-1.7747;-0.44026;2.1783
-1.7801;-0.43551;2.1793
-1.7855;-0.43097;2.1798
-1.7908;-0.42664;2.1798
-1.7961;-0.42256;2.1792
-1.8012;-0.41874;2.1781
-1.8062;-0.41518;2.1765
-1.811;-0.41191;2.1743
-1.8156;-0.40894;2.1716
-1.8201;-0.40628;2.1684
-1.8244;-0.40394;2.1647
-1.8284;-0.40193;2.1605
-1.8322;-0.40026;2.1559
-1.8357;-0.39893;2.1508
-1.839;-0.39795;2.1453
-1.842;-0.39733;2.1394
-1.8446;-0.39706;2.1331
-1.847;-0.39715;2.1264
-1.8491;-0.39759;2.1194
-1.8508;-0.39839;2.1122
-1.8523;-0.39954;2.1046
-1.8533;-0.40104;2.0968
-1.8541;-0.40288;2.0888
-1.8545;-0.40506;2.0806
-1.8546;-0.40756;2.0723
-1.8543;-0.41037;2.0638
-1.8536;-0.41349;2.0553
-1.8527;-0.4169;2.0467
-1.8514;-0.42059;2.0381
-1.8497;-0.42455;2.0295
-1.8478;-0.42875;2.0209
-1.8455;-0.43319;2.0125
-1.8429;-0.43784;2.0042
-1.84;-0.44268;1.996
-1.8369;-0.44771;1.988
-1.698;-0.52735;2.0979
-1.701;-0.52132;2.1056
-1.7042;-0.51515;2.1131
-1.7076;-0.50888;2.1204
-1.7113;-0.50252;2.1273
-1.7153;-0.49611;2.1339
-1.7194;-0.48966;2.1401
-1.7237;-0.4832;2.146
-1.7282;-0.47676;2.1514
-1.7328;-0.47036;2.1564
-1.7376;-0.46403;2.161
-1.7425;-0.45779;2.1651
-1.7475;-0.45167;2.1687
-1.7525;-0.44569;2.1719
-1.7577;-0.43988;2.1745
-1.7628;-0.43425;2.1766
-1.768;-0.42883;2.1781
-1.7732;-0.42365;2.1792
-1.7784;-0.41872;2.1797
-1.7835;-0.41406;2.1796
-1.7886;-0.40969;2.1791
-1.7935;-0.40562;2.1779
-1.7984;-0.40188;2.1763
-1.8031;-0.39848;2.1741
-1.8077;-0.39543;2.1714
-1.8122;-0.39274;2.1682
-1.8165;-0.39043;2.1645
-1.8205;-0.3885;2.1603
-1.8244;-0.38696;2.1557
-1.828;-0.38582;2.1506
-1.8314;-0.38508;2.1451
-1.8346;-0.38474;2.1392
-1.8375;-0.38481;2.1329
-1.8401;-0.38528;2.1263
-1.8424;-0.38616;2.1193
-1.8444;-0.38744;2.112
-1.8462;-0.38911;2.1045
-1.8476;-0.39117;2.0967
-1.8487;-0.39362;2.0887
-1.8495;-0.39643;2.0805
-1.8499;-0.3996;2.0721
-1.85;-0.40312;2.0637
-1.8498;-0.40697;2.0552
-1.8493;-0.41114;2.0466
-1.8485;-0.41561;2.038
-1.8473;-0.42037;2.0294
-1.8458;-0.42539;2.0209
-1.844;-0.43065;2.0125
-1.8419;-0.43614;2.0042
-1.8395;-0.44183;1.996
-1.8369;-0.44771;1.988
-1.698;-0.52735;2.0979
-1.7004;-0.52056;2.1055
-1.7031;-0.51364;2.1129
-1.706;-0.50662;2.12
-1.7092;-0.49953;2.1268
-1.7126;-0.49239;2.1332
-1.7162;-0.48522;2.1393
-1.72;-0.47807;2.1451
-1.724;-0.47096;2.1504
-1.7282;-0.46391;2.1553
-1.7325;-0.45695;2.1597
-1.737;-0.45011;2.1637
-1.7416;-0.44343;2.1673
-1.7463;-0.43691;2.1703
-1.751;-0.4306;2.1728
-1.7559;-0.42451;2.1748
-1.7608;-0.41867;2.1763
-1.7657;-0.4131;2.1773
-1.7706;-0.40782;2.1777
-1.7755;-0.40286;2.1776
-1.7804;-0.39823;2.177
-1.7852;-0.39396;2.1759
-1.7899;-0.39005;2.1742
-1.7946;-0.38653;2.172
-1.7991;-0.38341;2.1693
-1.8036;-0.3807;2.1661
-1.8079;-0.37841;2.1624
-1.812;-0.37655;2.1582
-1.8159;-0.37513;2.1536
-1.8197;-0.37415;2.1485
-1.8233;-0.37362;2.1431
-1.8266;-0.37354;2.1372
-1.8297;-0.37391;2.131
-1.8325;-0.37473;2.1244
-1.8351;-0.37599;2.1175
-1.8375;-0.3777;2.1103
-1.8395;-0.37983;2.1028
-1.8413;-0.38239;2.0951
-1.8428;-0.38537;2.0872
-1.844;-0.38875;2.0791
-1.8448;-0.39252;2.0709
-1.8454;-0.39667;2.0625
-1.8457;-0.40117;2.0541
-1.8456;-0.40601;2.0457
-1.8453;-0.41118;2.0372
-1.8446;-0.41664;2.0288
-1.8437;-0.42239;2.0204
-1.8424;-0.42839;2.0121
-1.8408;-0.43463;2.0039
-1.839;-0.44108;1.9959
-1.8369;-0.44771;1.988
-1.698;-0.52735;2.0979
-1.6999;-0.51991;2.1052
-1.702;-0.51234;2.1123
-1.7043;-0.50468;2.1192
-1.7069;-0.49695;2.1257
-1.7098;-0.48918;2.132
-1.7128;-0.48141;2.1378
-1.7161;-0.47366;2.1433
-1.7196;-0.46597;2.1484
-1.7233;-0.45836;2.1531
-1.7271;-0.45086;2.1573
-1.7311;-0.44351;2.1611
-1.7353;-0.43633;2.1645
-1.7396;-0.42936;2.1673
-1.744;-0.42262;2.1697
-1.7484;-0.41613;2.1715
-1.753;-0.40992;2.1729
-1.7576;-0.40402;2.1737
-1.7623;-0.39845;2.174
-1.7669;-0.39323;2.1738
-1.7716;-0.38838;2.1731
-1.7763;-0.38393;2.1719
-1.7809;-0.37988;2.1701
-1.7855;-0.37626;2.1679
-1.79;-0.37307;2.1652
-1.7944;-0.37034;2.162
-1.7987;-0.36807;2.1583
-1.8029;-0.36627;2.1541
-1.8069;-0.36496;2.1496
-1.8108;-0.36412;2.1446
-1.8145;-0.36377;2.1392
-1.8181;-0.36391;2.1334
-1.8214;-0.36454;2.1273
-1.8245;-0.36565;2.1208
-1.8274;-0.36725;2.114
-1.83;-0.36932;2.107
-1.8325;-0.37185;2.0996
-1.8346;-0.37484;2.0921
-1.8365;-0.37828;2.0844
-1.8381;-0.38215;2.0765
-1.8394;-0.38643;2.0685
-1.8405;-0.39111;2.0603
-1.8413;-0.39618;2.0522
-1.8417;-0.4016;2.0439
-1.8419;-0.40736;2.0357
-1.8418;-0.41344;2.0275
-1.8414;-0.41982;2.0194
-1.8407;-0.42645;2.0113
-1.8397;-0.43333;2.0034
-1.8384;-0.44043;1.9956
-1.8369;-0.44771;1.988
-1.698;-0.52735;2.0979
-1.6993;-0.51937;2.1048
-1.7008;-0.51128;2.1116
-1.7025;-0.50309;2.1181
-1.7045;-0.49484;2.1242
-1.7068;-0.48655;2.1301
-1.7093;-0.47828;2.1356
-1.712;-0.47004;2.1408
-1.715;-0.46187;2.1455
-1.7181;-0.4538;2.1499
-1.7215;-0.44586;2.1538
-1.725;-0.43809;2.1573
-1.7287;-0.43051;2.1604
-1.7326;-0.42316;2.1629
-1.7366;-0.41606;2.1651
-1.7407;-0.40924;2.1667
-1.7449;-0.40273;2.1678
-1.7492;-0.39656;2.1685
-1.7536;-0.39075;2.1686
-1.758;-0.38532;2.1683
-1.7625;-0.38029;2.1674
-1.767;-0.37568;2.1661
-1.7715;-0.37152;2.1643
-1.7759;-0.36781;2.162
-1.7804;-0.36458;2.1592
-1.7848;-0.36183;2.156
-1.7891;-0.35958;2.1523
-1.7933;-0.35783;2.1482
-1.7975;-0.3566;2.1437
-1.8015;-0.35588;2.1388
-1.8054;-0.35568;2.1335
-1.8091;-0.356;2.1278
-1.8127;-0.35684;2.1218
-1.8161;-0.3582;2.1156
-1.8193;-0.36006;2.109
-1.8223;-0.36243;2.1021
-1.8251;-0.36529;2.095
-1.8276;-0.36864;2.0878
-1.8299;-0.37245;2.0803
-1.832;-0.37672;2.0727
-1.8338;-0.38143;2.065
-1.8353;-0.38655;2.0571
-1.8366;-0.39208;2.0493
-1.8376;-0.39798;2.0414
-1.8384;-0.40423;2.0335
-1.8388;-0.41081;2.0256
-1.839;-0.4177;2.0179
-1.8389;-0.42486;2.0102
-1.8385;-0.43227;2.0026
-1.8378;-0.43989;1.9952
-1.8369;-0.44771;1.988
-1.698;-0.52735;2.0979
-1.6986;-0.51896;2.1044
-1.6995;-0.51046;2.1106
-1.7007;-0.50186;2.1166
-1.7021;-0.49321;2.1223
-1.7037;-0.48454;2.1277
-1.7057;-0.47587;2.1328
-1.7078;-0.46726;2.1375
-1.7102;-0.45872;2.1418
-1.7128;-0.4503;2.1457
-1.7157;-0.44202;2.1493
-1.7187;-0.43393;2.1524
-1.7219;-0.42604;2.1551
-1.7254;-0.4184;2.1573
-1.7289;-0.41103;2.1591
-1.7327;-0.40396;2.1604
-1.7365;-0.39722;2.1613
-1.7405;-0.39084;2.1617
-1.7446;-0.38484;2.1616
-1.7488;-0.37925;2.1611
-1.7531;-0.37408;2.1601
-1.7574;-0.36936;2.1586
-1.7618;-0.36511;2.1567
-1.7661;-0.36134;2.1543
-1.7705;-0.35806;2.1515
-1.7749;-0.3553;2.1482
-1.7792;-0.35306;2.1446
-1.7835;-0.35135;2.1405
-1.7878;-0.35018;2.1361
-1.7919;-0.34955;2.1313
-1.796;-0.34947;2.1261
-1.7999;-0.34993;2.1206
-1.8037;-0.35093;2.1148
-1.8074;-0.35247;2.1088
-1.8109;-0.35455;2.1024
-1.8143;-0.35715;2.0958
-1.8174;-0.36026;2.0891
-1.8204;-0.36388;2.0821
-1.8231;-0.36799;2.075
-1.8257;-0.37256;2.0677
-1.828;-0.37759;2.0604
-1.83;-0.38306;2.053
-1.8319;-0.38893;2.0455
-1.8334;-0.3952;2.0381
-1.8347;-0.40183;2.0306
-1.8358;-0.4088;2.0232
-1.8365;-0.41608;2.0159
-1.837;-0.42364;2.0087
-1.8372;-0.43145;2.0017
-1.8372;-0.43948;1.9947
-1.8369;-0.44771;1.988
-1.698;-0.52735;2.0979
-1.698;-0.51869;2.1038
-1.6983;-0.5099;2.1094
-1.6988;-0.50103;2.1149
-1.6996;-0.49211;2.12
-1.7006;-0.48316;2.1248
-1.702;-0.47424;2.1293
-1.7036;-0.46537;2.1335
-1.7054;-0.45658;2.1373
-1.7075;-0.44792;2.1407
-1.7098;-0.43941;2.1437
-1.7123;-0.43109;2.1464
-1.7151;-0.423;2.1486
-1.7181;-0.41516;2.1504
-1.7212;-0.40761;2.1518
-1.7246;-0.40037;2.1528
-1.7281;-0.39347;2.1533
-1.7318;-0.38695;2.1534
-1.7356;-0.38082;2.1531
-1.7395;-0.37512;2.1523
-1.7436;-0.36985;2.1511
-1.7477;-0.36506;2.1495
-1.7519;-0.36074;2.1474
-1.7562;-0.35693;2.1449
-1.7605;-0.35363;2.1421
-1.7649;-0.35086;2.1388
-1.7693;-0.34863;2.1352
-1.7736;-0.34695;2.1312
-1.778;-0.34582;2.1268
-1.7822;-0.34525;2.1221
-1.7865;-0.34524;2.1172
-1.7906;-0.3458;2.1119
-1.7947;-0.34691;2.1063
-1.7987;-0.34858;2.1005
-1.8025;-0.3508;2.0945
-1.8062;-0.35356;2.0882
-1.8097;-0.35684;2.0818
-1.8131;-0.36064;2.0752
-1.8163;-0.36494;2.0685
-1.8193;-0.36973;2.0617
-1.8221;-0.37498;2.0549
-1.8247;-0.38068;2.0479
-1.827;-0.38679;2.041
-1.8292;-0.39331;2.0341
-1.831;-0.40019;2.0272
-1.8327;-0.40742;2.0203
-1.834;-0.41497;2.0136
-1.8352;-0.4228;2.007
-1.836;-0.43089;2.0005
-1.8366;-0.4392;1.9942
-1.8369;-0.44771;1.988
-1.698;-0.52735;2.0979
-1.6974;-0.51854;2.1031
-1.697;-0.50962;2.1081
-1.6969;-0.5006;2.1128
-1.6971;-0.49154;2.1173
-1.6976;-0.48246;2.1214
-1.6983;-0.4734;2.1253
-1.6993;-0.46439;2.1288
-1.7006;-0.45548;2.132
-1.7021;-0.44669;2.1348
-1.7039;-0.43807;2.1373
-1.706;-0.42964;2.1394
-1.7083;-0.42143;2.1411
-1.7108;-0.41349;2.1425
-1.7136;-0.40584;2.1434
-1.7165;-0.39852;2.1439
-1.7197;-0.39154;2.1441
-1.723;-0.38494;2.1438
-1.7266;-0.37875;2.1432
-1.7303;-0.37299;2.1421
-1.7341;-0.36768;2.1407
-1.7381;-0.36284;2.1389
-1.7422;-0.3585;2.1367
-1.7463;-0.35466;2.1341
-1.7506;-0.35135;2.1312
-1.7549;-0.34857;2.1279
-1.7593;-0.34635;2.1243
-1.7637;-0.34468;2.1203
-1.7682;-0.34357;2.1161
-1.7726;-0.34304;2.1116
-1.777;-0.34307;2.1068
-1.7814;-0.34367;2.1017
-1.7857;-0.34484;2.0964
-1.7899;-0.34658;2.0909
-1.7941;-0.34887;2.0852
-1.7981;-0.35171;2.0794
-1.8021;-0.35508;2.0734
-1.8058;-0.35898;2.0673
-1.8095;-0.36338;2.0611
-1.813;-0.36827;2.0548
-1.8163;-0.37364;2.0484
-1.8194;-0.37945;2.0421
-1.8223;-0.38569;2.0357
-1.8249;-0.39233;2.0294
-1.8274;-0.39935;2.0232
-1.8296;-0.40672;2.017
-1.8316;-0.4144;2.0109
-1.8333;-0.42237;2.0049
-1.8347;-0.43061;1.9991
-1.8359;-0.43906;1.9935
-1.8369;-0.44771;1.988
-1.698;-0.52735;2.0979
-1.6968;-0.51854;2.1023
-1.6958;-0.5096;2.1065
-1.6951;-0.50059;2.1105
-1.6947;-0.49151;2.1142
-1.6946;-0.48243;2.1176
-1.6947;-0.47336;2.1208
-1.6952;-0.46435;2.1236
-1.6959;-0.45543;2.1261
-1.6969;-0.44664;2.1282
-1.6982;-0.43801;2.1301
-1.6998;-0.42957;2.1316
-1.7016;-0.42137;2.1327
-1.7037;-0.41342;2.1335
-1.706;-0.40577;2.1339
-1.7086;-0.39844;2.134
-1.7115;-0.39146;2.1337
-1.7145;-0.38486;2.1331
-1.7177;-0.37866;2.1321
-1.7212;-0.3729;2.1307
-1.7248;-0.36759;2.129
-1.7286;-0.36275;2.127
-1.7326;-0.3584;2.1246
-1.7367;-0.35456;2.1219
-1.7409;-0.35125;2.1189
-1.7452;-0.34848;2.1156
-1.7496;-0.34625;2.112
-1.7541;-0.34458;2.1082
-1.7586;-0.34348;2.104
-1.7631;-0.34294;2.0997
-1.7677;-0.34298;2.0951
-1.7723;-0.34358;2.0903
-1.7769;-0.34476;2.0853
-1.7814;-0.34649;2.0802
-1.7858;-0.34879;2.0749
-1.7902;-0.35163;2.0695
-1.7945;-0.355;2.0639
-1.7987;-0.35891;2.0583
-1.8028;-0.36331;2.0527
-1.8067;-0.36821;2.047
-1.8105;-0.37358;2.0412
-1.8141;-0.3794;2.0355
-1.8175;-0.38564;2.0298
-1.8208;-0.39229;2.0242
-1.8238;-0.39932;2.0186
-1.8266;-0.40669;2.0132
-1.8291;-0.41438;2.0078
-1.8315;-0.42236;2.0026
-1.8335;-0.43059;1.9976
-1.8353;-0.43905;1.9927
-1.8369;-0.44771;1.988
-1.698;-0.52735;2.0979
-1.6962;-0.51867;2.1015
-1.6946;-0.50987;2.1049
-1.6933;-0.50098;2.108
-1.6923;-0.49204;2.1109
-1.6916;-0.48308;2.1135
-1.6912;-0.47413;2.1158
-1.6912;-0.46524;2.1179
-1.6914;-0.45644;2.1196
-1.6919;-0.44776;2.1211
-1.6927;-0.43924;2.1222
-1.6938;-0.43091;2.123
-1.6952;-0.4228;2.1235
-1.6968;-0.41495;2.1237
-1.6988;-0.40738;2.1236
-1.701;-0.40013;2.1232
-1.7035;-0.39323;2.1224
-1.7062;-0.3867;2.1213
-1.7092;-0.38056;2.1199
-1.7124;-0.37485;2.1183
-1.7159;-0.36958;2.1163
-1.7195;-0.36478;2.114
-1.7233;-0.36046;2.1114
-1.7273;-0.35664;2.1086
-1.7315;-0.35334;2.1055
-1.7358;-0.35057;2.1022
-1.7402;-0.34834;2.0986
-1.7447;-0.34666;2.0948
-1.7493;-0.34554;2.0909
-1.754;-0.34497;2.0867
-1.7588;-0.34497;2.0823
-1.7635;-0.34553;2.0778
-1.7683;-0.34665;2.0732
-1.7731;-0.34833;2.0684
-1.7779;-0.35056;2.0635
-1.7826;-0.35332;2.0586
-1.7873;-0.35662;2.0536
-1.7919;-0.36043;2.0485
-1.7964;-0.36475;2.0435
-1.8007;-0.36955;2.0384
-1.805;-0.37481;2.0333
-1.8091;-0.38052;2.0283
-1.813;-0.38665;2.0234
-1.8168;-0.39318;2.0185
-1.8203;-0.40009;2.0137
-1.8237;-0.40733;2.009
-1.8268;-0.4149;2.0045
-1.8297;-0.42275;2.0001
-1.8323;-0.43086;1.9959
-1.8347;-0.43919;1.9919
-1.8369;-0.44771;1.988
-1.698;-0.52735;2.0979
-1.6956;-0.51894;2.1006
-1.6935;-0.5104;2.1031
-1.6917;-0.50178;2.1053
-1.6901;-0.49309;2.1073
-1.6889;-0.48439;2.109
-1.688;-0.4757;2.1105
-1.6874;-0.46706;2.1118
-1.6871;-0.45849;2.1127
-1.6871;-0.45004;2.1134
-1.6874;-0.44174;2.1138
-1.6881;-0.43362;2.1139
-1.6891;-0.42572;2.1137
-1.6903;-0.41805;2.1133
-1.6919;-0.41066;2.1125
-1.6938;-0.40358;2.1116
-1.696;-0.39682;2.1103
-1.6984;-0.39043;2.1088
-1.7012;-0.38441;2.107
-1.7042;-0.37881;2.1049
-1.7074;-0.37363;2.1026
-1.7109;-0.3689;2.1001
-1.7146;-0.36464;2.0973
-1.7185;-0.36087;2.0944
-1.7226;-0.35759;2.0912
-1.7269;-0.35483;2.0878
-1.7313;-0.35259;2.0843
-1.7359;-0.35089;2.0806
-1.7406;-0.34972;2.0768
-1.7454;-0.3491;2.0728
-1.7503;-0.34902;2.0687
-1.7553;-0.34949;2.0645
-1.7603;-0.3505;2.0602
-1.7653;-0.35206;2.0558
-1.7704;-0.35415;2.0514
-1.7754;-0.35677;2.047
-1.7804;-0.3599;2.0425
-1.7854;-0.36354;2.0381
-1.7903;-0.36766;2.0337
-1.7951;-0.37226;2.0293
-1.7997;-0.37731;2.0249
-1.8043;-0.3828;2.0206
-1.8087;-0.38871;2.0165
-1.813;-0.395;2.0124
-1.817;-0.40165;2.0084
-1.8209;-0.40865;2.0046
-1.8246;-0.41596;2.0009
-1.828;-0.42355;1.9974
-1.8312;-0.43139;1.9941
-1.8342;-0.43945;1.991
-1.8369;-0.44771;1.988
-1.698;-0.52735;2.0979
-1.6951;-0.51933;2.0996
-1.6925;-0.5112;2.1012
-1.6901;-0.50297;2.1025
-1.6881;-0.49467;2.1036
-1.6863;-0.48635;2.1044
-1.6849;-0.47804;2.105
-1.6838;-0.46976;2.1053
-1.6831;-0.46155;2.1054
-1.6827;-0.45345;2.1053
-1.6826;-0.44548;2.1049
-1.6828;-0.43767;2.1043
-1.6834;-0.43006;2.1034
-1.6843;-0.42268;2.1023
-1.6856;-0.41556;2.1009
-1.6871;-0.40871;2.0994
-1.689;-0.40218;2.0976
-1.6912;-0.39599;2.0956
-1.6937;-0.39016;2.0933
-1.6965;-0.38471;2.0909
-1.6995;-0.37967;2.0883
-1.7029;-0.37505;2.0855
-1.7064;-0.37088;2.0826
-1.7103;-0.36717;2.0794
-1.7143;-0.36393;2.0762
-1.7186;-0.36118;2.0728
-1.723;-0.35893;2.0693
-1.7277;-0.35718;2.0657
-1.7325;-0.35596;2.062
-1.7374;-0.35525;2.0582
-1.7424;-0.35506;2.0544
-1.7476;-0.35539;2.0505
-1.7528;-0.35625;2.0466
-1.7581;-0.35762;2.0426
-1.7634;-0.35951;2.0387
-1.7687;-0.3619;2.0348
-1.774;-0.36479;2.0309
-1.7793;-0.36817;2.0271
-1.7846;-0.37201;2.0233
-1.7898;-0.37631;2.0197
-1.7949;-0.38105;2.0161
-1.7999;-0.38621;2.0126
-1.8047;-0.39176;2.0092
-1.8095;-0.3977;2.006
-1.814;-0.40399;2.0029
-1.8184;-0.41061;1.9999
-1.8225;-0.41754;1.9972
-1.8265;-0.42474;1.9946
-1.8302;-0.43219;1.9922
-1.8337;-0.43985;1.99
-1.8369;-0.44771;1.988
-1.698;-0.52735;2.0979
-1.6946;-0.51986;2.0986
-1.6915;-0.51224;2.0992
-1.6887;-0.50453;2.0996
-1.6862;-0.49675;2.0997
-1.684;-0.48893;2.0996
-1.6822;-0.48111;2.0993
-1.6806;-0.47331;2.0987
-1.6795;-0.46557;2.098
-1.6786;-0.45792;2.097
-1.6782;-0.45038;2.0958
-1.678;-0.44299;2.0944
-1.6783;-0.43577;2.0928
-1.6788;-0.42876;2.091
-1.6798;-0.42198;2.089
-1.681;-0.41546;2.0868
-1.6827;-0.40923;2.0845
-1.6846;-0.4033;2.0819
-1.6869;-0.39771;2.0793
-1.6895;-0.39247;2.0765
-1.6924;-0.3876;2.0735
-1.6956;-0.38313;2.0705
-1.6991;-0.37907;2.0673
-1.7028;-0.37544;2.064
-1.7068;-0.37225;2.0607
-1.7111;-0.36952;2.0573
-1.7156;-0.36725;2.0538
-1.7202;-0.36546;2.0503
-1.7251;-0.36415;2.0467
-1.7301;-0.36333;2.0432
-1.7353;-0.36299;2.0396
-1.7406;-0.36315;2.036
-1.746;-0.3638;2.0325
-1.7515;-0.36493;2.029
-1.7571;-0.36656;2.0256
-1.7626;-0.36865;2.0222
-1.7683;-0.37122;2.019
-1.7739;-0.37425;2.0158
-1.7795;-0.37772;2.0127
-1.785;-0.38163;2.0098
-1.7905;-0.38595;2.0069
-1.7959;-0.39068;2.0042
-1.8011;-0.39578;2.0017
-1.8063;-0.40125;1.9993
-1.8112;-0.40706;1.9972
-1.816;-0.41319;1.9951
-1.8207;-0.41961;1.9933
-1.8251;-0.4263;1.9917
-1.8293;-0.43323;1.9903
-1.8332;-0.44038;1.989
-1.8369;-0.44771;1.988
-1.698;-0.52735;2.0979
-1.6942;-0.5205;2.0977
-1.6907;-0.51352;2.0972
-1.6875;-0.50644;2.0966
-1.6846;-0.49929;2.0958
-1.682;-0.49208;2.0947
-1.6797;-0.48486;2.0935
-1.6778;-0.47766;2.092
-1.6763;-0.47049;2.0904
-1.6751;-0.46338;2.0885
-1.6743;-0.45638;2.0865
-1.6738;-0.44949;2.0843
-1.6737;-0.44276;2.082
-1.674;-0.4362;2.0795
-1.6747;-0.42985;2.0768
-1.6757;-0.42372;2.0741
-1.6771;-0.41784;2.0712
-1.6788;-0.41224;2.0681
-1.6809;-0.40694;2.065
-1.6833;-0.40195;2.0618
-1.6861;-0.39731;2.0585
-1.6892;-0.39301;2.0552
-1.6926;-0.3891;2.0518
-1.6963;-0.38556;2.0484
-1.7002;-0.38244;2.045
-1.7045;-0.37972;2.0415
-1.709;-0.37744;2.0381
-1.7137;-0.37558;2.0346
-1.7186;-0.37417;2.0312
-1.7237;-0.37321;2.0279
-1.729;-0.3727;2.0246
-1.7344;-0.37264;2.0214
-1.74;-0.37303;2.0183
-1.7457;-0.37388;2.0152
-1.7515;-0.37517;2.0123
-1.7573;-0.37691;2.0095
-1.7632;-0.37908;2.0068
-1.7691;-0.38168;2.0043
-1.7749;-0.3847;2.0019
-1.7808;-0.38813;1.9997
-1.7866;-0.39195;1.9977
-1.7923;-0.39614;1.9958
-1.7979;-0.4007;1.9941
-1.8034;-0.4056;1.9926
-1.8088;-0.41082;1.9914
-1.814;-0.41634;1.9903
-1.819;-0.42215;1.9894
-1.8238;-0.42821;1.9887
-1.8284;-0.43451;1.9883
-1.8328;-0.44102;1.988
-1.8369;-0.44771;1.988
-1.698;-0.52735;2.0979
-1.6939;-0.52125;2.0967
-1.69;-0.51501;2.0953
-1.6864;-0.50867;2.0937
-1.6832;-0.50225;2.0919
-1.6802;-0.49576;2.0899
-1.6777;-0.48925;2.0877
-1.6754;-0.48272;2.0853
-1.6736;-0.47622;2.0828
-1.6721;-0.46976;2.0801
-1.671;-0.46337;2.0773
-1.6702;-0.45708;2.0743
-1.6699;-0.45091;2.0712
-1.6699;-0.44488;2.068
-1.6704;-0.43902;2.0647
-1.6712;-0.43335;2.0613
-1.6723;-0.42789;2.0579
-1.6739;-0.42267;2.0544
-1.6758;-0.41771;2.0508
-1.6781;-0.41302;2.0472
-1.6808;-0.40863;2.0436
-1.6837;-0.40454;2.04
-1.6871;-0.40079;2.0364
-1.6907;-0.39737;2.0328
-1.6946;-0.39432;2.0293
-1.6989;-0.39163;2.0258
-1.7033;-0.38932;2.0224
-1.7081;-0.38739;2.019
-1.7131;-0.38586;2.0158
-1.7183;-0.38474;2.0127
-1.7237;-0.38402;2.0096
-1.7292;-0.3837;2.0068
-1.7349;-0.3838;2.004
-1.7408;-0.38431;2.0014
-1.7467;-0.38522;1.999
-1.7528;-0.38654;1.9968
-1.7588;-0.38825;1.9947
-1.765;-0.39036;1.9928
-1.7711;-0.39285;1.9912
-1.7772;-0.39572;1.9897
-1.7833;-0.39894;1.9884
-1.7893;-0.40252;1.9874
-1.7952;-0.40643;1.9865
-1.801;-0.41066;1.9859
-1.8067;-0.4152;1.9856
-1.8123;-0.42002;1.9854
-1.8176;-0.42511;1.9855
-1.8228;-0.43044;1.9858
-1.8277;-0.436;1.9863
-1.8324;-0.44176;1.9871
-1.8369;-0.44771;1.988
-1.698;-0.52735;2.0979
-1.6936;-0.52209;2.0957
-1.6894;-0.51669;2.0933
-1.6856;-0.51118;2.0908
-1.682;-0.50558;2.088
-1.6788;-0.49991;2.0851
-1.676;-0.49419;2.082
-1.6735;-0.48844;2.0787
-1.6714;-0.48268;2.0753
-1.6697;-0.47695;2.0718
-1.6683;-0.47126;2.0682
-1.6673;-0.46563;2.0645
-1.6668;-0.46009;2.0606
-1.6666;-0.45466;2.0567
-1.6669;-0.44935;2.0528
-1.6675;-0.4442;2.0488
-1.6685;-0.43922;2.0448
-1.6699;-0.43443;2.0408
-1.6717;-0.42985;2.0368
-1.6739;-0.42549;2.0328
-1.6764;-0.42138;2.0289
-1.6794;-0.41754;2.025
-1.6826;-0.41397;2.0212
-1.6862;-0.41068;2.0175
-1.6901;-0.40771;2.0138
-1.6943;-0.40504;2.0103
-1.6988;-0.40271;2.0069
-1.7036;-0.4007;2.0037
-1.7086;-0.39904;2.0006
-1.7139;-0.39773;1.9977
-1.7193;-0.39677;1.9949
-1.725;-0.39618;1.9924
-1.7308;-0.39594;1.99
-1.7368;-0.39606;1.9879
-1.7429;-0.39655;1.986
-1.7491;-0.39739;1.9843
-1.7553;-0.39859;1.9828
-1.7617;-0.40014;1.9816
-1.768;-0.40204;1.9806
-1.7743;-0.40427;1.9798
-1.7806;-0.40683;1.9793
-1.7869;-0.40971;1.9791
-1.793;-0.4129;1.9791
-1.7991;-0.41638;1.9794
-1.8051;-0.42014;1.9799
-1.8109;-0.42417;1.9806
-1.8165;-0.42844;1.9816
-1.8219;-0.43296;1.9829
-1.8271;-0.43768;1.9844
-1.8321;-0.44261;1.9861
-1.8369;-0.44771;1.988
-1.698;-0.52735;2.0979
-1.6934;-0.52301;2.0948
-1.689;-0.51854;2.0915
-1.6849;-0.51394;2.088
-1.6812;-0.50924;2.0843
-1.6778;-0.50446;2.0805
-1.6747;-0.4996;2.0765
-1.6721;-0.4947;2.0724
-1.6698;-0.48977;2.0681
-1.6678;-0.48484;2.0638
-1.6663;-0.47991;2.0594
-1.6652;-0.47501;2.0549
-1.6645;-0.47016;2.0504
-1.6642;-0.46538;2.0459
-1.6642;-0.46069;2.0413
-1.6647;-0.45611;2.0367
-1.6657;-0.45164;2.0322
-1.667;-0.44732;2.0277
-1.6687;-0.44316;2.0233
-1.6708;-0.43918;2.0189
-1.6732;-0.43538;2.0147
-1.6761;-0.43179;2.0105
-1.6793;-0.42842;2.0065
-1.6828;-0.42528;2.0026
-1.6867;-0.42239;1.9989
-1.6909;-0.41976;1.9954
-1.6954;-0.41739;1.992
-1.7002;-0.4153;1.9889
-1.7053;-0.4135;1.9859
-1.7106;-0.41199;1.9832
-1.7161;-0.41077;1.9807
-1.7219;-0.40986;1.9785
-1.7278;-0.40925;1.9765
-1.7338;-0.40896;1.9748
-1.74;-0.40897;1.9733
-1.7463;-0.4093;1.9722
-1.7527;-0.40993;1.9713
-1.7592;-0.41087;1.9707
-1.7657;-0.41211;1.9703
-1.7722;-0.41365;1.9703
-1.7786;-0.41548;1.9705
-1.7851;-0.41759;1.9711
-1.7914;-0.41999;1.9719
-1.7977;-0.42264;1.973
-1.8038;-0.42556;1.9744
-1.8098;-0.42871;1.976
-1.8157;-0.4321;1.9779
-1.8213;-0.43571;1.9801
-1.8267;-0.43953;1.9825
-1.8319;-0.44353;1.9851
-1.8369;-0.44771;1.988
-1.698;-0.52735;2.0979
-1.6932;-0.524;2.0939
-1.6887;-0.52052;2.0897
-1.6845;-0.5169;2.0853
-1.6806;-0.51317;2.0808
-1.6771;-0.50933;2.0761
-1.6739;-0.50541;2.0713
-1.6711;-0.50142;2.0663
-1.6687;-0.49738;2.0613
-1.6667;-0.49329;2.0562
-1.665;-0.48919;2.0511
-1.6638;-0.48507;2.0459
-1.663;-0.48097;2.0407
-1.6626;-0.47689;2.0355
-1.6626;-0.47285;2.0304
-1.663;-0.46888;2.0252
-1.6638;-0.46497;2.0202
-1.6651;-0.46116;2.0153
-1.6667;-0.45745;2.0104
-1.6687;-0.45385;2.0057
-1.6712;-0.45039;2.0012
-1.674;-0.44708;1.9968
-1.6771;-0.44393;1.9926
-1.6807;-0.44094;1.9885
-1.6846;-0.43815;1.9847
-1.6888;-0.43554;1.9812
-1.6933;-0.43315;1.9778
-1.6981;-0.43096;1.9748
-1.7032;-0.429;1.972
-1.7085;-0.42727;1.9695
-1.7141;-0.42578;1.9672
-1.7198;-0.42454;1.9653
-1.7258;-0.42354;1.9637
-1.7319;-0.42279;1.9624
-1.7382;-0.4223;1.9614
-1.7446;-0.42207;1.9607
-1.7511;-0.42209;1.9603
-1.7576;-0.42237;1.9603
-1.7642;-0.42291;1.9606
-1.7708;-0.42371;1.9613
-1.7774;-0.42476;1.9622
-1.7839;-0.42605;1.9635
-1.7904;-0.42759;1.9651
-1.7968;-0.42936;1.9669
-1.803;-0.43137;1.9691
-1.8091;-0.43359;1.9716
-1.8151;-0.43603;1.9744
-1.8209;-0.43867;1.9774
-1.8265;-0.44151;1.9807
-1.8318;-0.44452;1.9843
-1.8369;-0.44771;1.988
-1.698;-0.52735;2.0979
-1.6932;-0.52505;2.093
-1.6886;-0.5226;2.088
-1.6843;-0.52001;2.0828
-1.6804;-0.5173;2.0775
-1.6768;-0.51446;2.072
-1.6736;-0.51153;2.0664
-1.6707;-0.50849;2.0607
-1.6683;-0.50538;2.0549
-1.6662;-0.50219;2.0491
-1.6645;-0.49895;2.0433
-1.6632;-0.49566;2.0375
-1.6623;-0.49234;2.0316
-1.6619;-0.489;2.0259
-1.6618;-0.48565;2.0202
-1.6622;-0.48231;2.0145
-1.663;-0.47899;2.009
-1.6642;-0.47571;2.0037
-1.6658;-0.47247;1.9985
-1.6679;-0.46929;1.9934
-1.6703;-0.46618;1.9886
-1.6731;-0.46316;1.984
-1.6762;-0.46024;1.9796
-1.6797;-0.45742;1.9754
-1.6836;-0.45472;1.9715
-1.6878;-0.45215;1.9679
-1.6923;-0.44972;1.9646
-1.6971;-0.44744;1.9617
-1.7022;-0.44531;1.959
-1.7076;-0.44336;1.9566
-1.7132;-0.44158;1.9546
-1.719;-0.43997;1.953
-1.725;-0.43856;1.9517
-1.7311;-0.43734;1.9508
-1.7374;-0.43632;1.9502
-1.7438;-0.4355;1.95
-1.7503;-0.43489;1.9502
-1.7569;-0.43448;1.9507
-1.7635;-0.43428;1.9516
-1.7702;-0.43429;1.9528
-1.7768;-0.43452;1.9544
-1.7834;-0.43495;1.9564
-1.7899;-0.43559;1.9587
-1.7964;-0.43643;1.9613
-1.8027;-0.43748;1.9643
-1.8089;-0.43872;1.9675
-1.8149;-0.44016;1.9711
-1.8207;-0.44178;1.9749
-1.8263;-0.44359;1.9791
-1.8317;-0.44556;1.9834
-1.8369;-0.44771;1.988
-1.698;-0.52735;2.0979
-1.6932;-0.52612;2.0923
-1.6886;-0.52475;2.0865
-1.6844;-0.52323;2.0806
-1.6805;-0.52156;2.0745
-1.6769;-0.51977;2.0683
-1.6737;-0.51784;2.062
-1.6709;-0.5158;2.0556
-1.6684;-0.51365;2.0491
-1.6663;-0.51139;2.0427
-1.6647;-0.50903;2.0362
-1.6634;-0.5066;2.0298
-1.6626;-0.50408;2.0234
-1.6621;-0.50151;2.0171
-1.6621;-0.49887;2.0109
-1.6625;-0.4962;2.0048
-1.6633;-0.49348;1.9989
-1.6645;-0.49075;1.9931
-1.6661;-0.488;1.9876
-1.6682;-0.48525;1.9822
-1.6706;-0.48251;1.9771
-1.6734;-0.47979;1.9723
-1.6765;-0.4771;1.9677
-1.6801;-0.47445;1.9635
-1.6839;-0.47185;1.9595
-1.6881;-0.46931;1.9559
-1.6927;-0.46685;1.9526
-1.6975;-0.46446;1.9497
-1.7026;-0.46217;1.9472
-1.7079;-0.45998;1.945
-1.7135;-0.4579;1.9432
-1.7193;-0.45593;1.9418
-1.7252;-0.45409;1.9408
-1.7314;-0.45238;1.9402
-1.7377;-0.45081;1.94
-1.7441;-0.44938;1.9402
-1.7506;-0.44811;1.9409
-1.7572;-0.44699;1.9419
-1.7638;-0.44603;1.9433
-1.7704;-0.44523;1.9451
-1.777;-0.44461;1.9474
-1.7836;-0.44415;1.9499
-1.7901;-0.44386;1.9529
-1.7965;-0.44374;1.9562
-1.8028;-0.4438;1.9598
-1.809;-0.44403;1.9638
-1.815;-0.44443;1.9681
-1.8208;-0.445;1.9727
-1.8264;-0.44574;1.9775
-1.8317;-0.44664;1.9827
-1.8369;-0.44771;1.988
-1.698;-0.52735;2.0979
-1.6933;-0.52722;2.0916
-1.6888;-0.52694;2.0852
-1.6847;-0.5265;2.0786
-1.6809;-0.5259;2.0718
-1.6774;-0.52516;2.065
-1.6743;-0.52427;2.058
-1.6715;-0.52323;2.051
-1.6692;-0.52205;2.044
-1.6672;-0.52074;2.037
-1.6656;-0.51929;2.0299
-1.6644;-0.51772;2.023
-1.6636;-0.51603;2.0161
-1.6633;-0.51423;2.0093
-1.6633;-0.51232;2.0027
-1.6638;-0.51031;1.9962
-1.6646;-0.50822;1.9899
-1.6659;-0.50604;1.9838
-1.6676;-0.50379;1.9779
-1.6696;-0.50147;1.9723
-1.6721;-0.4991;1.967
-1.6749;-0.49669;1.962
-1.6781;-0.49424;1.9573
-1.6816;-0.49176;1.9529
-1.6855;-0.48926;1.9489
-1.6897;-0.48676;1.9452
-1.6942;-0.48426;1.942
-1.699;-0.48178;1.9391
-1.7041;-0.47931;1.9367
-1.7094;-0.47688;1.9347
-1.715;-0.47449;1.9331
-1.7207;-0.47216;1.9319
-1.7267;-0.46988;1.9312
-1.7328;-0.46767;1.9309
-1.739;-0.46554;1.931
-1.7454;-0.4635;1.9316
-1.7518;-0.46155;1.9327
-1.7583;-0.45971;1.9341
-1.7648;-0.45798;1.936
-1.7714;-0.45636;1.9383
-1.7779;-0.45486;1.9411
-1.7844;-0.4535;1.9442
-1.7908;-0.45226;1.9477
-1.7972;-0.45117;1.9517
-1.8034;-0.45022;1.9559
-1.8094;-0.44942;1.9605
-1.8153;-0.44877;1.9655
-1.8211;-0.44827;1.9707
-1.8266;-0.44792;1.9762
-1.8318;-0.44774;1.982
-1.8369;-0.44771;1.988
-1.698;-0.52735;2.0979
-1.6935;-0.52832;2.091
-1.6892;-0.52912;2.084
-1.6852;-0.52977;2.0769
-1.6816;-0.53025;2.0696
-1.6783;-0.53056;2.0622
-1.6753;-0.5307;2.0547
-1.6727;-0.53067;2.0471
-1.6705;-0.53046;2.0396
-1.6687;-0.53009;2.0321
-1.6672;-0.52955;2.0246
-1.6662;-0.52885;2.0172
-1.6655;-0.52798;2.0098
-1.6653;-0.52696;2.0027
-1.6655;-0.52577;1.9956
-1.666;-0.52444;1.9888
-1.667;-0.52296;1.9822
-1.6683;-0.52134;1.9758
-1.6701;-0.51959;1.9697
-1.6722;-0.51771;1.9638
-1.6747;-0.51571;1.9583
-1.6776;-0.5136;1.9531
-1.6808;-0.51139;1.9483
-1.6844;-0.50908;1.9438
-1.6883;-0.50669;1.9398
-1.6925;-0.50422;1.9361
-1.697;-0.50169;1.9329
-1.7018;-0.4991;1.9301
-1.7068;-0.49647;1.9277
-1.7121;-0.4938;1.9258
-1.7176;-0.4911;1.9244
-1.7233;-0.48839;1.9234
-1.7292;-0.48568;1.9229
-1.7352;-0.48297;1.9229
-1.7414;-0.48029;1.9233
-1.7476;-0.47763;1.9242
-1.754;-0.47501;1.9256
-1.7603;-0.47244;1.9275
-1.7667;-0.46993;1.9298
-1.7732;-0.46749;1.9325
-1.7796;-0.46513;1.9357
-1.7859;-0.46285;1.9393
-1.7922;-0.46068;1.9434
-1.7983;-0.45861;1.9478
-1.8044;-0.45665;1.9526
-1.8103;-0.45482;1.9577
-1.816;-0.45311;1.9632
-1.8216;-0.45154;1.969
-1.8269;-0.45011;1.9751
-1.832;-0.44883;1.9814
-1.8369;-0.44771;1.988
-1.698;-0.52735;2.0979
-1.6937;-0.5294;2.0906
-1.6897;-0.53128;2.0831
-1.686;-0.53299;2.0755
-1.6826;-0.53452;2.0677
-1.6795;-0.53587;2.0599
-1.6768;-0.53703;2.0519
-1.6744;-0.53799;2.044
-1.6724;-0.53875;2.036
-1.6708;-0.53931;2.0281
-1.6696;-0.53966;2.0202
-1.6687;-0.53981;2.0124
-1.6683;-0.53976;2.0048
-1.6682;-0.53949;1.9972
-1.6685;-0.53903;1.9899
-1.6692;-0.53835;1.9828
-1.6703;-0.53748;1.9759
-1.6718;-0.53641;1.9693
-1.6737;-0.53515;1.9629
-1.6759;-0.5337;1.9569
-1.6785;-0.53207;1.9512
-1.6815;-0.53026;1.9459
-1.6847;-0.52828;1.941
-1.6883;-0.52615;1.9365
-1.6923;-0.52386;1.9323
-1.6965;-0.52142;1.9287
-1.701;-0.51885;1.9254
-1.7057;-0.51616;1.9227
-1.7108;-0.51336;1.9204
-1.716;-0.51045;1.9186
-1.7214;-0.50746;1.9173
-1.727;-0.50438;1.9165
-1.7328;-0.50124;1.9162
-1.7387;-0.49805;1.9163
-1.7447;-0.49481;1.917
-1.7508;-0.49154;1.9182
-1.757;-0.48826;1.9199
-1.7632;-0.48498;1.922
-1.7695;-0.4817;1.9247
-1.7757;-0.47845;1.9278
-1.7819;-0.47523;1.9313
-1.788;-0.47207;1.9353
-1.7941;-0.46896;1.9398
-1.8;-0.46593;1.9446
-1.8059;-0.46298;1.9498
-1.8115;-0.46013;1.9554
-1.817;-0.45739;1.9613
-1.8223;-0.45476;1.9676
-1.8274;-0.45227;1.9741
-1.8323;-0.44991;1.981
-1.8369;-0.44771;1.988
-1.698;-0.52735;2.0979
-1.694;-0.53044;2.0902
-1.6903;-0.53337;2.0824
-1.6869;-0.53611;2.0744
-1.6838;-0.53867;2.0663
-1.6811;-0.54102;2.0581
-1.6787;-0.54316;2.0499
-1.6766;-0.54508;2.0416
-1.6749;-0.54678;2.0333
-1.6736;-0.54824;2.0251
-1.6726;-0.54946;2.0169
-1.672;-0.55044;2.0088
-1.6718;-0.55116;2.0009
-1.6719;-0.55164;1.9931
-1.6725;-0.55186;1.9856
-1.6734;-0.55184;1.9782
-1.6746;-0.55155;1.9711
-1.6763;-0.55102;1.9643
-1.6783;-0.55023;1.9578
-1.6807;-0.54919;1.9517
-1.6834;-0.54792;1.9459
-1.6864;-0.5464;1.9405
-1.6897;-0.54465;1.9354
-1.6934;-0.54268;1.9309
-1.6974;-0.54049;1.9267
-1.7016;-0.53809;1.923
-1.7061;-0.53549;1.9198
-1.7108;-0.5327;1.9171
-1.7158;-0.52973;1.9149
-1.7209;-0.52659;1.9131
-1.7263;-0.52331;1.9119
-1.7318;-0.51988;1.9112
-1.7374;-0.51632;1.9111
-1.7432;-0.51265;1.9114
-1.749;-0.50888;1.9123
-1.755;-0.50502;1.9137
-1.7609;-0.5011;1.9155
-1.767;-0.49712;1.9179
-1.773;-0.49311;1.9208
-1.7789;-0.48907;1.9242
-1.7849;-0.48503;1.928
-1.7908;-0.481;1.9323
-1.7965;-0.47699;1.9371
-1.8022;-0.47302;1.9422
-1.8077;-0.46912;1.9477
-1.8131;-0.46528;1.9537
-1.8183;-0.46153;1.9599
-1.8233;-0.45789;1.9665
-1.8281;-0.45436;1.9734
-1.8326;-0.45096;1.9806
-1.8369;-0.44771;1.988
-1.698;-0.52735;2.0979
-1.6944;-0.53144;2.09
-1.6911;-0.53536;2.0819
-1.6881;-0.53909;2.0737
-1.6854;-0.54261;2.0654
-1.683;-0.54592;2.057
-1.6809;-0.549;2.0485
-1.6792;-0.55184;2.04
-1.6778;-0.55442;2.0315
-1.6768;-0.55674;2.023
-1.6762;-0.55879;2.0147
-1.6759;-0.56055;2.0064
-1.676;-0.56203;1.9983
-1.6764;-0.56321;1.9904
-1.6772;-0.56409;1.9827
-1.6783;-0.56467;1.9752
-1.6798;-0.56495;1.968
-1.6817;-0.56492;1.961
-1.6839;-0.56458;1.9544
-1.6864;-0.56395;1.9482
-1.6892;-0.56301;1.9423
-1.6923;-0.56177;1.9368
-1.6958;-0.56024;1.9318
-1.6995;-0.55842;1.9271
-1.7035;-0.55632;1.923
-1.7077;-0.55395;1.9193
-1.7122;-0.55132;1.9161
-1.7169;-0.54844;1.9134
-1.7218;-0.54531;1.9112
-1.7269;-0.54196;1.9095
-1.7321;-0.5384;1.9084
-1.7375;-0.53463;1.9078
-1.743;-0.53068;1.9077
-1.7485;-0.52655;1.9081
-1.7542;-0.52228;1.9091
-1.7599;-0.51786;1.9106
-1.7657;-0.51333;1.9127
-1.7714;-0.50869;1.9152
-1.7772;-0.50397;1.9183
-1.7829;-0.49919;1.9218
-1.7885;-0.49436;1.9258
-1.7941;-0.4895;1.9303
-1.7995;-0.48463;1.9352
-1.8048;-0.47978;1.9406
-1.81;-0.47496;1.9464
-1.815;-0.47018;1.9525
-1.8198;-0.46548;1.959
-1.8244;-0.46086;1.9658
-1.8288;-0.45635;1.973
-1.833;-0.45196;1.9804
-1.8369;-0.44771;1.988
-1.698;-0.52735;2.0979
-1.6949;-0.53237;2.0899
-1.692;-0.53721;2.0817
-1.6894;-0.54186;2.0734
-1.6871;-0.5463;2.0649
-1.6852;-0.5505;2.0564
-1.6835;-0.55446;2.0478
-1.6822;-0.55815;2.0392
-1.6813;-0.56156;2.0306
-1.6806;-0.56468;2.0221
-1.6803;-0.5675;2.0136
-1.6804;-0.57;2.0053
-1.6808;-0.57217;1.9971
-1.6816;-0.57401;1.9891
-1.6826;-0.57551;1.9813
-1.6841;-0.57666;1.9737
-1.6858;-0.57746;1.9664
-1.6879;-0.57791;1.9595
-1.6903;-0.57799;1.9528
-1.6929;-0.57772;1.9465
-1.6959;-0.5771;1.9406
-1.6992;-0.57612;1.9351
-1.7027;-0.57479;1.93
-1.7065;-0.57312;1.9254
-1.7105;-0.57111;1.9212
-1.7148;-0.56877;1.9175
-1.7193;-0.56611;1.9143
-1.7239;-0.56314;1.9116
-1.7287;-0.55987;1.9094
-1.7337;-0.55632;1.9078
-1.7388;-0.55249;1.9067
-1.744;-0.54841;1.9061
-1.7494;-0.54409;1.906
-1.7548;-0.53954;1.9065
-1.7602;-0.53479;1.9076
-1.7657;-0.52985;1.9092
-1.7711;-0.52475;1.9113
-1.7766;-0.51949;1.9139
-1.782;-0.51412;1.917
-1.7874;-0.50863;1.9207
-1.7927;-0.50307;1.9248
-1.7978;-0.49744;1.9294
-1.8029;-0.49177;1.9344
-1.8078;-0.48609;1.9398
-1.8126;-0.48041;1.9457
-1.8172;-0.47476;1.9519
-1.8216;-0.46916;1.9586
-1.8258;-0.46364;1.9655
-1.8297;-0.4582;1.9727
-1.8334;-0.45289;1.9803
-1.8369;-0.44771;1.988
-1.698;-0.52735;2.0979
-1.6954;-0.53322;2.0899
-1.693;-0.53891;2.0817
-1.6909;-0.5444;2.0734
-1.6891;-0.54967;2.065
-1.6876;-0.55469;2.0565
-1.6864;-0.55944;2.0479
-1.6856;-0.56391;2.0393
-1.6851;-0.56808;2.0307
-1.6849;-0.57193;2.0222
-1.685;-0.57545;2.0137
-1.6854;-0.57862;2.0054
-1.6862;-0.58144;1.9972
-1.6873;-0.58388;1.9892
-1.6887;-0.58594;1.9814
-1.6905;-0.58761;1.9739
-1.6925;-0.58889;1.9666
-1.6948;-0.58977;1.9596
-1.6974;-0.59024;1.953
-1.7003;-0.59031;1.9467
-1.7034;-0.58998;1.9408
-1.7069;-0.58923;1.9353
-1.7105;-0.58809;1.9302
-1.7144;-0.58655;1.9255
-1.7184;-0.58462;1.9214
-1.7227;-0.58231;1.9177
-1.7272;-0.57962;1.9145
-1.7318;-0.57657;1.9118
-1.7365;-0.57317;1.9096
-1.7414;-0.56943;1.9079
-1.7463;-0.56537;1.9068
-1.7514;-0.561;1.9062
-1.7565;-0.55633;1.9062
-1.7617;-0.5514;1.9067
-1.7669;-0.54622;1.9077
-1.7721;-0.5408;1.9093
-1.7772;-0.53518;1.9114
-1.7824;-0.52936;1.914
-1.7874;-0.52338;1.9172
-1.7924;-0.51726;1.9208
-1.7973;-0.51102;1.9249
-1.8021;-0.50469;1.9294
-1.8067;-0.49829;1.9345
-1.8112;-0.49185;1.9399
-1.8155;-0.4854;1.9458
-1.8196;-0.47895;1.952
-1.8236;-0.47253;1.9586
-1.8272;-0.46617;1.9655
-1.8307;-0.4599;1.9728
-1.8339;-0.45374;1.9803
-1.8369;-0.44771;1.988
-1.698;-0.52735;2.0979
-1.6959;-0.53397;2.09
-1.6941;-0.54042;2.082
-1.6925;-0.54666;2.0738
-1.6912;-0.55266;2.0655
-1.6903;-0.55841;2.0571
-1.6896;-0.56387;2.0487
-1.6893;-0.56904;2.0402
-1.6892;-0.57388;2.0318
-1.6895;-0.57839;2.0233
-1.6901;-0.58253;2.015
-1.6909;-0.5863;2.0068
-1.6921;-0.58968;1.9987
-1.6936;-0.59266;1.9908
-1.6954;-0.59522;1.9831
-1.6974;-0.59736;1.9756
-1.6998;-0.59906;1.9684
-1.7024;-0.60032;1.9615
-1.7052;-0.60114;1.9549
-1.7083;-0.60151;1.9487
-1.7116;-0.60143;1.9428
-1.7152;-0.6009;1.9373
-1.719;-0.59992;1.9323
-1.7229;-0.5985;1.9277
-1.727;-0.59664;1.9235
-1.7313;-0.59435;1.9198
-1.7358;-0.59164;1.9166
-1.7403;-0.58852;1.9139
-1.745;-0.585;1.9117
-1.7497;-0.58109;1.91
-1.7545;-0.57682;1.9089
-1.7594;-0.57219;1.9083
-1.7643;-0.56723;1.9082
-1.7692;-0.56196;1.9086
-1.7741;-0.55639;1.9096
-1.779;-0.55055;1.9111
-1.7839;-0.54446;1.9131
-1.7886;-0.53814;1.9156
-1.7933;-0.53163;1.9186
-1.7979;-0.52494;1.9221
-1.8024;-0.5181;1.9261
-1.8067;-0.51115;1.9306
-1.8109;-0.5041;1.9355
-1.8149;-0.49698;1.9408
-1.8187;-0.48983;1.9466
-1.8223;-0.48267;1.9527
-1.8257;-0.47552;1.9591
-1.8289;-0.46843;1.9659
-1.8318;-0.46141;1.973
-1.8345;-0.45449;1.9804
-1.8369;-0.44771;1.988
-1.698;-0.52735;2.0979
-1.6965;-0.53463;2.0903
-1.6952;-0.54172;2.0825
-1.6942;-0.5486;2.0746
-1.6935;-0.55524;2.0665
-1.6931;-0.56161;2.0584
-1.693;-0.56769;2.0502
-1.6932;-0.57345;2.042
-1.6936;-0.57887;2.0337
-1.6944;-0.58394;2.0255
-1.6955;-0.58862;2.0174
-1.6968;-0.5929;2.0094
-1.6984;-0.59677;2.0015
-1.7003;-0.60021;1.9938
-1.7024;-0.6032;1.9862
-1.7049;-0.60574;1.9789
-1.7075;-0.60781;1.9719
-1.7104;-0.6094;1.9651
-1.7135;-0.61051;1.9586
-1.7168;-0.61114;1.9525
-1.7204;-0.61128;1.9467
-1.7241;-0.61093;1.9413
-1.728;-0.6101;1.9363
-1.732;-0.60878;1.9317
-1.7362;-0.60698;1.9276
-1.7405;-0.60471;1.9239
-1.7449;-0.60198;1.9207
-1.7494;-0.5988;1.918
-1.754;-0.59517;1.9157
-1.7586;-0.59113;1.914
-1.7633;-0.58667;1.9128
-1.768;-0.58182;1.9121
-1.7726;-0.5766;1.9119
-1.7773;-0.57103;1.9122
-1.7819;-0.56513;1.913
-1.7865;-0.55893;1.9144
-1.7909;-0.55244;1.9162
-1.7953;-0.54569;1.9186
-1.7996;-0.53872;1.9214
-1.8038;-0.53154;1.9248
-1.8078;-0.52419;1.9286
-1.8116;-0.5167;1.9328
-1.8153;-0.50909;1.9375
-1.8188;-0.50139;1.9426
-1.8221;-0.49364;1.9481
-1.8251;-0.48587;1.9539
-1.828;-0.4781;1.9602
-1.8306;-0.47037;1.9667
-1.8329;-0.46271;1.9735
-1.835;-0.45514;1.9807
-1.8369;-0.44771;1.988
-1.698;-0.52735;2.0979
-1.6971;-0.53516;2.0907
-1.6964;-0.54279;2.0833
-1.696;-0.55019;2.0757
-1.6959;-0.55735;2.068
-1.6961;-0.56424;2.0602
-1.6965;-0.57082;2.0524
-1.6973;-0.57707;2.0445
-1.6983;-0.58297;2.0366
-1.6996;-0.5885;2.0287
-1.7011;-0.59362;2.0209
-1.7029;-0.59833;2.0132
-1.705;-0.6026;2.0056
-1.7073;-0.60641;1.9981
-1.7098;-0.60976;1.9908
-1.7126;-0.61262;1.9838
-1.7156;-0.61499;1.9769
-1.7188;-0.61686;1.9703
-1.7222;-0.61821;1.964
-1.7258;-0.61905;1.958
-1.7295;-0.61937;1.9524
-1.7334;-0.61918;1.9471
-1.7374;-0.61846;1.9422
-1.7416;-0.61722;1.9377
-1.7458;-0.61547;1.9336
-1.7501;-0.61322;1.9299
-1.7545;-0.61047;1.9267
-1.759;-0.60724;1.9239
-1.7634;-0.60353;1.9216
-1.7679;-0.59937;1.9198
-1.7724;-0.59476;1.9185
-1.7769;-0.58974;1.9176
-1.7813;-0.5843;1.9173
-1.7857;-0.57849;1.9174
-1.79;-0.57232;1.9181
-1.7942;-0.56581;1.9192
-1.7983;-0.55899;1.9208
-1.8023;-0.5519;1.9229
-1.8062;-0.54454;1.9255
-1.8099;-0.53697;1.9286
-1.8134;-0.52919;1.9321
-1.8168;-0.52126;1.936
-1.8199;-0.51319;1.9404
-1.8229;-0.50501;1.9451
-1.8256;-0.49677;1.9503
-1.8281;-0.4885;1.9558
-1.8304;-0.48022;1.9616
-1.8324;-0.47197;1.9678
-1.8341;-0.46377;1.9743
-1.8356;-0.45568;1.981
-1.8369;-0.44771;1.988
