-0.27435;-0.013035;1.7732
-0.27099;-0.022071;1.7667
-0.26724;-0.031088;1.7606
-0.26314;-0.04005;1.7546
-0.2587;-0.048921;1.749
-0.25393;-0.057668;1.7437
-0.24885;-0.066254;1.7387
-0.24349;-0.074646;1.734
-0.23786;-0.082812;1.7297
-0.23199;-0.090719;1.7258
-0.22589;-0.098335;1.7223
-0.2196;-0.10563;1.7192
-0.21314;-0.11258;1.7166
-0.20654;-0.11915;1.7143
-0.19981;-0.12532;1.7125
-0.19299;-0.13106;1.7112
-0.1861;-0.13635;1.7103
-0.17918;-0.14117;1.7099
-0.17224;-0.1455;1.7099
-0.16532;-0.14933;1.7104
-0.15844;-0.15263;1.7113
-0.15163;-0.1554;1.7127
-0.14491;-0.15763;1.7146
-0.13832;-0.15929;1.7169
-0.13188;-0.1604;1.7196
-0.12562;-0.16095;1.7228
-0.11955;-0.16092;1.7263
-0.11371;-0.16033;1.7303
-0.10811;-0.15917;1.7346
-0.10279;-0.15746;1.7394
-0.097748;-0.15519;1.7444
-0.093019;-0.15237;1.7498
-0.088619;-0.14902;1.7554
-0.084564;-0.14515;1.7614
-0.08087;-0.14078;1.7676
-0.077552;-0.13592;1.7741
-0.074624;-0.13059;1.7807
-0.072096;-0.12481;1.7876
-0.069979;-0.1186;1.7945
-0.068281;-0.112;1.8017
-0.067009;-0.10502;1.8089
-0.066168;-0.097698;1.8162
-0.06576;-0.090056;1.8235
-0.065788;-0.082126;1.8308
-0.066252;-0.073939;1.8382
-0.06715;-0.065529;1.8454
-0.068478;-0.056928;1.8526
-0.07023;-0.048169;1.8597
-0.072401;-0.039289;1.8667
-0.074982;-0.030321;1.8735
-0.077961;-0.021301;1.8802
-0.27435;-0.013035;1.7732
-0.27137;-0.022578;1.7674
-0.26802;-0.0321;1.7619
-0.2643;-0.041562;1.7567
-0.26024;-0.050929;1.7517
-0.25584;-0.060162;1.747
-0.25113;-0.069225;1.7426
-0.24613;-0.078083;1.7386
-0.24084;-0.086701;1.7349
-0.2353;-0.095044;1.7316
-0.22953;-0.10308;1.7286
-0.22355;-0.11078;1.7261
-0.21738;-0.1181;1.7239
-0.21105;-0.12503;1.7221
-0.20458;-0.13154;1.7208
-0.198;-0.13759;1.7199
-0.19133;-0.14316;1.7194
-0.1846;-0.14824;1.7193
-0.17784;-0.15281;1.7196
-0.17107;-0.15683;1.7204
-0.16433;-0.16031;1.7216
-0.15762;-0.16322;1.7231
-0.151;-0.16555;1.7252
-0.14447;-0.1673;1.7276
-0.13806;-0.16846;1.7304
-0.13181;-0.16902;1.7335
-0.12573;-0.16898;1.7371
-0.11985;-0.16834;1.741
-0.1142;-0.1671;1.7452
-0.10878;-0.16528;1.7498
-0.10364;-0.16286;1.7546
-0.098776;-0.15988;1.7598
-0.094221;-0.15633;1.7652
-0.08999;-0.15223;1.7708
-0.086098;-0.14759;1.7767
-0.082562;-0.14245;1.7828
-0.079395;-0.1368;1.789
-0.07661;-0.13069;1.7954
-0.074218;-0.12413;1.8019
-0.072228;-0.11715;1.8085
-0.070649;-0.10977;1.8152
-0.069485;-0.10202;1.8219
-0.068743;-0.093944;1.8287
-0.068425;-0.085562;1.8354
-0.068532;-0.076911;1.8421
-0.069063;-0.068023;1.8488
-0.070018;-0.058935;1.8553
-0.071391;-0.049682;1.8618
-0.073177;-0.0403;1.8681
-0.07537;-0.030828;1.8742
-0.077961;-0.021301;1.8802
-0.27435;-0.013035;1.7732
-0.27181;-0.022935;1.7682
-0.26888;-0.032811;1.7634
-0.2656;-0.042626;1.7589
-0.26195;-0.05234;1.7547
-0.25797;-0.061916;1.7508
-0.25367;-0.071315;1.7471
-0.24906;-0.0805;1.7438
-0.24416;-0.089436;1.7408
-0.239;-0.098086;1.7381
-0.23358;-0.10642;1.7358
-0.22794;-0.11439;1.7339
-0.2221;-0.12199;1.7323
-0.21607;-0.12917;1.731
-0.20989;-0.13591;1.7302
-0.20357;-0.14218;1.7297
-0.19715;-0.14796;1.7297
-0.19064;-0.15322;1.73
-0.18408;-0.15794;1.7307
-0.17748;-0.16211;1.7317
-0.17088;-0.16571;1.7332
-0.1643;-0.16872;1.735
-0.15777;-0.17113;1.7371
-0.1513;-0.17293;1.7397
-0.14494;-0.17412;1.7425
-0.1387;-0.17469;1.7457
-0.13261;-0.17464;1.7493
-0.12669;-0.17397;1.7531
-0.12097;-0.17268;1.7572
-0.11546;-0.17077;1.7616
-0.11019;-0.16826;1.7662
-0.10518;-0.16515;1.7711
-0.10046;-0.16146;1.7762
-0.096028;-0.1572;1.7815
-0.091916;-0.15239;1.787
-0.088137;-0.14704;1.7926
-0.084705;-0.14118;1.7984
-0.081634;-0.13483;1.8043
-0.078935;-0.12802;1.8103
-0.076621;-0.12076;1.8163
-0.074699;-0.1131;1.8224
-0.073178;-0.10506;1.8285
-0.072063;-0.096679;1.8346
-0.071359;-0.087979;1.8406
-0.071069;-0.079;1.8466
-0.071193;-0.069777;1.8525
-0.071731;-0.060347;1.8583
-0.072682;-0.050746;1.864
-0.074041;-0.041012;1.8696
-0.075803;-0.031184;1.875
-0.077961;-0.021301;1.8802
-0.27435;-0.013035;1.7732
-0.27228;-0.023135;1.769
-0.26982;-0.033211;1.7651
-0.267;-0.043224;1.7615
-0.26381;-0.053134;1.7581
-0.26028;-0.062903;1.7549
-0.25642;-0.07249;1.7521
-0.25225;-0.08186;1.7495
-0.24777;-0.090974;1.7473
-0.24301;-0.099796;1.7454
-0.23798;-0.10829;1.7437
-0.23271;-0.11643;1.7425
-0.22722;-0.12418;1.7415
-0.22153;-0.1315;1.7409
-0.21565;-0.13837;1.7406
-0.20963;-0.14476;1.7407
-0.20347;-0.15065;1.7411
-0.1972;-0.15602;1.7418
-0.19085;-0.16083;1.7429
-0.18444;-0.16508;1.7443
-0.17799;-0.16874;1.746
-0.17155;-0.17181;1.748
-0.16511;-0.17427;1.7504
-0.15873;-0.1761;1.7531
-0.15241;-0.17731;1.756
-0.14618;-0.17789;1.7592
-0.14008;-0.17783;1.7627
-0.13411;-0.17714;1.7665
-0.12831;-0.17581;1.7704
-0.12271;-0.17387;1.7746
-0.11731;-0.1713;1.7791
-0.11214;-0.16812;1.7837
-0.10723;-0.16435;1.7884
-0.10258;-0.16;1.7933
-0.098234;-0.15508;1.7984
-0.09419;-0.14962;1.8035
-0.09047;-0.14364;1.8088
-0.087088;-0.13716;1.8141
-0.084057;-0.1302;1.8195
-0.08139;-0.1228;1.8249
-0.079097;-0.11498;1.8303
-0.077187;-0.10678;1.8357
-0.075668;-0.098217;1.8411
-0.074545;-0.089339;1.8464
-0.073823;-0.080176;1.8516
-0.073505;-0.070764;1.8567
-0.073592;-0.061141;1.8617
-0.074084;-0.051344;1.8666
-0.074979;-0.041412;1.8713
-0.076273;-0.031385;1.8758
-0.077961;-0.021301;1.8802
-0.27435;-0.013035;1.7732
-0.27278;-0.023176;1.7699
-0.27082;-0.033294;1.767
-0.26849;-0.043348;1.7642
-0.26579;-0.053298;1.7617
-0.26274;-0.063106;1.7594
-0.25935;-0.072732;1.7574
-0.25563;-0.08214;1.7557
-0.2516;-0.09129;1.7543
-0.24727;-0.10015;1.7532
-0.24266;-0.10868;1.7523
-0.23778;-0.11685;1.7517
-0.23267;-0.12463;1.7515
-0.22733;-0.13198;1.7515
-0.22178;-0.13888;1.7518
-0.21606;-0.1453;1.7524
-0.21018;-0.15121;1.7533
-0.20417;-0.15659;1.7545
-0.19804;-0.16143;1.756
-0.19183;-0.16569;1.7578
-0.18556;-0.16937;1.7598
-0.17925;-0.17245;1.7621
-0.17293;-0.17491;1.7647
-0.16662;-0.17675;1.7675
-0.16035;-0.17797;1.7705
-0.15414;-0.17855;1.7738
-0.14802;-0.17849;1.7772
-0.142;-0.17779;1.7809
-0.13613;-0.17646;1.7847
-0.13041;-0.1745;1.7887
-0.12487;-0.17192;1.7929
-0.11954;-0.16873;1.7972
-0.11442;-0.16495;1.8016
-0.10956;-0.16057;1.8061
-0.10495;-0.15564;1.8107
-0.10063;-0.15015;1.8153
-0.096599;-0.14415;1.82
-0.092886;-0.13764;1.8247
-0.089503;-0.13065;1.8295
-0.086461;-0.12322;1.8342
-0.083773;-0.11537;1.8389
-0.081449;-0.10713;1.8435
-0.0795;-0.098534;1.8481
-0.077932;-0.089619;1.8525
-0.076751;-0.080418;1.8569
-0.075963;-0.070967;1.8612
-0.07557;-0.061304;1.8653
-0.075575;-0.051467;1.8693
-0.075976;-0.041494;1.8731
-0.076772;-0.031426;1.8767
-0.077961;-0.021301;1.8802
-0.27435;-0.013035;1.7732
-0.2733;-0.023058;1.7709
-0.27186;-0.033057;1.7689
-0.27004;-0.042994;1.7671
-0.26786;-0.052829;1.7655
-0.26531;-0.062523;1.7642
-0.26241;-0.072038;1.7631
-0.25917;-0.081336;1.7623
-0.2556;-0.090381;1.7617
-0.25172;-0.099138;1.7614
-0.24754;-0.10757;1.7613
-0.24307;-0.11565;1.7615
-0.23835;-0.12333;1.762
-0.23338;-0.1306;1.7627
-0.22818;-0.13742;1.7637
-0.22278;-0.14377;1.7649
-0.21719;-0.14962;1.7663
-0.21144;-0.15494;1.768
-0.20556;-0.15972;1.7699
-0.19955;-0.16394;1.7721
-0.19346;-0.16757;1.7745
-0.18729;-0.17062;1.777
-0.18108;-0.17306;1.7798
-0.17486;-0.17488;1.7827
-0.16863;-0.17608;1.7859
-0.16244;-0.17666;1.7892
-0.1563;-0.1766;1.7926
-0.15024;-0.17592;1.7962
-0.14428;-0.17461;1.7998
-0.13845;-0.17268;1.8036
-0.13277;-0.17013;1.8075
-0.12726;-0.16698;1.8115
-0.12194;-0.16324;1.8155
-0.11683;-0.15892;1.8196
-0.11196;-0.15404;1.8237
-0.10734;-0.14863;1.8278
-0.103;-0.14269;1.8319
-0.098938;-0.13626;1.8359
-0.095186;-0.12936;1.84
-0.091752;-0.12202;1.844
-0.088652;-0.11426;1.8479
-0.085898;-0.10612;1.8517
-0.083499;-0.097625;1.8555
-0.081466;-0.088815;1.8591
-0.079807;-0.079723;1.8626
-0.078528;-0.070384;1.8659
-0.077635;-0.060835;1.8691
-0.07713;-0.051113;1.8722
-0.077016;-0.041258;1.875
-0.077294;-0.031307;1.8777
-0.077961;-0.021301;1.8802
-0.27435;-0.013035;1.7732
-0.27383;-0.022781;1.7719
-0.27293;-0.032506;1.7709
-0.27164;-0.042169;1.7701
-0.26998;-0.051734;1.7695
-0.26794;-0.061162;1.7691
-0.26554;-0.070417;1.769
-0.26279;-0.079462;1.7691
-0.2597;-0.08826;1.7694
-0.25628;-0.096779;1.77
-0.25254;-0.10498;1.7707
-0.2485;-0.11284;1.7717
-0.24418;-0.12032;1.7729
-0.23959;-0.12739;1.7743
-0.23474;-0.13403;1.776
-0.22967;-0.14021;1.7778
-0.22438;-0.1459;1.7798
-0.21891;-0.15108;1.782
-0.21326;-0.15574;1.7844
-0.20747;-0.15984;1.787
-0.20156;-0.16339;1.7897
-0.19554;-0.16636;1.7925
-0.18945;-0.16873;1.7955
-0.18331;-0.17051;1.7986
-0.17713;-0.17169;1.8018
-0.17096;-0.17226;1.8051
-0.1648;-0.17221;1.8085
-0.15869;-0.17155;1.812
-0.15265;-0.17028;1.8155
-0.1467;-0.16841;1.8191
-0.14087;-0.16594;1.8227
-0.13518;-0.16289;1.8263
-0.12964;-0.15926;1.83
-0.1243;-0.15506;1.8336
-0.11915;-0.15033;1.8371
-0.11423;-0.14507;1.8407
-0.10956;-0.1393;1.8442
-0.10515;-0.13305;1.8476
-0.10102;-0.12635;1.8509
-0.097182;-0.11921;1.8542
-0.093659;-0.11167;1.8573
-0.090462;-0.10376;1.8603
-0.087603;-0.095504;1.8632
-0.085093;-0.086941;1.8659
-0.082943;-0.078102;1.8685
-0.081161;-0.069024;1.8709
-0.079753;-0.05974;1.8731
-0.078726;-0.050288;1.8752
-0.078084;-0.040706;1.877
-0.077828;-0.031031;1.8787
-0.077961;-0.021301;1.8802
-0.27435;-0.013035;1.7732
-0.27437;-0.022351;1.7729
-0.27401;-0.031647;1.7729
-0.27325;-0.040886;1.7731
-0.27211;-0.050031;1.7735
-0.2706;-0.059046;1.7742
-0.26871;-0.067896;1.775
-0.26646;-0.076546;1.776
-0.26385;-0.084961;1.7773
-0.26089;-0.093109;1.7787
-0.2576;-0.10096;1.7803
-0.25399;-0.10847;1.7821
-0.25007;-0.11563;1.7841
-0.24586;-0.1224;1.7862
-0.24137;-0.12875;1.7885
-0.23663;-0.13467;1.791
-0.23165;-0.14012;1.7936
-0.22644;-0.14508;1.7963
-0.22104;-0.14954;1.7992
-0.21547;-0.15348;1.8021
-0.20974;-0.15687;1.8052
-0.20387;-0.15972;1.8083
-0.1979;-0.16201;1.8115
-0.19184;-0.16372;1.8148
-0.18572;-0.16486;1.8181
-0.17956;-0.16541;1.8214
-0.17339;-0.16537;1.8248
-0.16722;-0.16476;1.8282
-0.1611;-0.16356;1.8316
-0.15503;-0.16178;1.8349
-0.14905;-0.15943;1.8382
-0.14317;-0.15652;1.8415
-0.13743;-0.15306;1.8447
-0.13183;-0.14906;1.8479
-0.12641;-0.14455;1.8509
-0.12119;-0.13953;1.8539
-0.11619;-0.13402;1.8567
-0.11142;-0.12806;1.8595
-0.1069;-0.12166;1.8621
-0.10266;-0.11484;1.8646
-0.098714;-0.10764;1.8669
-0.09507;-0.10009;1.869
-0.091746;-0.092205;1.871
-0.088755;-0.084025;1.8728
-0.086109;-0.075581;1.8745
-0.083818;-0.066907;1.8759
-0.081892;-0.058037;1.8772
-0.080338;-0.049005;1.8782
-0.079162;-0.039848;1.8791
-0.078368;-0.030601;1.8797
-0.077961;-0.021301;1.8802
-0.27435;-0.013035;1.7732
-0.27491;-0.021775;1.774
-0.27508;-0.030496;1.775
-0.27485;-0.039164;1.7762
-0.27424;-0.047746;1.7776
-0.27324;-0.056207;1.7792
-0.27186;-0.064514;1.781
-0.27009;-0.072635;1.783
-0.26796;-0.080536;1.7852
-0.26547;-0.088187;1.7875
-0.26262;-0.095558;1.79
-0.25943;-0.10262;1.7926
-0.25592;-0.10934;1.7953
-0.25209;-0.1157;1.7982
-0.24796;-0.12168;1.8012
-0.24354;-0.12724;1.8043
-0.23886;-0.13236;1.8074
-0.23393;-0.13703;1.8107
-0.22878;-0.14123;1.814
-0.22341;-0.14494;1.8174
-0.21786;-0.14814;1.8208
-0.21215;-0.15082;1.8242
-0.20629;-0.15298;1.8276
-0.20032;-0.15461;1.8311
-0.19425;-0.15569;1.8345
-0.18811;-0.15622;1.8378
-0.18192;-0.15621;1.8412
-0.1757;-0.15564;1.8445
-0.16949;-0.15453;1.8477
-0.16331;-0.15288;1.8508
-0.15718;-0.15069;1.8538
-0.15112;-0.14798;1.8568
-0.14516;-0.14475;1.8596
-0.13932;-0.14101;1.8622
-0.13363;-0.13679;1.8648
-0.12811;-0.13209;1.8672
-0.12277;-0.12694;1.8694
-0.11765;-0.12136;1.8714
-0.11275;-0.11537;1.8733
-0.10811;-0.10899;1.875
-0.10374;-0.10225;1.8765
-0.09965;-0.095166;1.8778
-0.095863;-0.087779;1.8789
-0.092394;-0.080114;1.8798
-0.089255;-0.0722;1.8805
-0.086459;-0.064069;1.881
-0.084018;-0.055752;1.8813
-0.081939;-0.047284;1.8813
-0.080233;-0.038697;1.8811
-0.078905;-0.030024;1.8808
-0.077961;-0.021301;1.8802
-0.27435;-0.013035;1.7732
-0.27543;-0.02106;1.775
-0.27612;-0.02907;1.777
-0.27642;-0.037032;1.7792
-0.27632;-0.044916;1.7817
-0.27582;-0.052691;1.7842
-0.27493;-0.060326;1.787
-0.27365;-0.06779;1.7899
-0.27199;-0.075054;1.793
-0.26995;-0.08209;1.7962
-0.26754;-0.08887;1.7995
-0.26476;-0.095366;1.8029
-0.26164;-0.10155;1.8064
-0.25818;-0.10741;1.81
-0.2544;-0.11291;1.8137
-0.2503;-0.11803;1.8174
-0.24592;-0.12275;1.8211
-0.24126;-0.12706;1.8249
-0.23634;-0.13093;1.8287
-0.23119;-0.13436;1.8324
-0.22581;-0.13732;1.8362
-0.22025;-0.1398;1.8399
-0.2145;-0.14181;1.8436
-0.20861;-0.14332;1.8471
-0.20259;-0.14433;1.8507
-0.19646;-0.14484;1.8541
-0.19026;-0.14485;1.8574
-0.184;-0.14435;1.8606
-0.1777;-0.14336;1.8636
-0.17141;-0.14186;1.8665
-0.16513;-0.13987;1.8693
-0.15889;-0.1374;1.8718
-0.15272;-0.13445;1.8742
-0.14665;-0.13104;1.8764
-0.14069;-0.12718;1.8785
-0.13487;-0.12289;1.8803
-0.12921;-0.11818;1.8819
-0.12374;-0.11307;1.8833
-0.11848;-0.10758;1.8844
-0.11344;-0.10174;1.8853
-0.10865;-0.095557;1.886
-0.10413;-0.089069;1.8865
-0.09989;-0.082297;1.8867
-0.095953;-0.075269;1.8867
-0.092332;-0.068011;1.8865
-0.089042;-0.060552;1.886
-0.086096;-0.052923;1.8853
-0.083506;-0.045152;1.8843
-0.081281;-0.03727;1.8832
-0.07943;-0.02931;1.8818
-0.077961;-0.021301;1.8802
-0.27435;-0.013035;1.7732
-0.27594;-0.020219;1.776
-0.27713;-0.027391;1.779
-0.27792;-0.034523;1.7822
-0.27832;-0.041586;1.7856
-0.27831;-0.048553;1.7891
-0.27789;-0.055395;1.7928
-0.27708;-0.062087;1.7966
-0.27586;-0.068602;1.8006
-0.27425;-0.074914;1.8046
-0.27226;-0.080998;1.8088
-0.26989;-0.08683;1.813
-0.26714;-0.092387;1.8172
-0.26404;-0.097647;1.8215
-0.26059;-0.10259;1.8258
-0.25681;-0.10719;1.8302
-0.25271;-0.11144;1.8345
-0.2483;-0.11532;1.8387
-0.24361;-0.11881;1.843
-0.23866;-0.1219;1.8471
-0.23346;-0.12458;1.8512
-0.22803;-0.12683;1.8552
-0.2224;-0.12865;1.8591
-0.21659;-0.13003;1.8628
-0.21061;-0.13096;1.8664
-0.2045;-0.13145;1.8699
-0.19828;-0.13148;1.8731
-0.19197;-0.13107;1.8762
-0.1856;-0.1302;1.8791
-0.17919;-0.12889;1.8818
-0.17277;-0.12713;1.8843
-0.16636;-0.12495;1.8865
-0.15999;-0.12233;1.8885
-0.15369;-0.11931;1.8903
-0.14747;-0.11587;1.8918
-0.14137;-0.11205;1.8931
-0.1354;-0.10786;1.894
-0.1296;-0.10331;1.8948
-0.12398;-0.098412;1.8952
-0.11856;-0.093199;1.8954
-0.11338;-0.087685;1.8953
-0.10844;-0.081893;1.895
-0.10376;-0.075846;1.8943
-0.099375;-0.069567;1.8935
-0.095291;-0.063081;1.8923
-0.091526;-0.056414;1.8909
-0.088095;-0.049592;1.8892
-0.085012;-0.042642;1.8873
-0.082288;-0.035592;1.8851
-0.079935;-0.028469;1.8828
-0.077961;-0.021301;1.8802
-0.27435;-0.013035;1.7732
-0.27642;-0.019265;1.7769
-0.27808;-0.025487;1.7809
-0.27935;-0.031676;1.785
-0.2802;-0.037807;1.7893
-0.28065;-0.043857;1.7938
-0.28069;-0.049802;1.7984
-0.28031;-0.055618;1.8031
-0.27952;-0.061282;1.8079
-0.27832;-0.066772;1.8127
-0.27672;-0.072066;1.8176
-0.27472;-0.077144;1.8226
-0.27234;-0.081985;1.8276
-0.26957;-0.08657;1.8325
-0.26644;-0.090882;1.8375
-0.26295;-0.094902;1.8424
-0.25911;-0.098615;1.8472
-0.25495;-0.10201;1.852
-0.25048;-0.10506;1.8566
-0.24572;-0.10778;1.8612
-0.24068;-0.11013;1.8656
-0.23538;-0.11211;1.8698
-0.22986;-0.11373;1.8739
-0.22412;-0.11496;1.8778
-0.21819;-0.1158;1.8815
-0.21209;-0.11626;1.885
-0.20586;-0.11632;1.8882
-0.1995;-0.11599;1.8912
-0.19306;-0.11527;1.894
-0.18654;-0.11417;1.8964
-0.17999;-0.11268;1.8986
-0.17342;-0.11082;1.9006
-0.16686;-0.10858;1.9022
-0.16034;-0.10599;1.9035
-0.15388;-0.10304;1.9046
-0.14751;-0.09976;1.9053
-0.14125;-0.09615;1.9057
-0.13513;-0.092229;1.9058
-0.12917;-0.088011;1.9056
-0.1234;-0.083513;1.905
-0.11784;-0.078754;1.9042
-0.1125;-0.073751;1.9031
-0.10742;-0.068525;1.9016
-0.10261;-0.063097;1.8999
-0.098085;-0.057487;1.8979
-0.093872;-0.051718;1.8956
-0.089983;-0.045813;1.893
-0.086434;-0.039795;1.8901
-0.083239;-0.033687;1.887
-0.080411;-0.027515;1.8837
-0.077961;-0.021301;1.8802
-0.27435;-0.013035;1.7732
-0.27686;-0.018213;1.7778
-0.27896;-0.023387;1.7827
-0.28066;-0.028536;1.7877
-0.28195;-0.03364;1.7929
-0.28282;-0.038679;1.7982
-0.28327;-0.043633;1.8036
-0.2833;-0.048483;1.8091
-0.2829;-0.053209;1.8147
-0.28209;-0.057793;1.8203
-0.28085;-0.062217;1.826
-0.2792;-0.066462;1.8316
-0.27715;-0.070514;1.8373
-0.27469;-0.074355;1.8429
-0.27185;-0.07797;1.8484
-0.26863;-0.081345;1.8539
-0.26505;-0.084467;1.8592
-0.26111;-0.087323;1.8644
-0.25684;-0.089902;1.8695
-0.25225;-0.092195;1.8744
-0.24736;-0.094191;1.8791
-0.24219;-0.095883;1.8836
-0.23676;-0.097265;1.8878
-0.23109;-0.09833;1.8919
-0.2252;-0.099076;1.8956
-0.21912;-0.099498;1.8992
-0.21287;-0.099595;1.9024
-0.20647;-0.099366;1.9053
-0.19996;-0.098814;1.9079
-0.19335;-0.097939;1.9102
-0.18667;-0.096745;1.9121
-0.17995;-0.095238;1.9138
-0.17322;-0.093422;1.915
-0.1665;-0.091305;1.916
-0.15981;-0.088896;1.9165
-0.15319;-0.086203;1.9168
-0.14667;-0.083239;1.9166
-0.14025;-0.080013;1.9161
-0.13398;-0.076539;1.9153
-0.12788;-0.072831;1.9141
-0.12197;-0.068904;1.9125
-0.11627;-0.064772;1.9107
-0.1108;-0.060452;1.9085
-0.1056;-0.055962;1.9059
-0.10067;-0.051318;1.9031
-0.096042;-0.04654;1.8999
-0.09173;-0.041646;1.8965
-0.08775;-0.036655;1.8928
-0.08412;-0.031587;1.8888
-0.080852;-0.026463;1.8846
-0.077961;-0.021301;1.8802
-0.27435;-0.013035;1.7732
-0.27726;-0.017079;1.7786
-0.27976;-0.021124;1.7843
-0.28185;-0.025152;1.7901
-0.28353;-0.029149;1.7961
-0.28478;-0.033099;1.8022
-0.28561;-0.036986;1.8084
-0.286;-0.040795;1.8147
-0.28596;-0.044511;1.821
-0.28549;-0.048118;1.8273
-0.28458;-0.051604;1.8337
-0.28325;-0.054953;1.84
-0.28149;-0.058154;1.8462
-0.27932;-0.061192;1.8524
-0.27674;-0.064057;1.8585
-0.27376;-0.066737;1.8644
-0.2704;-0.069222;1.8702
-0.26667;-0.071501;1.8758
-0.26258;-0.073565;1.8813
-0.25815;-0.075407;1.8865
-0.25339;-0.077019;1.8915
-0.24833;-0.078395;1.8962
-0.24299;-0.079529;1.9007
-0.23738;-0.080417;1.9048
-0.23153;-0.081055;1.9087
-0.22546;-0.081442;1.9122
-0.2192;-0.081574;1.9154
-0.21277;-0.081453;1.9182
-0.20619;-0.081078;1.9207
-0.19949;-0.08045;1.9228
-0.19271;-0.079573;1.9245
-0.18585;-0.07845;1.9259
-0.17896;-0.077084;1.9268
-0.17206;-0.075483;1.9274
-0.16517;-0.073651;1.9275
-0.15833;-0.071596;1.9273
-0.15156;-0.069326;1.9267
-0.14488;-0.066851;1.9256
-0.13833;-0.064179;1.9242
-0.13192;-0.061322;1.9224
-0.1257;-0.058291;1.9202
-0.11967;-0.055097;1.9177
-0.11386;-0.051754;1.9147
-0.1083;-0.048274;1.9115
-0.10301;-0.044672;1.9079
-0.098004;-0.040961;1.904
-0.093308;-0.037156;1.8997
-0.08894;-0.033272;1.8952
-0.084915;-0.029324;1.8905
-0.081251;-0.025329;1.8854
-0.077961;-0.021301;1.8802
-0.27435;-0.013035;1.7732
-0.2776;-0.015882;1.7794
-0.28046;-0.018733;1.7858
-0.2829;-0.021579;1.7923
-0.28491;-0.024407;1.799
-0.2865;-0.027206;1.8058
-0.28766;-0.029966;1.8127
-0.28837;-0.032676;1.8197
-0.28864;-0.035324;1.8266
-0.28847;-0.0379;1.8336
-0.28785;-0.040395;1.8405
-0.2868;-0.042798;1.8474
-0.2853;-0.0451;1.8542
-0.28338;-0.047291;1.8609
-0.28103;-0.049364;1.8675
-0.27827;-0.05131;1.8739
-0.27511;-0.053121;1.8801
-0.27155;-0.05479;1.8861
-0.26762;-0.05631;1.8919
-0.26333;-0.057677;1.8974
-0.25869;-0.058883;1.9026
-0.25373;-0.059924;1.9075
-0.24846;-0.060797;1.9121
-0.24291;-0.061498;1.9164
-0.23709;-0.062024;1.9203
-0.23103;-0.062372;1.9239
-0.22476;-0.062543;1.9271
-0.21829;-0.062534;1.9298
-0.21166;-0.062346;1.9322
-0.20489;-0.06198;1.9341
-0.198;-0.061437;1.9357
-0.19103;-0.060719;1.9368
-0.184;-0.05983;1.9374
-0.17694;-0.058772;1.9376
-0.16987;-0.05755;1.9374
-0.16283;-0.056168;1.9368
-0.15585;-0.054633;1.9357
-0.14894;-0.05295;1.9342
-0.14214;-0.051125;1.9322
-0.13547;-0.049167;1.9299
-0.12897;-0.047082;1.9271
-0.12265;-0.044879;1.9239
-0.11654;-0.042567;1.9204
-0.11067;-0.040155;1.9165
-0.10506;-0.037652;1.9122
-0.099725;-0.035068;1.9076
-0.094693;-0.032413;1.9027
-0.089983;-0.029698;1.8974
-0.085613;-0.026934;1.8919
-0.081601;-0.024131;1.8862
-0.077961;-0.021301;1.8802
-0.27435;-0.013035;1.7732
-0.2779;-0.01464;1.78
-0.28105;-0.016254;1.787
-0.28378;-0.017872;1.7942
-0.28608;-0.019487;1.8015
-0.28796;-0.021093;1.809
-0.28939;-0.022684;1.8165
-0.29037;-0.024253;1.824
-0.29091;-0.025794;1.8315
-0.29099;-0.0273;1.839
-0.29062;-0.028767;1.8465
-0.2898;-0.030188;1.8539
-0.28852;-0.031558;1.8612
-0.28681;-0.032871;1.8683
-0.28466;-0.034122;1.8753
-0.28208;-0.035306;1.8821
-0.27908;-0.036418;1.8887
-0.27567;-0.037454;1.895
-0.27188;-0.038411;1.9011
-0.2677;-0.039283;1.9068
-0.26316;-0.040069;1.9123
-0.25828;-0.040763;1.9174
-0.25308;-0.041365;1.9221
-0.24757;-0.041872;1.9265
-0.24178;-0.04228;1.9305
-0.23574;-0.04259;1.9341
-0.22945;-0.042799;1.9372
-0.22296;-0.042908;1.9399
-0.21628;-0.042914;1.9422
-0.20944;-0.042819;1.944
-0.20248;-0.042623;1.9453
-0.1954;-0.042326;1.9462
-0.18826;-0.04193;1.9466
-0.18106;-0.041437;1.9465
-0.17385;-0.040847;1.946
-0.16664;-0.040164;1.945
-0.15947;-0.03939;1.9435
-0.15237;-0.038529;1.9416
-0.14536;-0.037583;1.9392
-0.13847;-0.036557;1.9363
-0.13173;-0.035454;1.9331
-0.12517;-0.034279;1.9294
-0.11881;-0.033037;1.9253
-0.11267;-0.031732;1.9208
-0.10679;-0.030369;1.9159
-0.10118;-0.028955;1.9107
-0.095863;-0.027493;1.9052
-0.090864;-0.025992;1.8993
-0.086203;-0.024455;1.8932
-0.081896;-0.022889;1.8868
-0.077961;-0.021301;1.8802
-0.27435;-0.013035;1.7732
-0.27814;-0.013372;1.7805
-0.28152;-0.013724;1.7881
-0.28448;-0.01409;1.7958
-0.28702;-0.014468;1.8037
-0.28912;-0.014856;1.8116
-0.29078;-0.015254;1.8196
-0.29198;-0.015659;1.8276
-0.29272;-0.01607;1.8356
-0.29301;-0.016486;1.8436
-0.29283;-0.016904;1.8515
-0.29219;-0.017323;1.8593
-0.2911;-0.017741;1.867
-0.28955;-0.018158;1.8745
-0.28756;-0.01857;1.8818
-0.28512;-0.018977;1.8889
-0.28226;-0.019377;1.8958
-0.27897;-0.019768;1.9024
-0.27528;-0.020148;1.9087
-0.2712;-0.020517;1.9147
-0.26674;-0.020873;1.9203
-0.26193;-0.021214;1.9256
-0.25678;-0.021539;1.9304
-0.25131;-0.021847;1.9349
-0.24554;-0.022137;1.9389
-0.2395;-0.022407;1.9425
-0.23321;-0.022656;1.9457
-0.22669;-0.022883;1.9483
-0.21998;-0.023088;1.9505
-0.21309;-0.02327;1.9522
-0.20606;-0.023427;1.9534
-0.1989;-0.02356;1.9541
-0.19166;-0.023668;1.9543
-0.18436;-0.02375;1.954
-0.17702;-0.023806;1.9531
-0.16968;-0.023836;1.9518
-0.16237;-0.023839;1.95
-0.15511;-0.023816;1.9477
-0.14794;-0.023767;1.945
-0.14087;-0.023692;1.9417
-0.13395;-0.023591;1.938
-0.12719;-0.023465;1.9339
-0.12062;-0.023314;1.9294
-0.11428;-0.023138;1.9244
-0.10817;-0.022939;1.919
-0.10234;-0.022718;1.9133
-0.096799;-0.022474;1.9073
-0.09157;-0.02221;1.9009
-0.086674;-0.021925;1.8943
-0.082132;-0.021622;1.8873
-0.077961;-0.021301;1.8802
-0.27435;-0.013035;1.7732
-0.27831;-0.0121;1.781
-0.28186;-0.011184;1.7889
-0.285;-0.010293;1.7971
-0.28771;-0.009428;1.8053
-0.28998;-0.0085939;1.8136
-0.29179;-0.0077936;1.822
-0.29315;-0.0070303;1.8304
-0.29405;-0.006307;1.8388
-0.29449;-0.0056266;1.8471
-0.29446;-0.0049917;1.8554
-0.29396;-0.0044049;1.8635
-0.29299;-0.0038685;1.8715
-0.29157;-0.0033845;1.8793
-0.28969;-0.002955;1.8869
-0.28736;-0.0025815;1.8943
-0.28459;-0.0022656;1.9014
-0.28139;-0.0020086;1.9082
-0.27778;-0.0018113;1.9147
-0.27377;-0.0016747;1.9209
-0.26937;-0.0015992;1.9266
-0.26461;-0.0015851;1.932
-0.25949;-0.0016326;1.937
-0.25405;-0.0017413;1.9415
-0.2483;-0.001911;1.9456
-0.24227;-0.0021408;1.9492
-0.23597;-0.00243;1.9523
-0.22944;-0.0027773;1.9549
-0.22269;-0.0031814;1.957
-0.21577;-0.0036408;1.9586
-0.20869;-0.0041535;1.9597
-0.20147;-0.0047175;1.9603
-0.19416;-0.0053307;1.9603
-0.18678;-0.0059907;1.9598
-0.17936;-0.0066947;1.9588
-0.17192;-0.0074401;1.9572
-0.1645;-0.0082238;1.9551
-0.15713;-0.0090429;1.9526
-0.14983;-0.009894;1.9495
-0.14263;-0.010774;1.946
-0.13557;-0.011679;1.9419
-0.12867;-0.012606;1.9375
-0.12196;-0.01355;1.9326
-0.11545;-0.014509;1.9272
-0.10919;-0.015479;1.9215
-0.1032;-0.016455;1.9154
-0.097487;-0.017434;1.9089
-0.092088;-0.018412;1.9022
-0.087021;-0.019385;1.8951
-0.082306;-0.020349;1.8877
-0.077961;-0.021301;1.8802
-0.27435;-0.013035;1.7732
-0.27842;-0.010842;1.7813
-0.28208;-0.0086742;1.7895
-0.28532;-0.0065396;1.7979
-0.28814;-0.004447;1.8065
-0.29051;-0.0024046;1.8151
-0.29243;-0.00042045;1.8237
-0.29389;0.0014976;1.8324
-0.29488;0.003342;1.8411
-0.29541;0.0051054;1.8497
-0.29547;0.006781;1.8582
-0.29506;0.008362;1.8665
-0.29417;0.0098422;1.8747
-0.29282;0.011216;1.8828
-0.29101;0.012478;1.8906
-0.28875;0.013622;1.8981
-0.28604;0.014645;1.9054
-0.2829;0.015543;1.9124
-0.27934;0.016311;1.919
-0.27537;0.016948;1.9252
-0.27101;0.017449;1.9311
-0.26628;0.017815;1.9366
-0.26119;0.018042;1.9416
-0.25576;0.01813;1.9462
-0.25002;0.018078;1.9503
-0.24399;0.017888;1.9539
-0.23769;0.017559;1.957
-0.23115;0.017094;1.9596
-0.22439;0.016493;1.9616
-0.21744;0.015759;1.9632
-0.21032;0.014895;1.9642
-0.20308;0.013905;1.9646
-0.19572;0.012792;1.9645
-0.18829;0.011561;1.9639
-0.18081;0.010216;1.9627
-0.17332;0.0087636;1.961
-0.16583;0.0072087;1.9588
-0.15838;0.0055575;1.956
-0.15101;0.0038167;1.9527
-0.14373;0.001993;1.949
-0.13658;9.3725e-05;1.9447
-0.12959;-0.0018737;1.94
-0.12279;-0.0039015;1.9348
-0.11619;-0.0059816;1.9292
-0.10983;-0.0081059;1.9232
-0.10373;-0.010266;1.9168
-0.097915;-0.012453;1.9101
-0.092411;-0.014659;1.903
-0.087237;-0.016875;1.8957
-0.082414;-0.019092;1.888
-0.077961;-0.021301;1.8802
-0.27435;-0.013035;1.7732
-0.27846;-0.0096194;1.7814
-0.28216;-0.0062332;1.7899
-0.28545;-0.0028902;1.7985
-0.2883;0.00039649;1.8072
-0.29071;0.0036138;1.8159
-0.29267;0.0067492;1.8247
-0.29417;0.0097901;1.8336
-0.2952;0.012725;1.8424
-0.29576;0.015541;1.8511
-0.29585;0.018229;1.8597
-0.29547;0.020776;1.8682
-0.29462;0.023174;1.8766
-0.2933;0.025413;1.8847
-0.29152;0.027484;1.8927
-0.28928;0.029379;1.9003
-0.2866;0.031089;1.9077
-0.28348;0.03261;1.9147
-0.27993;0.033934;1.9214
-0.27598;0.035056;1.9278
-0.27163;0.035972;1.9337
-0.26691;0.036679;1.9392
-0.26183;0.037173;1.9442
-0.25641;0.037452;1.9488
-0.25067;0.037516;1.953
-0.24464;0.037364;1.9566
-0.23834;0.036997;1.9597
-0.23179;0.036416;1.9623
-0.22503;0.035624;1.9643
-0.21807;0.034623;1.9658
-0.21094;0.033418;1.9667
-0.20368;0.032013;1.9671
-0.19631;0.030414;1.967
-0.18886;0.028628;1.9663
-0.18136;0.02666;1.965
-0.17384;0.02452;1.9632
-0.16633;0.022215;1.9609
-0.15886;0.019755;1.958
-0.15146;0.017149;1.9546
-0.14415;0.014408;1.9507
-0.13697;0.011541;1.9463
-0.12994;0.0085621;1.9414
-0.1231;0.0054812;1.9361
-0.11647;0.0023109;1.9304
-0.11007;-0.00093626;1.9242
-0.10393;-0.0042475;1.9177
-0.098077;-0.0076097;1.9108
-0.092533;-0.01101;1.9036
-0.087319;-0.014434;1.896
-0.082455;-0.017869;1.8882
-0.077961;-0.021301;1.8802
-0.27435;-0.013035;1.7732
-0.27843;-0.0084504;1.7815
-0.28211;-0.0039;1.7899
-0.28537;0.00059812;1.7986
-0.28819;0.0050261;1.8073
-0.29058;0.0093665;1.8161
-0.29251;0.013602;1.825
-0.29398;0.017716;1.8338
-0.29499;0.021693;1.8427
-0.29553;0.025516;1.8515
-0.2956;0.029171;1.8601
-0.2952;0.032643;1.8687
-0.29433;0.035918;1.877
-0.29299;0.038984;1.8852
-0.29119;0.041828;1.8932
-0.28893;0.044439;1.9008
-0.28624;0.046808;1.9082
-0.2831;0.048923;1.9153
-0.27955;0.050778;1.922
-0.27558;0.052365;1.9284
-0.27123;0.053677;1.9343
-0.2665;0.05471;1.9398
-0.26141;0.055459;1.9449
-0.25598;0.055921;1.9495
-0.25024;0.056095;1.9536
-0.24421;0.05598;1.9572
-0.23791;0.055576;1.9603
-0.23137;0.054885;1.9629
-0.22461;0.05391;1.9649
-0.21766;0.052654;1.9664
-0.21054;0.051123;1.9674
-0.20329;0.049322;1.9678
-0.19593;0.047259;1.9676
-0.18849;0.044941;1.9669
-0.181;0.042378;1.9656
-0.1735;0.039581;1.9637
-0.166;0.036559;1.9614
-0.15855;0.033325;1.9585
-0.15116;0.029892;1.955
-0.14388;0.026274;1.9511
-0.13672;0.022484;1.9467
-0.12971;0.018537;1.9418
-0.12289;0.01445;1.9364
-0.11628;0.010237;1.9307
-0.10991;0.0059168;1.9245
-0.1038;0.0015052;1.9179
-0.097971;-0.0029801;1.9109
-0.092453;-0.0075213;1.9037
-0.087265;-0.012101;1.8961
-0.082428;-0.0167;1.8882
-0.077961;-0.021301;1.8802
-0.27435;-0.013035;1.7732
-0.27834;-0.007354;1.7814
-0.28192;-0.0017114;1.7898
-0.28509;0.0038703;1.7983
-0.28782;0.0093688;1.807
-0.29011;0.014763;1.8157
-0.29196;0.020031;1.8245
-0.29335;0.025152;1.8332
-0.29427;0.030106;1.842
-0.29473;0.034873;1.8507
-0.29472;0.039435;1.8593
-0.29424;0.043774;1.8678
-0.2933;0.047872;1.8761
-0.29189;0.051713;1.8842
-0.29003;0.055283;1.8921
-0.28772;0.058567;1.8997
-0.28497;0.061552;1.9071
-0.28179;0.064226;1.9141
-0.27819;0.066579;1.9208
-0.27419;0.068601;1.9271
-0.2698;0.070285;1.933
-0.26504;0.071624;1.9385
-0.25993;0.072612;1.9435
-0.2545;0.073246;1.9481
-0.24875;0.073523;1.9522
-0.24271;0.073443;1.9558
-0.23642;0.073004;1.9589
-0.22988;0.07221;1.9615
-0.22313;0.071063;1.9636
-0.2162;0.069568;1.9651
-0.20911;0.067731;1.966
-0.20189;0.065558;1.9664
-0.19457;0.063059;1.9663
-0.18717;0.060244;1.9656
-0.17974;0.057122;1.9644
-0.17228;0.053708;1.9626
-0.16485;0.050014;1.9603
-0.15745;0.046055;1.9574
-0.15014;0.041846;1.9541
-0.14292;0.037405;1.9502
-0.13584;0.032748;1.9459
-0.12891;0.027894;1.941
-0.12217;0.022862;1.9358
-0.11564;0.017672;1.9301
-0.10936;0.012345;1.9239
-0.10333;0.0069014;1.9175
-0.097598;0.0013627;1.9106
-0.092172;-0.0042492;1.9034
-0.087077;-0.009912;1.8959
-0.082334;-0.015604;1.8882
-0.077961;-0.021301;1.8802
-0.27435;-0.013035;1.7732
-0.27818;-0.0063472;1.7812
-0.2816;0.00029817;1.7893
-0.28461;0.0068746;1.7977
-0.28719;0.013356;1.8061
-0.28933;0.019717;1.8146
-0.29102;0.025933;1.8232
-0.29226;0.031978;1.8318
-0.29304;0.03783;1.8403
-0.29336;0.043464;1.8489
-0.29322;0.048859;1.8573
-0.29262;0.053994;1.8656
-0.29155;0.058848;1.8737
-0.29004;0.063401;1.8817
-0.28807;0.067637;1.8894
-0.28566;0.071538;1.8969
-0.28281;0.075089;1.9041
-0.27955;0.078276;1.9111
-0.27588;0.081086;1.9176
-0.27182;0.083509;1.9239
-0.26737;0.085534;1.9297
-0.26257;0.087153;1.9351
-0.25743;0.088361;1.9401
-0.25197;0.089153;1.9447
-0.2462;0.089525;1.9488
-0.24016;0.089476;1.9524
-0.23387;0.089006;1.9555
-0.22735;0.088117;1.9581
-0.22063;0.086813;1.9602
-0.21373;0.085098;1.9617
-0.20669;0.082979;1.9628
-0.19952;0.080466;1.9632
-0.19226;0.077567;1.9632
-0.18494;0.074294;1.9626
-0.17758;0.07066;1.9615
-0.17022;0.066679;1.9598
-0.16288;0.062368;1.9576
-0.1556;0.057743;1.9549
-0.14839;0.052822;1.9517
-0.14129;0.047625;1.948
-0.13434;0.042172;1.9438
-0.12754;0.036485;1.9392
-0.12094;0.030586;1.9341
-0.11456;0.024499;1.9286
-0.10842;0.018247;1.9227
-0.10255;0.011856;1.9164
-0.096964;0.00535;1.9097
-0.091694;-0.0012448;1.9028
-0.086757;-0.0079025;1.8955
-0.082174;-0.014597;1.8879
-0.077961;-0.021301;1.8802
-0.27435;-0.013035;1.7732
-0.27795;-0.0054461;1.7808
-0.28115;0.0020969;1.7887
-0.28394;0.0095638;1.7966
-0.2863;0.016925;1.8048
-0.28823;0.024152;1.813
-0.28971;0.031216;1.8212
-0.29074;0.038089;1.8295
-0.29133;0.044744;1.8377
-0.29146;0.051154;1.8459
-0.29113;0.057295;1.8541
-0.29035;0.063142;1.8621
-0.28912;0.068672;1.87
-0.28744;0.073863;1.8777
-0.28532;0.078695;1.8852
-0.28278;0.083149;1.8925
-0.27981;0.087206;1.8996
-0.27643;0.090852;1.9063
-0.27266;0.094072;1.9127
-0.26851;0.096852;1.9188
-0.26399;0.099183;1.9245
-0.25912;0.10105;1.9299
-0.25393;0.10246;1.9348
-0.24843;0.10339;1.9393
-0.24265;0.10385;1.9434
-0.2366;0.10383;1.947
-0.23032;0.10333;1.9501
-0.22382;0.10236;1.9527
-0.21713;0.10091;1.9548
-0.21028;0.098998;1.9565
-0.2033;0.096629;1.9576
-0.19621;0.093809;1.9582
-0.18904;0.090552;1.9583
-0.18182;0.08687;1.9578
-0.17458;0.082777;1.9569
-0.16734;0.07829;1.9554
-0.16014;0.073426;1.9534
-0.153;0.068205;1.951
-0.14595;0.062646;1.948
-0.13903;0.056773;1.9446
-0.13224;0.050608;1.9406
-0.12564;0.044175;1.9363
-0.11923;0.0375;1.9315
-0.11304;0.03061;1.9263
-0.10711;0.023531;1.9207
-0.10145;0.016291;1.9147
-0.096079;0.0089191;1.9084
-0.091027;0.0014444;1.9017
-0.086311;-0.0061038;1.8948
-0.08195;-0.013696;1.8876
-0.077961;-0.021301;1.8802
-0.27435;-0.013035;1.7732
-0.27767;-0.0046647;1.7804
-0.28059;0.0036565;1.7877
-0.28309;0.011896;1.7953
-0.28518;0.02002;1.8029
-0.28683;0.027997;1.8107
-0.28805;0.035797;1.8185
-0.28882;0.043387;1.8264
-0.28915;0.050738;1.8342
-0.28904;0.057822;1.842
-0.28848;0.064609;1.8498
-0.28747;0.071074;1.8575
-0.28603;0.07719;1.865
-0.28415;0.082934;1.8724
-0.28185;0.088283;1.8796
-0.27913;0.093216;1.8866
-0.276;0.097713;1.8934
-0.27248;0.10176;1.8999
-0.26858;0.10533;1.9061
-0.26431;0.10842;1.912
-0.2597;0.11102;1.9176
-0.25475;0.11311;1.9228
-0.2495;0.11468;1.9276
-0.24396;0.11574;1.932
-0.23815;0.11627;1.9361
-0.23209;0.11627;1.9396
-0.22581;0.11575;1.9428
-0.21934;0.1147;1.9454
-0.2127;0.11313;1.9477
-0.20591;0.11105;1.9494
-0.19901;0.10846;1.9506
-0.19201;0.10538;1.9514
-0.18496;0.10181;1.9517
-0.17787;0.097774;1.9514
-0.17077;0.093284;1.9507
-0.16369;0.088357;1.9495
-0.15666;0.083014;1.9478
-0.14971;0.077276;1.9456
-0.14286;0.071164;1.943
-0.13615;0.064705;1.9399
-0.12959;0.057922;1.9363
-0.12322;0.050843;1.9324
-0.11705;0.043495;1.928
-0.11112;0.035908;1.9232
-0.10545;0.028111;1.918
-0.10005;0.020136;1.9124
-0.094956;0.012014;1.9066
-0.090181;0.0037761;1.9004
-0.085746;-0.0045442;1.8939
-0.081667;-0.012914;1.8871
-0.077961;-0.021301;1.8802
-0.27435;-0.013035;1.7732
-0.27733;-0.0040156;1.7798
-0.27991;0.0049523;1.7866
-0.28208;0.013833;1.7936
-0.28384;0.022591;1.8007
-0.28516;0.031192;1.8079
-0.28606;0.039603;1.8152
-0.28653;0.047789;1.8225
-0.28655;0.055719;1.8298
-0.28615;0.063362;1.8371
-0.28531;0.070686;1.8444
-0.28403;0.077664;1.8516
-0.28233;0.084268;1.8588
-0.28022;0.090471;1.8658
-0.27769;0.096249;1.8726
-0.27476;0.10158;1.8792
-0.27144;0.10644;1.8857
-0.26775;0.11082;1.8919
-0.2637;0.11469;1.8979
-0.25929;0.11803;1.9035
-0.25457;0.12085;1.9089
-0.24953;0.12312;1.914
-0.2442;0.12484;1.9187
-0.2386;0.12599;1.923
-0.23276;0.12659;1.927
-0.2267;0.12661;1.9305
-0.22043;0.12607;1.9337
-0.21399;0.12496;1.9364
-0.2074;0.12329;1.9387
-0.20069;0.12107;1.9406
-0.19388;0.1183;1.942
-0.187;0.11499;1.9429
-0.18008;0.11117;1.9434
-0.17314;0.10683;1.9435
-0.16621;0.10201;1.943
-0.15933;0.096722;1.9421
-0.15251;0.09098;1.9408
-0.14578;0.084812;1.939
-0.13917;0.078242;1.9368
-0.13271;0.071295;1.9341
-0.12642;0.063999;1.931
-0.12033;0.056382;1.9275
-0.11445;0.048476;1.9236
-0.10883;0.04031;1.9193
-0.10346;0.031917;1.9146
-0.098384;0.023331;1.9096
-0.093615;0.014585;1.9043
-0.08917;0.0057134;1.8987
-0.08507;-0.0032484;1.8928
-0.081328;-0.012265;1.8866
-0.077961;-0.021301;1.8802
-0.27435;-0.013035;1.7732
-0.27694;-0.0035087;1.7791
-0.27914;0.0059639;1.7853
-0.28092;0.015345;1.7916
-0.2823;0.024598;1.798
-0.28325;0.033687;1.8046
-0.28378;0.042574;1.8112
-0.28389;0.051226;1.8179
-0.28357;0.059608;1.8246
-0.28283;0.067687;1.8314
-0.28167;0.07543;1.8381
-0.28009;0.082809;1.8448
-0.2781;0.089793;1.8514
-0.2757;0.096355;1.8579
-0.27292;0.10247;1.8643
-0.26975;0.10811;1.8706
-0.26622;0.11326;1.8766
-0.26232;0.11789;1.8825
-0.25809;0.12199;1.8881
-0.25354;0.12554;1.8936
-0.24868;0.12853;1.8987
-0.24353;0.13094;1.9036
-0.23812;0.13277;1.9081
-0.23246;0.134;1.9123
-0.22658;0.13464;1.9162
-0.2205;0.13468;1.9198
-0.21425;0.13412;1.923
-0.20785;0.13297;1.9258
-0.20132;0.13122;1.9282
-0.19469;0.12888;1.9302
-0.18799;0.12597;1.9318
-0.18124;0.1225;1.9329
-0.17447;0.11847;1.9337
-0.16771;0.11391;1.934
-0.16098;0.10883;1.934
-0.15432;0.10325;1.9334
-0.14773;0.0972;1.9325
-0.14126;0.090696;1.9312
-0.13493;0.083767;1.9294
-0.12876;0.07644;1.9272
-0.12278;0.068743;1.9247
-0.11701;0.060707;1.9217
-0.11147;0.052364;1.9184
-0.10619;0.043747;1.9147
-0.10118;0.034889;1.9107
-0.096471;0.025825;1.9063
-0.092075;0.016592;1.9016
-0.08801;0.0072258;1.8967
-0.084294;-0.0022368;1.8914
-0.080939;-0.011758;1.8859
-0.077961;-0.021301;1.8802
-0.27435;-0.013035;1.7732
-0.27651;-0.0031523;1.7783
-0.27827;0.0066754;1.7837
-0.27963;0.016409;1.7893
-0.28058;0.02601;1.795
-0.28112;0.035441;1.8008
-0.28125;0.044664;1.8067
-0.28096;0.053643;1.8127
-0.28025;0.062342;1.8188
-0.27914;0.070728;1.8248
-0.27761;0.078767;1.8309
-0.27569;0.086427;1.837
-0.27338;0.093679;1.8431
-0.27068;0.10049;1.849
-0.26761;0.10684;1.8549
-0.26418;0.1127;1.8607
-0.2604;0.11805;1.8663
-0.25629;0.12286;1.8718
-0.25186;0.12713;1.8771
-0.24713;0.13082;1.8822
-0.24212;0.13393;1.8871
-0.23686;0.13644;1.8917
-0.23135;0.13834;1.8961
-0.22562;0.13963;1.9002
-0.2197;0.14031;1.9041
-0.21361;0.14036;1.9076
-0.20737;0.13979;1.9108
-0.20101;0.1386;1.9136
-0.19455;0.13679;1.9162
-0.18802;0.13438;1.9183
-0.18143;0.13137;1.9201
-0.17483;0.12777;1.9216
-0.16824;0.12361;1.9227
-0.16167;0.11888;1.9233
-0.15517;0.11362;1.9236
-0.14874;0.10784;1.9236
-0.14242;0.10157;1.9231
-0.13624;0.094835;1.9223
-0.13022;0.087653;1.921
-0.12437;0.080059;1.9195
-0.11873;0.07208;1.9175
-0.11332;0.063749;1.9152
-0.10815;0.055099;1.9125
-0.10325;0.046164;1.9095
-0.098645;0.036978;1.9062
-0.094342;0.027579;1.9025
-0.090361;0.018004;1.8986
-0.086719;0.0082896;1.8944
-0.08343;-0.0015253;1.8899
-0.080507;-0.011402;1.8851
-0.077961;-0.021301;1.8802
-0.27435;-0.013035;1.7732
-0.27604;-0.0029518;1.7775
-0.27734;0.0070755;1.782
-0.27823;0.017007;1.7867
-0.27872;0.026804;1.7916
-0.27881;0.036427;1.7966
-0.27849;0.045839;1.8017
-0.27777;0.055002;1.807
-0.27665;0.06388;1.8123
-0.27513;0.072439;1.8176
-0.27322;0.080644;1.823
-0.27092;0.088462;1.8284
-0.26826;0.095864;1.8338
-0.26523;0.10282;1.8392
-0.26184;0.1093;1.8445
-0.25812;0.11529;1.8498
-0.25408;0.12075;1.8549
-0.24973;0.12566;1.86
-0.24509;0.13001;1.8649
-0.24017;0.13379;1.8697
-0.23501;0.13696;1.8743
-0.22961;0.13953;1.8787
-0.224;0.14148;1.8829
-0.2182;0.1428;1.8869
-0.21224;0.14349;1.8906
-0.20613;0.14355;1.8941
-0.19991;0.14297;1.8973
-0.19359;0.14177;1.9003
-0.1872;0.13993;1.9029
-0.18077;0.13747;1.9053
-0.17432;0.13441;1.9073
-0.16788;0.13074;1.909
-0.16147;0.1265;1.9105
-0.15512;0.12168;1.9115
-0.14885;0.11632;1.9123
-0.14269;0.11043;1.9127
-0.13666;0.10403;1.9127
-0.13079;0.097162;1.9124
-0.12509;0.089839;1.9118
-0.1196;0.082093;1.9109
-0.11433;0.073956;1.9096
-0.10931;0.06546;1.908
-0.10455;0.056637;1.906
-0.10007;0.047523;1.9038
-0.095891;0.038154;1.9012
-0.092029;0.028566;1.8984
-0.0885;0.018798;1.8952
-0.085317;0.0088878;1.8918
-0.082492;-0.0011251;1.8882
-0.080037;-0.011201;1.8843
-0.077961;-0.021301;1.8802
-0.27435;-0.013035;1.7732
-0.27554;-0.0029105;1.7766
-0.27634;0.007158;1.7802
-0.27674;0.017131;1.784
-0.27674;0.026968;1.788
-0.27635;0.036631;1.7921
-0.27556;0.046081;1.7964
-0.27438;0.055282;1.8008
-0.27281;0.064197;1.8053
-0.27086;0.072791;1.8098
-0.26854;0.08103;1.8145
-0.26585;0.088882;1.8191
-0.26281;0.096315;1.8239
-0.25943;0.1033;1.8286
-0.25572;0.10981;1.8333
-0.25169;0.11582;1.838
-0.24736;0.1213;1.8426
-0.24276;0.12624;1.8472
-0.23789;0.13061;1.8517
-0.23278;0.1344;1.8561
-0.22744;0.13759;1.8604
-0.2219;0.14017;1.8646
-0.21619;0.14212;1.8686
-0.21031;0.14345;1.8724
-0.2043;0.14415;1.8761
-0.19818;0.14421;1.8795
-0.19197;0.14363;1.8828
-0.18569;0.14242;1.8858
-0.17939;0.14058;1.8886
-0.17306;0.13811;1.8912
-0.16675;0.13503;1.8935
-0.16048;0.13135;1.8955
-0.15427;0.12709;1.8973
-0.14815;0.12226;1.8988
-0.14213;0.11687;1.9
-0.13625;0.11096;1.9009
-0.13053;0.10454;1.9015
-0.12499;0.097641;1.9018
-0.11965;0.090289;1.9019
-0.11453;0.082513;1.9016
-0.10966;0.074343;1.901
-0.10505;0.065812;1.9002
-0.10071;0.056954;1.899
-0.096682;0.047803;1.8976
-0.092962;0.038396;1.8959
-0.089571;0.028769;1.8939
-0.086522;0.018961;1.8916
-0.083826;0.009011;1.8891
-0.081495;-0.0010427;1.8864
-0.079537;-0.01116;1.8834
-0.077961;-0.021301;1.8802
-0.27435;-0.013035;1.7732
-0.27502;-0.003029;1.7756
-0.2753;0.0069215;1.7783
-0.27518;0.016777;1.7811
-0.27468;0.026498;1.7842
-0.27379;0.036047;1.7874
-0.27251;0.045387;1.7907
-0.27085;0.054479;1.7942
-0.26881;0.063288;1.7978
-0.26642;0.07178;1.8016
-0.26366;0.079921;1.8054
-0.26056;0.087679;1.8093
-0.25713;0.095023;1.8133
-0.25338;0.10192;1.8174
-0.24932;0.10836;1.8215
-0.24497;0.11429;1.8255
-0.24035;0.11971;1.8297
-0.23548;0.12458;1.8337
-0.23038;0.1289;1.8378
-0.22506;0.13264;1.8418
-0.21955;0.13579;1.8458
-0.21386;0.13834;1.8497
-0.20803;0.14027;1.8535
-0.20207;0.14158;1.8572
-0.19601;0.14227;1.8607
-0.18987;0.14232;1.8642
-0.18368;0.14175;1.8674
-0.17746;0.14055;1.8706
-0.17123;0.13872;1.8735
-0.16502;0.13628;1.8763
-0.15886;0.13324;1.8789
-0.15276;0.1296;1.8812
-0.14676;0.12538;1.8834
-0.14087;0.1206;1.8853
-0.13512;0.11528;1.887
-0.12954;0.10943;1.8884
-0.12413;0.10309;1.8897
-0.11894;0.096266;1.8906
-0.11397;0.088997;1.8913
-0.10924;0.08131;1.8918
-0.10478;0.073234;1.892
-0.1006;0.064801;1.8919
-0.096715;0.056045;1.8916
-0.093147;0.047;1.891
-0.089906;0.037701;1.8902
-0.087006;0.028186;1.8891
-0.084457;0.018492;1.8878
-0.082271;0.0086574;1.8862
-0.080455;-0.0012792;1.8844
-0.079016;-0.011279;1.8824
-0.077961;-0.021301;1.8802
-0.27435;-0.013035;1.7732
-0.27449;-0.0033054;1.7746
-0.27423;0.0063697;1.7763
-0.27359;0.015952;1.7781
-0.27256;0.025404;1.7802
-0.27115;0.034687;1.7824
-0.26937;0.043766;1.7848
-0.26722;0.052604;1.7874
-0.26471;0.061167;1.7901
-0.26185;0.069421;1.793
-0.25865;0.077333;1.796
-0.25513;0.084873;1.7992
-0.2513;0.092009;1.8024
-0.24717;0.098715;1.8057
-0.24275;0.10496;1.8091
-0.23808;0.11073;1.8126
-0.23316;0.11599;1.8162
-0.22802;0.12073;1.8197
-0.22267;0.12492;1.8234
-0.21714;0.12855;1.827
-0.21145;0.13161;1.8306
-0.20561;0.13407;1.8342
-0.19966;0.13595;1.8378
-0.19362;0.13721;1.8413
-0.18751;0.13787;1.8448
-0.18136;0.13792;1.8482
-0.17518;0.13735;1.8515
-0.16901;0.13618;1.8547
-0.16286;0.1344;1.8578
-0.15677;0.13202;1.8608
-0.15076;0.12905;1.8637
-0.14484;0.12551;1.8664
-0.13905;0.1214;1.8689
-0.13341;0.11674;1.8713
-0.12793;0.11156;1.8735
-0.12264;0.10587;1.8755
-0.11757;0.099694;1.8773
-0.11273;0.093056;1.879
-0.10813;0.085984;1.8804
-0.10381;0.078504;1.8816
-0.09977;0.070646;1.8826
-0.096033;0.062442;1.8834
-0.092612;0.053924;1.8839
-0.08952;0.045125;1.8842
-0.08677;0.036081;1.8843
-0.084374;0.026826;1.8842
-0.082339;0.017397;1.8838
-0.080675;0.0078325;1.8832
-0.079387;-0.001831;1.8824
-0.078481;-0.011555;1.8814
-0.077961;-0.021301;1.8802
-0.27435;-0.013035;1.7732
-0.27395;-0.0037355;1.7736
-0.27315;0.0055114;1.7742
-0.27198;0.014669;1.7751
-0.27042;0.0237;1.7761
-0.2685;0.032571;1.7774
-0.26621;0.041245;1.7788
-0.26356;0.049689;1.7805
-0.26057;0.057868;1.7823
-0.25724;0.065752;1.7843
-0.2536;0.073308;1.7864
-0.24965;0.080507;1.7888
-0.24541;0.087321;1.7912
-0.2409;0.093723;1.7938
-0.23613;0.099686;1.7966
-0.23112;0.10519;1.7994
-0.2259;0.11021;1.8024
-0.22048;0.11473;1.8054
-0.21489;0.11872;1.8086
-0.20914;0.12218;1.8118
-0.20327;0.12509;1.8151
-0.19728;0.12744;1.8184
-0.19122;0.12922;1.8217
-0.18509;0.13042;1.8251
-0.17893;0.13104;1.8285
-0.17276;0.13107;1.8319
-0.1666;0.13052;1.8352
-0.16047;0.12938;1.8385
-0.15442;0.12767;1.8418
-0.14844;0.12539;1.845
-0.14258;0.12254;1.8481
-0.13685;0.11914;1.8512
-0.13127;0.1152;1.8541
-0.12587;0.11074;1.857
-0.12067;0.10578;1.8597
-0.11569;0.10033;1.8623
-0.11094;0.094418;1.8648
-0.10646;0.088064;1.8671
-0.10225;0.081296;1.8692
-0.098327;0.074138;1.8712
-0.094715;0.066621;1.873
-0.091425;0.058773;1.8746
-0.088468;0.050625;1.876
-0.085858;0.042209;1.8773
-0.083605;0.03356;1.8783
-0.081716;0.02471;1.8791
-0.0802;0.015694;1.8798
-0.079063;0.0065493;1.8802
-0.078309;-0.0026893;1.8804
-0.077941;-0.011985;1.8804
-0.077961;-0.021301;1.8802
-0.27435;-0.013035;1.7732
-0.27341;-0.0043122;1.7726
-0.27208;0.0043601;1.7722
-0.27037;0.012947;1.772
-0.2683;0.021416;1.7721
-0.26585;0.029732;1.7723
-0.26306;0.037863;1.7728
-0.25992;0.045777;1.7735
-0.25645;0.053443;1.7744
-0.25266;0.06083;1.7755
-0.24858;0.067909;1.7768
-0.2442;0.074652;1.7783
-0.23956;0.081033;1.78
-0.23467;0.087026;1.7819
-0.22954;0.092608;1.7839
-0.22421;0.097757;1.7862
-0.21868;0.10245;1.7885
-0.21299;0.10668;1.7911
-0.20716;0.11041;1.7938
-0.2012;0.11364;1.7966
-0.19514;0.11636;1.7995
-0.189;0.11854;1.8025
-0.18282;0.1202;1.8056
-0.17661;0.12131;1.8089
-0.1704;0.12187;1.8121
-0.16421;0.12188;1.8155
-0.15807;0.12135;1.8188
-0.152;0.12027;1.8223
-0.14602;0.11865;1.8257
-0.14016;0.11649;1.8291
-0.13445;0.1138;1.8325
-0.1289;0.1106;1.8359
-0.12354;0.10689;1.8393
-0.11838;0.10269;1.8426
-0.11345;0.098024;1.8459
-0.10877;0.092899;1.849
-0.10436;0.08734;1.8521
-0.10023;0.081368;1.8551
-0.096396;0.075007;1.858
-0.09288;0.068283;1.8607
-0.089692;0.061221;1.8634
-0.086845;0.053851;1.8658
-0.084351;0.046199;1.8681
-0.082219;0.038298;1.8703
-0.080458;0.030178;1.8723
-0.079075;0.021871;1.8741
-0.078075;0.01341;1.8757
-0.077462;0.004828;1.8771
-0.077238;-0.0038406;1.8783
-0.077405;-0.012562;1.8793
-0.077961;-0.021301;1.8802
-0.27435;-0.013035;1.7732
-0.27288;-0.0050267;1.7715
-0.27103;0.0029339;1.7701
-0.26881;0.010815;1.769
-0.26622;0.018586;1.768
-0.26327;0.026216;1.7673
-0.25998;0.033674;1.7668
-0.25636;0.040932;1.7666
-0.25242;0.047961;1.7666
-0.24819;0.054733;1.7668
-0.24366;0.06122;1.7673
-0.23887;0.067399;1.768
-0.23384;0.073243;1.7689
-0.22857;0.078731;1.7701
-0.2231;0.083841;1.7714
-0.21745;0.088552;1.773
-0.21163;0.092845;1.7748
-0.20567;0.096704;1.7769
-0.19959;0.10011;1.7791
-0.19342;0.10306;1.7815
-0.18719;0.10553;1.7841
-0.18091;0.10752;1.7868
-0.17461;0.10902;1.7897
-0.16832;0.11002;1.7928
-0.16206;0.11051;1.7959
-0.15585;0.11051;1.7992
-0.14972;0.10999;1.8027
-0.1437;0.10898;1.8062
-0.13781;0.10747;1.8098
-0.13207;0.10547;1.8134
-0.1265;0.10298;1.8171
-0.12113;0.10002;1.8209
-0.11597;0.096595;1.8246
-0.11106;0.092722;1.8284
-0.1064;0.088416;1.8322
-0.10201;0.083693;1.8359
-0.097918;0.078572;1.8396
-0.094134;0.073073;1.8433
-0.090675;0.067218;1.8469
-0.087552;0.06103;1.8504
-0.084779;0.054533;1.8538
-0.082367;0.047753;1.8571
-0.080325;0.040717;1.8603
-0.078661;0.033453;1.8634
-0.077381;0.025989;1.8663
-0.076492;0.018355;1.8691
-0.075996;0.01058;1.8717
-0.075895;0.0026958;1.8741
-0.07619;-0.0052668;1.8763
-0.07688;-0.013276;1.8783
-0.077961;-0.021301;1.8802
-0.27435;-0.013035;1.7732
-0.27238;-0.0058677;1.7706
-0.27003;0.0012554;1.7682
-0.2673;0.0083057;1.766
-0.26422;0.015256;1.7641
-0.26079;0.022077;1.7624
-0.25702;0.028744;1.761
-0.25294;0.03523;1.7599
-0.24855;0.041509;1.759
-0.24388;0.047556;1.7583
-0.23894;0.053348;1.758
-0.23375;0.058862;1.7579
-0.22834;0.064076;1.7581
-0.22271;0.068969;1.7585
-0.21691;0.073522;1.7593
-0.21094;0.077717;1.7603
-0.20484;0.081537;1.7615
-0.19862;0.084969;1.763
-0.19232;0.087997;1.7648
-0.18595;0.09061;1.7668
-0.17954;0.092797;1.769
-0.17312;0.094551;1.7715
-0.16671;0.095864;1.7742
-0.16034;0.09673;1.7771
-0.15403;0.097147;1.7802
-0.14781;0.097113;1.7835
-0.1417;0.096628;1.7869
-0.13573;0.095694;1.7905
-0.12991;0.094315;1.7942
-0.12428;0.092495;1.7981
-0.11886;0.090243;1.8021
-0.11365;0.087567;1.8062
-0.1087;0.084477;1.8103
-0.10401;0.080986;1.8146
-0.099609;0.077108;1.8188
-0.095508;0.072858;1.8232
-0.091725;0.068253;1.8275
-0.088275;0.06331;1.8318
-0.085172;0.05805;1.8361
-0.082428;0.052493;1.8403
-0.080054;0.046661;1.8445
-0.07806;0.040577;1.8487
-0.076452;0.034266;1.8527
-0.075238;0.027751;1.8567
-0.074422;0.021059;1.8605
-0.074008;0.014216;1.8642
-0.073997;0.0072493;1.8677
-0.074389;0.00018626;1.8711
-0.075183;-0.0069453;1.8743
-0.076375;-0.014117;1.8773
-0.077961;-0.021301;1.8802
-0.27435;-0.013035;1.7732
-0.2719;-0.0068218;1.7696
-0.26907;-0.00064903;1.7663
-0.26588;0.0054585;1.7632
-0.26233;0.011477;1.7603
-0.25844;0.017382;1.7578
-0.25423;0.023151;1.7555
-0.24971;0.02876;1.7534
-0.24489;0.034189;1.7517
-0.23981;0.039415;1.7502
-0.23448;0.044417;1.7491
-0.22891;0.049177;1.7483
-0.22314;0.053674;1.7477
-0.21718;0.057892;1.7475
-0.21106;0.061814;1.7476
-0.2048;0.065424;1.748
-0.19843;0.068708;1.7488
-0.19197;0.071653;1.7498
-0.18545;0.074248;1.7511
-0.17889;0.076482;1.7528
-0.17232;0.078346;1.7547
-0.16577;0.079833;1.7569
-0.15926;0.080938;1.7594
-0.15281;0.081655;1.7621
-0.14646;0.081983;1.7651
-0.14022;0.081919;1.7684
-0.13413;0.081464;1.7718
-0.1282;0.080619;1.7755
-0.12246;0.079389;1.7794
-0.11693;0.077778;1.7835
-0.11164;0.075792;1.7877
-0.1066;0.073439;1.7921
-0.10183;0.070728;1.7967
-0.09736;0.067671;1.8013
-0.0932;0.064279;1.8061
-0.089367;0.060565;1.8109
-0.085876;0.056545;1.8158
-0.082742;0.052234;1.8208
-0.079976;0.047649;1.8257
-0.07759;0.042808;1.8307
-0.075593;0.03773;1.8357
-0.073992;0.032436;1.8406
-0.072795;0.026945;1.8454
-0.072006;0.021281;1.8502
-0.071628;0.015465;1.8549
-0.071663;0.0095206;1.8595
-0.072109;0.0034706;1.864
-0.072967;-0.002661;1.8683
-0.074232;-0.0088497;1.8724
-0.075898;-0.015071;1.8764
-0.077961;-0.021301;1.8802
-0.27435;-0.013035;1.7732
-0.27146;-0.007874;1.7687
-0.26819;-0.0027493;1.7645
-0.26456;0.0023185;1.7605
-0.26058;0.0073093;1.7568
-0.25627;0.012204;1.7534
-0.25164;0.016982;1.7502
-0.24672;0.021625;1.7474
-0.24151;0.026116;1.7449
-0.23605;0.030436;1.7426
-0.23035;0.034567;1.7408
-0.22443;0.038495;1.7392
-0.21833;0.042203;1.738
-0.21206;0.045676;1.7372
-0.20565;0.048902;1.7367
-0.19912;0.051867;1.7366
-0.1925;0.054559;1.7368
-0.18582;0.056969;1.7374
-0.1791;0.059085;1.7383
-0.17236;0.060901;1.7396
-0.16564;0.062409;1.7412
-0.15897;0.063602;1.7431
-0.15236;0.064477;1.7454
-0.14584;0.06503;1.748
-0.13945;0.065258;1.7509
-0.1332;0.065161;1.7542
-0.12712;0.064739;1.7577
-0.12123;0.063994;1.7614
-0.11556;0.062928;1.7655
-0.11013;0.061547;1.7697
-0.10496;0.059854;1.7742
-0.10007;0.057858;1.7789
-0.095476;0.055566;1.7838
-0.091205;0.052986;1.7889
-0.087269;0.05013;1.7941
-0.083684;0.047008;1.7995
-0.080464;0.043633;1.8049
-0.077621;0.040018;1.8104
-0.075167;0.036177;1.816
-0.073112;0.032126;1.8217
-0.071464;0.02788;1.8273
-0.070229;0.023456;1.833
-0.069411;0.018873;1.8386
-0.069015;0.014146;1.8442
-0.069042;0.0092965;1.8497
-0.069492;0.0043423;1.8551
-0.070363;-0.00069686;1.8604
-0.071651;-0.005801;1.8656
-0.073351;-0.01095;1.8706
-0.075457;-0.016124;1.8755
-0.077961;-0.021301;1.8802
-0.27435;-0.013035;1.7732
-0.27106;-0.0090077;1.7679
-0.2674;-0.0050123;1.7629
-0.26337;-0.0010649;1.7581
-0.25901;0.002819;1.7536
-0.25431;0.006624;1.7493
-0.24931;0.010335;1.7454
-0.24401;0.013938;1.7418
-0.23845;0.017417;1.7386
-0.23265;0.020761;1.7357
-0.22662;0.023954;1.7331
-0.22039;0.026986;1.7309
-0.21399;0.029843;1.7291
-0.20743;0.032514;1.7277
-0.20076;0.03499;1.7266
-0.19399;0.037259;1.726
-0.18714;0.039314;1.7258
-0.18026;0.041146;1.7259
-0.17335;0.042748;1.7265
-0.16646;0.044113;1.7274
-0.15961;0.045237;1.7288
-0.15282;0.046114;1.7305
-0.14612;0.046741;1.7326
-0.13955;0.047116;1.7351
-0.13311;0.047238;1.7379
-0.12685;0.047105;1.7411
-0.12078;0.046719;1.7446
-0.11493;0.04608;1.7485
-0.10932;0.045192;1.7527
-0.10398;0.044058;1.7571
-0.09892;0.042682;1.7618
-0.094165;0.04107;1.7668
-0.089734;0.039228;1.772
-0.085643;0.037164;1.7775
-0.08191;0.034885;1.7831
-0.078549;0.032401;1.7889
-0.075574;0.029721;1.7948
-0.072995;0.026856;1.8009
-0.070823;0.023817;1.8071
-0.069067;0.020617;1.8134
-0.067733;0.017267;1.8197
-0.066828;0.013782;1.826
-0.066354;0.010174;1.8323
-0.066313;0.0064585;1.8386
-0.066706;0.0026497;1.8449
-0.067531;-0.0012373;1.8511
-0.068784;-0.0051872;1.8572
-0.070461;-0.0091843;1.8632
-0.072556;-0.013213;1.869
-0.075059;-0.017257;1.8747
-0.077961;-0.021301;1.8802
-0.27435;-0.013035;1.7732
-0.27071;-0.010205;1.7672
-0.2667;-0.0074023;1.7614
-0.26233;-0.0046381;1.7559
-0.25762;-0.0019234;1.7507
-0.25259;0.00073124;1.7457
-0.24726;0.0033152;1.7411
-0.24164;0.0058183;1.7369
-0.23577;0.0082307;1.7329
-0.22966;0.010543;1.7294
-0.22334;0.012746;1.7262
-0.21684;0.01483;1.7235
-0.21017;0.016789;1.7211
-0.20337;0.018613;1.7192
-0.19647;0.020297;1.7176
-0.18948;0.021832;1.7165
-0.18244;0.023213;1.7159
-0.17538;0.024435;1.7157
-0.16831;0.025493;1.7159
-0.16128;0.026383;1.7166
-0.15431;0.027101;1.7177
-0.14743;0.027643;1.7192
-0.14065;0.02801;1.7211
-0.13402;0.028197;1.7235
-0.12756;0.028206;1.7263
-0.12128;0.028036;1.7294
-0.11522;0.027687;1.733
-0.10941;0.027161;1.7369
-0.10385;0.026461;1.7412
-0.098585;0.025588;1.7458
-0.093623;0.024546;1.7507
-0.088987;0.02334;1.7559
-0.084695;0.021974;1.7615
-0.080763;0.020453;1.7672
-0.077208;0.018784;1.7732
-0.074044;0.016973;1.7794
-0.071282;0.015028;1.7858
-0.068935;0.012955;1.7924
-0.067011;0.010763;1.7991
-0.065517;0.0084614;1.8059
-0.06446;0.0060584;1.8128
-0.063844;0.0035638;1.8197
-0.063671;0.00098727;1.8267
-0.063942;-0.0016609;1.8337
-0.064656;-0.0043702;1.8406
-0.06581;-0.0071301;1.8475
-0.067399;-0.0099295;1.8543
-0.069418;-0.012758;1.861
-0.071858;-0.015603;1.8675
-0.074709;-0.018455;1.8739
-0.077961;-0.021301;1.8802
-0.27435;-0.013035;1.7732
-0.27042;-0.011447;1.7665
-0.26611;-0.0098817;1.7601
-0.26145;-0.008345;1.754
-0.25645;-0.006843;1.7481
-0.25114;-0.0053818;1.7426
-0.24552;-0.0039672;1.7374
-0.23964;-0.0026046;1.7325
-0.2335;-0.0012995;1.728
-0.22714;-5.7049e-05;1.7239
-0.22058;0.0011179;1.7203
-0.21384;0.0022207;1.717
-0.20695;0.0032469;1.7141
-0.19995;0.0041926;1.7117
-0.19284;0.005054;1.7098
-0.18567;0.0058276;1.7083
-0.17847;0.0065106;1.7073
-0.17125;0.0071;1.7068
-0.16406;0.0075937;1.7067
-0.15691;0.0079897;1.7071
-0.14984;0.0082864;1.708
-0.14287;0.0084826;1.7093
-0.13603;0.0085776;1.7111
-0.12936;0.008571;1.7134
-0.12286;0.0084628;1.7161
-0.11658;0.0082535;1.7193
-0.11053;0.0079438;1.7228
-0.10474;0.007535;1.7268
-0.099233;0.0070288;1.7312
-0.094029;0.006427;1.7359
-0.08915;0.0057321;1.741
-0.084614;0.0049468;1.7465
-0.080439;0.0040743;1.7523
-0.076641;0.0031179;1.7583
-0.073237;0.0020815;1.7646
-0.070238;0.00096909;1.7712
-0.067658;-0.0002149;1.778
-0.065506;-0.0014658;1.785
-0.063791;-0.0027787;1.7921
-0.062519;-0.0041483;1.7994
-0.061695;-0.0055693;1.8068
-0.061323;-0.0070362;1.8143
-0.061405;-0.008543;1.8218
-0.061939;-0.010084;1.8293
-0.062924;-0.011653;1.8369
-0.064356;-0.013243;1.8443
-0.066229;-0.014849;1.8518
-0.068536;-0.016464;1.8591
-0.071268;-0.018082;1.8663
-0.074414;-0.019697;1.8733
-0.077961;-0.021301;1.8802
-0.27435;-0.013035;1.7732
-0.27018;-0.012715;1.766
-0.26564;-0.012411;1.7591
-0.26074;-0.012127;1.7524
-0.25552;-0.011862;1.746
-0.24997;-0.011619;1.74
-0.24414;-0.011397;1.7343
-0.23804;-0.011198;1.7289
-0.23169;-0.011023;1.724
-0.22513;-0.010872;1.7194
-0.21837;-0.010746;1.7153
-0.21144;-0.010645;1.7116
-0.20438;-0.010569;1.7083
-0.1972;-0.01052;1.7056
-0.18994;-0.010498;1.7033
-0.18263;-0.010501;1.7015
-0.17529;-0.010531;1.7002
-0.16796;-0.010587;1.6994
-0.16065;-0.010669;1.699
-0.15341;-0.010776;1.6992
-0.14626;-0.010909;1.6999
-0.13922;-0.011067;1.7011
-0.13234;-0.011248;1.7028
-0.12562;-0.011453;1.705
-0.1191;-0.011681;1.7077
-0.11281;-0.01193;1.7108
-0.10677;-0.0122;1.7144
-0.10101;-0.012489;1.7184
-0.095536;-0.012797;1.7229
-0.090384;-0.013122;1.7277
-0.08557;-0.013463;1.733
-0.081114;-0.013819;1.7386
-0.077033;-0.014188;1.7446
-0.073343;-0.014569;1.7509
-0.070059;-0.01496;1.7575
-0.067193;-0.01536;1.7644
-0.064758;-0.015766;1.7715
-0.062762;-0.016179;1.7788
-0.061214;-0.016595;1.7863
-0.060119;-0.017014;1.794
-0.059483;-0.017433;1.8018
-0.059307;-0.017851;1.8097
-0.059592;-0.018266;1.8177
-0.060337;-0.018677;1.8257
-0.061539;-0.019083;1.8337
-0.063193;-0.01948;1.8417
-0.065293;-0.019869;1.8497
-0.067831;-0.020246;1.8575
-0.070796;-0.020612;1.8652
-0.074178;-0.020964;1.8728
-0.077961;-0.021301;1.8802
-0.27435;-0.013035;1.7732
-0.27001;-0.013987;1.7656
-0.26529;-0.014951;1.7582
-0.26023;-0.015924;1.7512
-0.25483;-0.016902;1.7444
-0.24912;-0.017881;1.7379
-0.24312;-0.018858;1.7318
-0.23686;-0.019827;1.7261
-0.23036;-0.020786;1.7208
-0.22364;-0.021731;1.7158
-0.21674;-0.022658;1.7114
-0.20968;-0.023563;1.7073
-0.20248;-0.024442;1.7038
-0.19519;-0.025294;1.7007
-0.18781;-0.026113;1.6982
-0.18039;-0.026896;1.6961
-0.17296;-0.027642;1.6946
-0.16553;-0.028346;1.6935
-0.15815;-0.029006;1.693
-0.15084;-0.029619;1.6931
-0.14363;-0.030183;1.6936
-0.13655;-0.030696;1.6947
-0.12962;-0.031155;1.6963
-0.12288;-0.031559;1.6984
-0.11635;-0.031907;1.701
-0.11005;-0.032196;1.7042
-0.10401;-0.032426;1.7078
-0.098263;-0.032595;1.7118
-0.09282;-0.032704;1.7163
-0.087705;-0.032751;1.7213
-0.08294;-0.032737;1.7267
-0.078543;-0.032662;1.7324
-0.074531;-0.032525;1.7386
-0.07092;-0.032328;1.7451
-0.067724;-0.032071;1.7519
-0.064956;-0.031755;1.759
-0.062627;-0.031382;1.7664
-0.060746;-0.030952;1.774
-0.059321;-0.030468;1.7818
-0.058357;-0.029932;1.7898
-0.057857;-0.029345;1.7979
-0.057825;-0.02871;1.8062
-0.058259;-0.028029;1.8145
-0.059159;-0.027306;1.8229
-0.060521;-0.026543;1.8313
-0.062339;-0.025743;1.8397
-0.064606;-0.024909;1.848
-0.067313;-0.024044;1.8563
-0.07045;-0.023152;1.8644
-0.074004;-0.022237;1.8724
-0.077961;-0.021301;1.8802
-0.27435;-0.013035;1.7732
-0.2699;-0.015245;1.7653
-0.26508;-0.017462;1.7576
-0.2599;-0.019677;1.7503
-0.2544;-0.021883;1.7432
-0.24859;-0.024071;1.7365
-0.24249;-0.026231;1.7301
-0.23613;-0.028355;1.7241
-0.22953;-0.030435;1.7185
-0.22272;-0.032463;1.7133
-0.21573;-0.03443;1.7086
-0.20858;-0.03633;1.7043
-0.20131;-0.038153;1.7006
-0.19393;-0.039894;1.6973
-0.18648;-0.041545;1.6945
-0.179;-0.0431;1.6923
-0.1715;-0.044553;1.6906
-0.16402;-0.045897;1.6894
-0.15659;-0.047128;1.6888
-0.14924;-0.048241;1.6887
-0.14199;-0.049232;1.6891
-0.13488;-0.050095;1.6901
-0.12793;-0.050829;1.6917
-0.12117;-0.05143;1.6937
-0.11463;-0.051896;1.6963
-0.10833;-0.052225;1.6994
-0.10229;-0.052415;1.7031
-0.096554;-0.052466;1.7072
-0.091128;-0.052378;1.7117
-0.086037;-0.052151;1.7167
-0.081302;-0.051786;1.7222
-0.076941;-0.051284;1.7281
-0.072972;-0.050648;1.7343
-0.06941;-0.049879;1.741
-0.06627;-0.048982;1.7479
-0.063563;-0.047959;1.7552
-0.0613;-0.046814;1.7627
-0.059491;-0.045552;1.7705
-0.058142;-0.044179;1.7786
-0.057259;-0.042698;1.7868
-0.056845;-0.041117;1.7952
-0.056902;-0.039442;1.8037
-0.05743;-0.037678;1.8123
-0.058426;-0.035834;1.8209
-0.059887;-0.033916;1.8296
-0.061806;-0.031932;1.8382
-0.064177;-0.029889;1.8468
-0.06699;-0.027797;1.8554
-0.070234;-0.025662;1.8638
-0.073896;-0.023494;1.8721
-0.077961;-0.021301;1.8802
-0.27435;-0.013035;1.7732
-0.26986;-0.016468;1.7651
-0.265;-0.019903;1.7573
-0.25978;-0.023327;1.7498
-0.25424;-0.026727;1.7425
-0.24838;-0.030089;1.7356
-0.24225;-0.0334;1.7291
-0.23585;-0.036647;1.7229
-0.22921;-0.039818;1.7172
-0.22237;-0.042899;1.7119
-0.21535;-0.045878;1.707
-0.20817;-0.048744;1.7026
-0.20086;-0.051485;1.6987
-0.19345;-0.054091;1.6953
-0.18598;-0.056552;1.6925
-0.17847;-0.058857;1.6901
-0.17095;-0.060997;1.6883
-0.16345;-0.062964;1.687
-0.156;-0.064751;1.6863
-0.14863;-0.06635;1.6862
-0.14137;-0.067754;1.6866
-0.13425;-0.06896;1.6875
-0.12729;-0.06996;1.689
-0.12052;-0.070753;1.6911
-0.11397;-0.071333;1.6936
-0.10767;-0.071701;1.6967
-0.10164;-0.071852;1.7004
-0.095906;-0.071789;1.7045
-0.090486;-0.071509;1.7091
-0.085405;-0.071015;1.7141
-0.080681;-0.070309;1.7196
-0.076334;-0.069393;1.7256
-0.072381;-0.06827;1.7319
-0.068838;-0.066946;1.7386
-0.065718;-0.065426;1.7456
-0.063035;-0.063715;1.753
-0.060797;-0.061821;1.7607
-0.059015;-0.05975;1.7686
-0.057695;-0.057511;1.7767
-0.056843;-0.055113;1.7851
-0.056461;-0.052565;1.7936
-0.056552;-0.049878;1.8022
-0.057115;-0.047061;1.8109
-0.058148;-0.044127;1.8197
-0.059646;-0.041086;1.8286
-0.061605;-0.03795;1.8374
-0.064015;-0.034733;1.8462
-0.066868;-0.031446;1.8549
-0.070152;-0.028103;1.8634
-0.073855;-0.024717;1.8719
-0.077961;-0.021301;1.8802
-0.27435;-0.013035;1.7732
-0.26989;-0.017636;1.7651
-0.26505;-0.022236;1.7572
-0.25986;-0.026815;1.7496
-0.25434;-0.031356;1.7424
-0.24852;-0.035842;1.7354
-0.2424;-0.040253;1.7289
-0.23603;-0.044574;1.7227
-0.22942;-0.048786;1.7169
-0.2226;-0.052874;1.7115
-0.2156;-0.05682;1.7066
-0.20844;-0.06061;1.7022
-0.20115;-0.064229;1.6983
-0.19377;-0.067662;1.6949
-0.18631;-0.070896;1.6919
-0.17882;-0.073917;1.6896
-0.17131;-0.076715;1.6877
-0.16383;-0.079278;1.6865
-0.15639;-0.081595;1.6857
-0.14903;-0.083658;1.6856
-0.14178;-0.085459;1.6859
-0.13466;-0.086991;1.6869
-0.12771;-0.088247;1.6884
-0.12094;-0.089222;1.6904
-0.1144;-0.089913;1.693
-0.1081;-0.090317;1.6961
-0.10207;-0.090432;1.6997
-0.09633;-0.090258;1.7038
-0.090906;-0.089795;1.7084
-0.085818;-0.089046;1.7135
-0.081087;-0.088014;1.719
-0.076731;-0.086701;1.7249
-0.072768;-0.085115;1.7313
-0.069213;-0.08326;1.738
-0.066079;-0.081144;1.7451
-0.06338;-0.078776;1.7525
-0.061126;-0.076164;1.7602
-0.059326;-0.07332;1.7681
-0.057987;-0.070255;1.7763
-0.057115;-0.066979;1.7846
-0.056712;-0.063507;1.7932
-0.056781;-0.059853;1.8019
-0.057321;-0.056029;1.8106
-0.05833;-0.052053;1.8195
-0.059804;-0.047939;1.8283
-0.061737;-0.043703;1.8372
-0.064121;-0.039363;1.846
-0.066948;-0.034935;1.8547
-0.070206;-0.030437;1.8634
-0.073882;-0.025886;1.8718
-0.077961;-0.021301;1.8802
-0.27435;-0.013035;1.7732
-0.26998;-0.018733;1.7652
-0.26524;-0.024424;1.7574
-0.26014;-0.030087;1.7499
-0.25472;-0.035699;1.7427
-0.24898;-0.041238;1.7359
-0.24296;-0.046682;1.7294
-0.23667;-0.052009;1.7233
-0.23014;-0.057199;1.7176
-0.2234;-0.06223;1.7123
-0.21648;-0.067084;1.7075
-0.20939;-0.071741;1.7031
-0.20218;-0.076183;1.6992
-0.19486;-0.080391;1.6959
-0.18747;-0.084351;1.693
-0.18003;-0.088045;1.6907
-0.17258;-0.091459;1.6889
-0.16514;-0.09458;1.6877
-0.15775;-0.097396;1.687
-0.15042;-0.099895;1.6869
-0.1432;-0.10207;1.6873
-0.13611;-0.1039;1.6882
-0.12918;-0.1054;1.6898
-0.12243;-0.10655;1.6918
-0.1159;-0.10734;1.6944
-0.1096;-0.10778;1.6975
-0.10357;-0.10786;1.7011
-0.097819;-0.10758;1.7052
-0.09238;-0.10695;1.7098
-0.087272;-0.10596;1.7149
-0.082514;-0.10462;1.7203
-0.078127;-0.10294;1.7263
-0.074126;-0.10092;1.7326
-0.070527;-0.098562;1.7392
-0.067346;-0.095888;1.7463
-0.064594;-0.092903;1.7536
-0.062282;-0.08962;1.7612
-0.06042;-0.08605;1.7691
-0.059015;-0.082208;1.7772
-0.058071;-0.07811;1.7855
-0.057594;-0.073772;1.794
-0.057585;-0.069209;1.8026
-0.058044;-0.064442;1.8113
-0.058969;-0.059488;1.8201
-0.060356;-0.054367;1.8288
-0.0622;-0.049099;1.8376
-0.064494;-0.043705;1.8464
-0.067229;-0.038207;1.855
-0.070394;-0.032625;1.8635
-0.073976;-0.026983;1.8719
-0.077961;-0.021301;1.8802
-0.27435;-0.013035;1.7732
-0.27014;-0.01974;1.7654
-0.26556;-0.026434;1.7578
-0.26062;-0.033092;1.7505
-0.25535;-0.039687;1.7436
-0.24977;-0.046192;1.7369
-0.2439;-0.052584;1.7306
-0.23776;-0.058836;1.7247
-0.23137;-0.064923;1.7192
-0.22477;-0.070822;1.7141
-0.21798;-0.076509;1.7095
-0.21102;-0.081961;1.7053
-0.20392;-0.087158;1.7016
-0.19672;-0.092079;1.6984
-0.18943;-0.096705;1.6957
-0.18209;-0.10102;1.6935
-0.17473;-0.105;1.6918
-0.16737;-0.10863;1.6907
-0.16005;-0.1119;1.6901
-0.15279;-0.1148;1.6901
-0.14563;-0.11732;1.6906
-0.13858;-0.11943;1.6916
-0.13169;-0.12115;1.6931
-0.12496;-0.12245;1.6952
-0.11844;-0.12334;1.6978
-0.11215;-0.12381;1.7009
-0.10611;-0.12386;1.7045
-0.10035;-0.12349;1.7086
-0.094885;-0.1227;1.7132
-0.089742;-0.12149;1.7182
-0.08494;-0.11987;1.7236
-0.080498;-0.11785;1.7295
-0.076433;-0.11542;1.7357
-0.072762;-0.11261;1.7423
-0.069499;-0.10943;1.7492
-0.066657;-0.10587;1.7564
-0.064247;-0.10197;1.7639
-0.062279;-0.097738;1.7716
-0.06076;-0.093184;1.7796
-0.059697;-0.08833;1.7877
-0.059093;-0.083196;1.796
-0.058951;-0.077801;1.8045
-0.059272;-0.072166;1.813
-0.060054;-0.066315;1.8215
-0.061295;-0.060269;1.8301
-0.062988;-0.054054;1.8387
-0.065129;-0.047693;1.8472
-0.067707;-0.041211;1.8556
-0.070713;-0.034635;1.864
-0.074136;-0.027989;1.8722
-0.077961;-0.021301;1.8802
-0.27435;-0.013035;1.7732
-0.27036;-0.020641;1.7657
-0.266;-0.028233;1.7585
-0.26129;-0.035781;1.7516
-0.25624;-0.043256;1.7449
-0.25087;-0.050627;1.7386
-0.24521;-0.057867;1.7326
-0.23927;-0.064946;1.727
-0.23309;-0.071837;1.7218
-0.22668;-0.078512;1.717
-0.22007;-0.084944;1.7127
-0.21329;-0.091109;1.7088
-0.20636;-0.096983;1.7053
-0.19931;-0.10254;1.7023
-0.19217;-0.10776;1.6999
-0.18497;-0.11263;1.6979
-0.17774;-0.11711;1.6964
-0.17049;-0.12121;1.6955
-0.16327;-0.12489;1.695
-0.1561;-0.12815;1.6951
-0.14901;-0.13096;1.6957
-0.14203;-0.13333;1.6968
-0.13518;-0.13525;1.6985
-0.12849;-0.13669;1.7006
-0.122;-0.13767;1.7032
-0.11571;-0.13816;1.7064
-0.10966;-0.13818;1.71
-0.10388;-0.13773;1.714
-0.098381;-0.1368;1.7185
-0.093189;-0.13539;1.7234
-0.088325;-0.13352;1.7288
-0.083807;-0.13119;1.7345
-0.079654;-0.12841;1.7406
-0.075881;-0.12519;1.747
-0.072505;-0.12154;1.7538
-0.069537;-0.11749;1.7608
-0.06699;-0.11303;1.7681
-0.064874;-0.1082;1.7756
-0.063197;-0.10301;1.7833
-0.061966;-0.097478;1.7912
-0.061185;-0.091631;1.7992
-0.060859;-0.085491;1.8074
-0.060987;-0.07908;1.8156
-0.06157;-0.072425;1.8238
-0.062605;-0.065552;1.8321
-0.064088;-0.058489;1.8404
-0.066014;-0.051262;1.8486
-0.068374;-0.0439;1.8567
-0.07116;-0.036433;1.8647
-0.074359;-0.02889;1.8725
-0.077961;-0.021301;1.8802
-0.27435;-0.013035;1.7732
-0.27065;-0.021422;1.7662
-0.26657;-0.029792;1.7594
-0.26213;-0.038113;1.7529
-0.25736;-0.04635;1.7467
-0.25226;-0.054473;1.7409
-0.24687;-0.062448;1.7353
-0.24119;-0.070244;1.7301
-0.23526;-0.077831;1.7254
-0.2291;-0.085179;1.721
-0.22272;-0.092258;1.717
-0.21616;-0.099041;1.7134
-0.20945;-0.1055;1.7103
-0.2026;-0.11161;1.7077
-0.19565;-0.11735;1.7055
-0.18862;-0.12269;1.7038
-0.18155;-0.12762;1.7026
-0.17445;-0.13211;1.7019
-0.16736;-0.13615;1.7017
-0.1603;-0.13972;1.7019
-0.15331;-0.1428;1.7027
-0.1464;-0.14539;1.7039
-0.13961;-0.14747;1.7057
-0.13297;-0.14904;1.7079
-0.1265;-0.15008;1.7105
-0.12022;-0.15061;1.7137
-0.11417;-0.1506;1.7173
-0.10836;-0.15007;1.7213
-0.10281;-0.14902;1.7257
-0.097561;-0.14744;1.7305
-0.092617;-0.14535;1.7357
-0.088003;-0.14276;1.7413
-0.083737;-0.13967;1.7472
-0.079836;-0.13609;1.7534
-0.076315;-0.13205;1.7599
-0.073188;-0.12755;1.7667
-0.070467;-0.12262;1.7737
-0.068164;-0.11727;1.7809
-0.066286;-0.11153;1.7883
-0.064842;-0.10541;1.7959
-0.063838;-0.098946;1.8035
-0.063277;-0.092158;1.8113
-0.063161;-0.085075;1.8191
-0.063491;-0.077724;1.827
-0.064266;-0.070133;1.8348
-0.065483;-0.062334;1.8426
-0.067136;-0.054356;1.8504
-0.06922;-0.046232;1.858
-0.071725;-0.037993;1.8656
-0.074643;-0.029672;1.873
-0.077961;-0.021301;1.8802
-0.27435;-0.013035;1.7732
-0.27099;-0.022071;1.7667
-0.26724;-0.031088;1.7606
-0.26314;-0.04005;1.7546
-0.2587;-0.048921;1.749
-0.25393;-0.057668;1.7437
-0.24885;-0.066254;1.7387
-0.24349;-0.074646;1.734
-0.23786;-0.082812;1.7297
-0.23199;-0.090719;1.7258
-0.22589;-0.098335;1.7223
-0.2196;-0.10563;1.7192
-0.21314;-0.11258;1.7166
-0.20654;-0.11915;1.7143
-0.19981;-0.12532;1.7125
-0.19299;-0.13106;1.7112
-0.1861;-0.13635;1.7103
-0.17918;-0.14117;1.7099
-0.17224;-0.1455;1.7099
-0.16532;-0.14933;1.7104
-0.15844;-0.15263;1.7113
-0.15163;-0.1554;1.7127
-0.14491;-0.15763;1.7146
-0.13832;-0.15929;1.7169
-0.13188;-0.1604;1.7196
-0.12562;-0.16095;1.7228
-0.11955;-0.16092;1.7263
-0.11371;-0.16033;1.7303
-0.10811;-0.15917;1.7346
-0.10279;-0.15746;1.7394
-0.097748;-0.15519;1.7444
-0.093019;-0.15237;1.7498
-0.088619;-0.14902;1.7554
-0.084564;-0.14515;1.7614
-0.08087;-0.14078;1.7676
-0.077552;-0.13592;1.7741
-0.074624;-0.13059;1.7807
-0.072096;-0.12481;1.7876
-0.069979;-0.1186;1.7945
-0.068281;-0.112;1.8017
-0.067009;-0.10502;1.8089
-0.066168;-0.097698;1.8162
-0.06576;-0.090056;1.8235
-0.065788;-0.082126;1.8308
-0.066252;-0.073939;1.8382
-0.06715;-0.065529;1.8454
-0.068478;-0.056928;1.8526
-0.07023;-0.048169;1.8597
-0.072401;-0.039289;1.8667
-0.074982;-0.030321;1.8735
-0.077961;-0.021301;1.8802
