-0.12614;-0.16168;1.6868
-0.12735;-0.15782;1.6823
-0.12875;-0.15335;1.6783
-0.13035;-0.14829;1.6748
-0.13213;-0.14267;1.6719
-0.1341;-0.13649;1.6696
-0.13623;-0.1298;1.6679
-0.13853;-0.12261;1.6667
-0.14099;-0.11495;1.6661
-0.14359;-0.10685;1.6661
-0.14632;-0.098355;1.6668
-0.14918;-0.089483;1.668
-0.15214;-0.080275;1.6697
-0.15521;-0.070766;1.6721
-0.15837;-0.060995;1.675
-0.16161;-0.050999;1.6785
-0.1649;-0.040819;1.6825
-0.16825;-0.030494;1.6871
-0.17164;-0.020065;1.6921
-0.17505;-0.0095742;1.6977
-0.17847;0.00093823;1.7037
-0.18188;0.01143;1.7102
-0.18528;0.021861;1.717
-0.18865;0.032189;1.7243
-0.19198;0.042373;1.7319
-0.19524;0.052373;1.7399
-0.19844;0.06215;1.7481
-0.20156;0.071665;1.7567
-0.20459;0.080881;1.7654
-0.2075;0.089761;1.7744
-0.2103;0.09827;1.7835
-0.21297;0.10638;1.7927
-0.2155;0.11404;1.8021
-0.21789;0.12125;1.8115
-0.22011;0.12795;1.8209
-0.22216;0.13414;1.8303
-0.22404;0.13978;1.8396
-0.22574;0.14485;1.8489
-0.22725;0.14933;1.858
-0.22856;0.15321;1.8669
-0.22967;0.15646;1.8757
-0.23057;0.15909;1.8842
-0.23127;0.16106;1.8924
-0.23175;0.16239;1.9003
-0.23202;0.16306;1.9079
-0.23208;0.16306;1.9152
-0.23192;0.16241;1.922
-0.23155;0.1611;1.9285
-0.23096;0.15914;1.9345
-0.23017;0.15653;1.94
-0.22917;0.15329;1.945
-0.12614;-0.16168;1.6868
-0.12658;-0.1576;1.6823
-0.12721;-0.15292;1.6784
-0.12805;-0.14765;1.675
-0.12908;-0.14181;1.6721
-0.1303;-0.13543;1.6698
-0.13171;-0.12853;1.6681
-0.1333;-0.12114;1.667
-0.13507;-0.11329;1.6665
-0.137;-0.105;1.6665
-0.1391;-0.096325;1.6672
-0.14134;-0.087282;1.6684
-0.14373;-0.077911;1.6702
-0.14626;-0.068249;1.6726
-0.14891;-0.058334;1.6756
-0.15167;-0.048206;1.6791
-0.15453;-0.037904;1.6831
-0.15749;-0.027468;1.6877
-0.16052;-0.016941;1.6928
-0.16362;-0.0063641;1.6983
-0.16678;0.0042218;1.7044
-0.16998;0.014775;1.7108
-0.17321;0.025252;1.7177
-0.17646;0.035614;1.725
-0.17972;0.045818;1.7326
-0.18296;0.055826;1.7406
-0.18618;0.065596;1.7488
-0.18937;0.075091;1.7573
-0.19252;0.084273;1.7661
-0.1956;0.093105;1.775
-0.19862;0.10155;1.7841
-0.20155;0.10959;1.7934
-0.20439;0.11717;1.8027
-0.20712;0.12427;1.8121
-0.20974;0.13087;1.8215
-0.21222;0.13693;1.8308
-0.21458;0.14244;1.8401
-0.21678;0.14737;1.8494
-0.21884;0.15169;1.8584
-0.22073;0.15541;1.8674
-0.22245;0.15849;1.8761
-0.22399;0.16094;1.8845
-0.22535;0.16273;1.8927
-0.22652;0.16386;1.9006
-0.2275;0.16433;1.9082
-0.22828;0.16413;1.9154
-0.22887;0.16327;1.9222
-0.22925;0.16175;1.9286
-0.22943;0.15957;1.9345
-0.2294;0.15675;1.94
-0.22917;0.15329;1.945
-0.12614;-0.16168;1.6868
-0.1258;-0.15745;1.6824
-0.12566;-0.1526;1.6786
-0.12573;-0.14718;1.6753
-0.126;-0.14118;1.6726
-0.12648;-0.13465;1.6704
-0.12716;-0.12761;1.6688
-0.12804;-0.12007;1.6678
-0.12911;-0.11208;1.6674
-0.13038;-0.10366;1.6675
-0.13183;-0.094852;1.6683
-0.13346;-0.085685;1.6696
-0.13527;-0.076196;1.6715
-0.13724;-0.066422;1.674
-0.13938;-0.056403;1.677
-0.14166;-0.046178;1.6806
-0.14409;-0.035788;1.6847
-0.14665;-0.025272;1.6893
-0.14933;-0.014674;1.6945
-0.15212;-0.004034;1.7001
-0.15502;0.0066052;1.7061
-0.158;0.017202;1.7126
-0.16106;0.027714;1.7195
-0.16419;0.0381;1.7268
-0.16737;0.04832;1.7345
-0.17059;0.058332;1.7424
-0.17384;0.068097;1.7507
-0.1771;0.077577;1.7592
-0.18037;0.086734;1.7679
-0.18362;0.095533;1.7769
-0.18686;0.10394;1.7859
-0.19005;0.11192;1.7951
-0.1932;0.11944;1.8044
-0.19628;0.12647;1.8137
-0.19929;0.13298;1.8231
-0.20222;0.13896;1.8324
-0.20505;0.14437;1.8416
-0.20777;0.14919;1.8507
-0.21037;0.15341;1.8597
-0.21284;0.15701;1.8685
-0.21518;0.15997;1.8772
-0.21736;0.16228;1.8855
-0.21939;0.16393;1.8936
-0.22126;0.16493;1.9014
-0.22295;0.16525;1.9089
-0.22446;0.16491;1.916
-0.22579;0.16389;1.9227
-0.22693;0.16222;1.9289
-0.22787;0.15989;1.9348
-0.22862;0.15691;1.9401
-0.22917;0.15329;1.945
-0.12614;-0.16168;1.6868
-0.12503;-0.15735;1.6826
-0.12413;-0.15241;1.679
-0.12343;-0.14689;1.6759
-0.12295;-0.14081;1.6733
-0.12269;-0.13418;1.6713
-0.12265;-0.12705;1.6699
-0.12282;-0.11942;1.6691
-0.12321;-0.11135;1.6688
-0.12381;-0.10285;1.6692
-0.12462;-0.093959;1.6701
-0.12565;-0.084716;1.6715
-0.12688;-0.075155;1.6736
-0.12831;-0.065314;1.6762
-0.12993;-0.055232;1.6793
-0.13175;-0.044949;1.683
-0.13374;-0.034504;1.6873
-0.13591;-0.02394;1.692
-0.13824;-0.013299;1.6972
-0.14073;-0.0026208;1.7029
-0.14336;0.0080508;1.709
-0.14613;0.018674;1.7156
-0.14902;0.029207;1.7225
-0.15203;0.039608;1.7298
-0.15514;0.049836;1.7375
-0.15833;0.059852;1.7455
-0.16161;0.069614;1.7537
-0.16494;0.079085;1.7622
-0.16833;0.088227;1.7709
-0.17175;0.097005;1.7798
-0.1752;0.10538;1.7888
-0.17865;0.11333;1.7979
-0.18211;0.12081;1.8071
-0.18554;0.1278;1.8164
-0.18894;0.13427;1.8256
-0.1923;0.14019;1.8348
-0.1956;0.14554;1.8439
-0.19883;0.1503;1.8529
-0.20198;0.15445;1.8618
-0.20503;0.15798;1.8705
-0.20797;0.16086;1.879
-0.2108;0.16309;1.8872
-0.21349;0.16467;1.8951
-0.21604;0.16557;1.9027
-0.21844;0.16581;1.91
-0.22068;0.16538;1.9169
-0.22274;0.16427;1.9234
-0.22463;0.1625;1.9295
-0.22634;0.16008;1.9352
-0.22785;0.157;1.9403
-0.22917;0.15329;1.945
-0.12614;-0.16168;1.6868
-0.12428;-0.15732;1.6829
-0.12263;-0.15235;1.6795
-0.12119;-0.1468;1.6767
-0.11998;-0.14068;1.6744
-0.119;-0.13402;1.6726
-0.11825;-0.12686;1.6715
-0.11773;-0.11921;1.6709
-0.11745;-0.1111;1.6708
-0.1174;-0.10257;1.6714
-0.1176;-0.093659;1.6725
-0.11803;-0.084391;1.6742
-0.1187;-0.074806;1.6764
-0.1196;-0.064943;1.6792
-0.12072;-0.054839;1.6825
-0.12208;-0.044536;1.6864
-0.12365;-0.034074;1.6908
-0.12543;-0.023494;1.6956
-0.12743;-0.012837;1.701
-0.12962;-0.0021467;1.7067
-0.13199;0.0085357;1.713
-0.13455;0.019168;1.7196
-0.13728;0.029708;1.7266
-0.14017;0.040114;1.734
-0.14321;0.050345;1.7416
-0.14638;0.060361;1.7496
-0.14968;0.070123;1.7579
-0.15309;0.079591;1.7663
-0.15659;0.088728;1.775
-0.16018;0.097499;1.7838
-0.16383;0.10587;1.7928
-0.16754;0.1138;1.8018
-0.17129;0.12127;1.8109
-0.17507;0.12825;1.82
-0.17885;0.1347;1.8291
-0.18263;0.1406;1.8382
-0.18639;0.14593;1.8471
-0.19012;0.15067;1.856
-0.1938;0.1548;1.8646
-0.19741;0.1583;1.8731
-0.20095;0.16116;1.8814
-0.20439;0.16337;1.8894
-0.20773;0.16491;1.8971
-0.21095;0.16579;1.9045
-0.21404;0.166;1.9115
-0.21698;0.16553;1.9182
-0.21977;0.1644;1.9245
-0.22239;0.1626;1.9303
-0.22484;0.16014;1.9357
-0.2271;0.15703;1.9406
-0.22917;0.15329;1.945
-0.12614;-0.16168;1.6868
-0.12356;-0.15735;1.6832
-0.12119;-0.15241;1.6801
-0.11905;-0.14689;1.6776
-0.11713;-0.14081;1.6757
-0.11546;-0.13418;1.6742
-0.11403;-0.12704;1.6734
-0.11285;-0.11942;1.6731
-0.11193;-0.11135;1.6733
-0.11126;-0.10285;1.6742
-0.11086;-0.093958;1.6755
-0.11073;-0.084715;1.6775
-0.11085;-0.075154;1.68
-0.11124;-0.065313;1.683
-0.11189;-0.055231;1.6865
-0.11281;-0.044947;1.6906
-0.11397;-0.034503;1.6951
-0.11539;-0.023939;1.7002
-0.11706;-0.013297;1.7057
-0.11896;-0.0026193;1.7116
-0.1211;0.0080524;1.7179
-0.12346;0.018676;1.7246
-0.12603;0.029209;1.7317
-0.1288;0.03961;1.7391
-0.13177;0.049838;1.7468
-0.13492;0.059853;1.7548
-0.13824;0.069616;1.763
-0.14172;0.079087;1.7715
-0.14533;0.088229;1.7801
-0.14908;0.097006;1.7888
-0.15293;0.10538;1.7977
-0.15689;0.11333;1.8066
-0.16092;0.12081;1.8156
-0.16503;0.1278;1.8246
-0.16918;0.13427;1.8335
-0.17336;0.14019;1.8424
-0.17756;0.14554;1.8511
-0.18177;0.1503;1.8597
-0.18595;0.15445;1.8682
-0.19011;0.15798;1.8764
-0.19421;0.16086;1.8844
-0.19825;0.16309;1.8922
-0.20221;0.16467;1.8996
-0.20607;0.16557;1.9067
-0.20982;0.16581;1.9134
-0.21344;0.16538;1.9198
-0.21692;0.16427;1.9258
-0.22025;0.1625;1.9313
-0.2234;0.16008;1.9363
-0.22638;0.157;1.9409
-0.22917;0.15329;1.945
-0.12614;-0.16168;1.6868
-0.12288;-0.15744;1.6836
-0.11984;-0.1526;1.6809
-0.11703;-0.14718;1.6788
-0.11445;-0.14118;1.6772
-0.11212;-0.13465;1.6761
-0.11006;-0.1276;1.6756
-0.10826;-0.12007;1.6757
-0.10673;-0.11208;1.6763
-0.10548;-0.10366;1.6775
-0.10452;-0.09485;1.6792
-0.10385;-0.085683;1.6814
-0.10347;-0.076193;1.6842
-0.10338;-0.06642;1.6875
-0.10358;-0.056401;1.6913
-0.10408;-0.046176;1.6956
-0.10487;-0.035785;1.7003
-0.10594;-0.025269;1.7056
-0.1073;-0.014671;1.7112
-0.10893;-0.0040309;1.7173
-0.11084;0.0066084;1.7238
-0.11301;0.017205;1.7306
-0.11543;0.027717;1.7377
-0.1181;0.038104;1.7452
-0.12101;0.048323;1.753
-0.12414;0.058335;1.761
-0.12748;0.0681;1.7692
-0.13102;0.07758;1.7776
-0.13474;0.086737;1.7861
-0.13863;0.095536;1.7948
-0.14268;0.10394;1.8036
-0.14686;0.11192;1.8124
-0.15116;0.11944;1.8212
-0.15557;0.12647;1.83
-0.16007;0.13299;1.8387
-0.16464;0.13896;1.8473
-0.16925;0.14437;1.8559
-0.17391;0.14919;1.8642
-0.17857;0.15341;1.8724
-0.18323;0.15701;1.8804
-0.18787;0.15997;1.8881
-0.19247;0.16228;1.8955
-0.19701;0.16394;1.9026
-0.20148;0.16493;1.9093
-0.20585;0.16525;1.9157
-0.21011;0.16491;1.9217
-0.21424;0.16389;1.9273
-0.21823;0.16222;1.9324
-0.22205;0.15989;1.9371
-0.2257;0.15691;1.9413
-0.22917;0.15329;1.945
-0.12614;-0.16168;1.6868
-0.12226;-0.1576;1.684
-0.11859;-0.15292;1.6818
-0.11516;-0.14764;1.6801
-0.11198;-0.14181;1.6789
-0.10905;-0.13543;1.6783
-0.1064;-0.12853;1.6782
-0.10402;-0.12114;1.6787
-0.10194;-0.11328;1.6797
-0.10016;-0.105;1.6812
-0.09868;-0.096323;1.6833
-0.097514;-0.087279;1.6859
-0.096663;-0.077908;1.689
-0.096133;-0.068246;1.6926
-0.095924;-0.05833;1.6967
-0.096038;-0.048202;1.7013
-0.096473;-0.037899;1.7063
-0.09723;-0.027464;1.7117
-0.098303;-0.016937;1.7176
-0.09969;-0.0063595;1.7238
-0.10138;0.0042265;1.7304
-0.10338;0.014779;1.7374
-0.10567;0.025257;1.7446
-0.10824;0.035619;1.7522
-0.11109;0.045823;1.76
-0.1142;0.05583;1.768
-0.11756;0.065601;1.7762
-0.12115;0.075096;1.7845
-0.12497;0.084277;1.793
-0.129;0.09311;1.8016
-0.13322;0.10156;1.8102
-0.13762;0.10959;1.8189
-0.14217;0.11717;1.8275
-0.14686;0.12428;1.8361
-0.15168;0.13087;1.8446
-0.15659;0.13694;1.853
-0.16159;0.14244;1.8613
-0.16666;0.14737;1.8694
-0.17177;0.1517;1.8772
-0.1769;0.15541;1.8848
-0.18203;0.1585;1.8922
-0.18715;0.16094;1.8992
-0.19222;0.16273;1.906
-0.19725;0.16386;1.9123
-0.20219;0.16433;1.9183
-0.20704;0.16413;1.9239
-0.21177;0.16327;1.929
-0.21636;0.16175;1.9337
-0.22081;0.15957;1.938
-0.22508;0.15675;1.9417
-0.22917;0.15329;1.945
-0.12614;-0.16168;1.6868
-0.1217;-0.15782;1.6845
-0.11747;-0.15335;1.6828
-0.11349;-0.14829;1.6816
-0.10975;-0.14266;1.6809
-0.10629;-0.13649;1.6807
-0.10311;-0.1298;1.6811
-0.10022;-0.12261;1.682
-0.097635;-0.11495;1.6834
-0.095368;-0.10685;1.6854
-0.093425;-0.098351;1.6879
-0.091815;-0.089479;1.6908
-0.090543;-0.08027;1.6943
-0.089615;-0.070761;1.6983
-0.089035;-0.06099;1.7027
-0.088805;-0.050994;1.7075
-0.088925;-0.040813;1.7128
-0.089395;-0.030488;1.7185
-0.090214;-0.02006;1.7246
-0.091377;-0.0095682;1.7311
-0.092881;0.00094436;1.7378
-0.09472;0.011437;1.7449
-0.096886;0.021867;1.7523
-0.099371;0.032195;1.7599
-0.10216;0.042379;1.7677
-0.10526;0.052379;1.7758
-0.10863;0.062156;1.784
-0.11228;0.071672;1.7923
-0.11619;0.080887;1.8007
-0.12034;0.089767;1.8091
-0.12472;0.098277;1.8176
-0.1293;0.10638;1.8261
-0.13408;0.11405;1.8346
-0.13903;0.12125;1.8429
-0.14413;0.12796;1.8512
-0.14936;0.13414;1.8593
-0.15471;0.13978;1.8673
-0.16014;0.14485;1.875
-0.16565;0.14934;1.8825
-0.1712;0.15321;1.8898
-0.17677;0.15647;1.8968
-0.18235;0.15909;1.9034
-0.18792;0.16107;1.9097
-0.19344;0.16239;1.9156
-0.1989;0.16306;1.9212
-0.20427;0.16307;1.9263
-0.20954;0.16241;1.931
-0.21469;0.1611;1.9352
-0.21969;0.15914;1.939
-0.22452;0.15653;1.9422
-0.22917;0.15329;1.945
-0.12614;-0.16168;1.6868
-0.12121;-0.15809;1.685
-0.1165;-0.15389;1.6838
-0.11203;-0.14911;1.6831
-0.10782;-0.14374;1.683
-0.10388;-0.13783;1.6833
-0.10024;-0.1314;1.6842
-0.096898;-0.12445;1.6856
-0.093878;-0.11704;1.6875
-0.091189;-0.10918;1.6899
-0.088841;-0.1009;1.6928
-0.086844;-0.092247;1.6962
-0.085205;-0.083243;1.7001
-0.08393;-0.073927;1.7044
-0.083026;-0.064336;1.7092
-0.082495;-0.054508;1.7143
-0.08234;-0.04448;1.7199
-0.082561;-0.034294;1.7259
-0.083157;-0.023989;1.7322
-0.084126;-0.013606;1.7389
-0.085464;-0.0031863;1.7458
-0.087166;0.0072298;1.7531
-0.089226;0.017601;1.7605
-0.091634;0.027886;1.7682
-0.094381;0.038044;1.7761
-0.097458;0.048036;1.7842
-0.10085;0.057822;1.7923
-0.10455;0.067363;1.8006
-0.10853;0.076621;1.8089
-0.11279;0.085561;1.8173
-0.1173;0.094146;1.8256
-0.12205;0.10234;1.8339
-0.12702;0.11012;1.8422
-0.13219;0.11745;1.8503
-0.13754;0.12429;1.8583
-0.14305;0.13063;1.8661
-0.1487;0.13644;1.8738
-0.15446;0.14169;1.8812
-0.16031;0.14636;1.8883
-0.16623;0.15044;1.8952
-0.17219;0.15392;1.9017
-0.17818;0.15676;1.9079
-0.18416;0.15897;1.9138
-0.19012;0.16054;1.9192
-0.19603;0.16146;1.9243
-0.20186;0.16172;1.9289
-0.2076;0.16133;1.9331
-0.21323;0.16029;1.9368
-0.21871;0.1586;1.94
-0.22403;0.15626;1.9428
-0.22917;0.15329;1.945
-0.12614;-0.16168;1.6868
-0.1208;-0.15842;1.6856
-0.11568;-0.15454;1.6849
-0.1108;-0.15007;1.6848
-0.10619;-0.14503;1.6852
-0.10186;-0.13943;1.6861
-0.097831;-0.1333;1.6875
-0.094116;-0.12665;1.6894
-0.09073;-0.11953;1.6918
-0.087688;-0.11195;1.6947
-0.085;-0.10394;1.698
-0.082679;-0.095541;1.7019
-0.080732;-0.08678;1.7062
-0.079167;-0.077694;1.7109
-0.077992;-0.068317;1.716
-0.077209;-0.058688;1.7216
-0.076823;-0.048843;1.7275
-0.076835;-0.038822;1.7337
-0.077245;-0.028665;1.7403
-0.078051;-0.018411;1.7472
-0.07925;-0.0081005;1.7543
-0.080838;0.0022251;1.7617
-0.082807;0.012525;1.7693
-0.085151;0.02276;1.7771
-0.08786;0.032888;1.785
-0.090924;0.042869;1.7931
-0.094329;0.052665;1.8012
-0.098064;0.062236;1.8094
-0.10211;0.071546;1.8177
-0.10646;0.080556;1.8259
-0.11109;0.089232;1.8341
-0.11598;0.097539;1.8422
-0.12111;0.10544;1.8502
-0.12647;0.11292;1.8581
-0.13203;0.11993;1.8658
-0.13777;0.12645;1.8733
-0.14366;0.13245;1.8806
-0.14969;0.13792;1.8876
-0.15583;0.14283;1.8944
-0.16206;0.14715;1.9008
-0.16835;0.15088;1.9069
-0.17467;0.15399;1.9127
-0.18101;0.15649;1.918
-0.18734;0.15834;1.923
-0.19362;0.15956;1.9275
-0.19984;0.16013;1.9316
-0.20598;0.16005;1.9353
-0.212;0.15932;1.9384
-0.21789;0.15795;1.9411
-0.22362;0.15594;1.9433
-0.22917;0.15329;1.945
-0.12614;-0.16168;1.6868
-0.12047;-0.15879;1.6862
-0.11503;-0.15528;1.6861
-0.10983;-0.15118;1.6865
-0.10491;-0.1465;1.6875
-0.10026;-0.14126;1.6889
-0.095929;-0.13547;1.6909
-0.091916;-0.12917;1.6933
-0.088241;-0.12238;1.6962
-0.08492;-0.11511;1.6996
-0.081964;-0.10741;1.7035
-0.079386;-0.099308;1.7078
-0.077195;-0.090826;1.7125
-0.075401;-0.082002;1.7176
-0.074011;-0.072871;1.7232
-0.07303;-0.063468;1.7291
-0.072461;-0.053832;1.7353
-0.072308;-0.044001;1.7418
-0.07257;-0.034012;1.7487
-0.073248;-0.023905;1.7558
-0.074337;-0.01372;1.7631
-0.075834;-0.0034984;1.7707
-0.077733;0.0067209;1.7784
-0.080026;0.016897;1.7863
-0.082704;0.02699;1.7943
-0.085757;0.03696;1.8024
-0.089173;0.046767;1.8105
-0.092938;0.056374;1.8186
-0.097038;0.065741;1.8268
-0.10146;0.074832;1.8349
-0.10617;0.083612;1.8429
-0.11117;0.092045;1.8508
-0.11644;0.1001;1.8586
-0.12194;0.10774;1.8662
-0.12766;0.11494;1.8736
-0.13359;0.12167;1.8808
-0.13968;0.1279;1.8878
-0.14593;0.13361;1.8944
-0.1523;0.13878;1.9007
-0.15877;0.14338;1.9067
-0.16531;0.1474;1.9124
-0.17191;0.15083;1.9176
-0.17852;0.15364;1.9225
-0.18514;0.15583;1.9269
-0.19172;0.15738;1.9309
-0.19825;0.1583;1.9345
-0.20469;0.15858;1.9376
-0.21103;0.15821;1.9402
-0.21724;0.15721;1.9423
-0.22329;0.15557;1.9439
-0.22917;0.15329;1.945
-0.12614;-0.16168;1.6868
-0.12024;-0.1592;1.6868
-0.11456;-0.1561;1.6873
-0.10914;-0.15241;1.6883
-0.10398;-0.14813;1.6898
-0.099116;-0.14328;1.6919
-0.094561;-0.13789;1.6944
-0.090333;-0.13196;1.6973
-0.086451;-0.12553;1.7008
-0.082928;-0.11863;1.7047
-0.079779;-0.11127;1.7091
-0.077016;-0.10349;1.7138
-0.074651;-0.095315;1.719
-0.072692;-0.086782;1.7246
-0.071147;-0.077924;1.7305
-0.070022;-0.068774;1.7367
-0.069323;-0.05937;1.7433
-0.069051;-0.049748;1.7501
-0.069207;-0.039946;1.7573
-0.069792;-0.030003;1.7646
-0.070802;-0.019958;1.7721
-0.072234;-0.0098507;1.7799
-0.074081;0.00027874;1.7877
-0.076338;0.01039;1.7957
-0.078995;0.020445;1.8037
-0.08204;0.030402;1.8118
-0.085464;0.040222;1.82
-0.089251;0.049867;1.8281
-0.093386;0.059299;1.8361
-0.097855;0.06848;1.8441
-0.10264;0.077374;1.8519
-0.10772;0.085947;1.8597
-0.11307;0.094164;1.8672
-0.11868;0.10199;1.8745
-0.12453;0.1094;1.8816
-0.13058;0.11636;1.8885
-0.13682;0.12285;1.8951
-0.14322;0.12883;1.9013
-0.14975;0.13429;1.9072
-0.1564;0.1392;1.9128
-0.16313;0.14355;1.918
-0.16992;0.14731;1.9227
-0.17673;0.15048;1.9271
-0.18355;0.15303;1.931
-0.19035;0.15497;1.9344
-0.1971;0.15627;1.9374
-0.20377;0.15695;1.9399
-0.21034;0.15698;1.942
-0.21678;0.15639;1.9435
-0.22306;0.15515;1.9445
-0.22917;0.15329;1.945
-0.12614;-0.16168;1.6868
-0.1201;-0.15964;1.6874
-0.11429;-0.15699;1.6885
-0.10872;-0.15374;1.6901
-0.10343;-0.1499;1.6922
-0.098433;-0.14548;1.6948
-0.093748;-0.1405;1.6979
-0.089393;-0.13499;1.7014
-0.085386;-0.12896;1.7054
-0.081744;-0.12243;1.7098
-0.07848;-0.11544;1.7147
-0.075608;-0.10802;1.7199
-0.073138;-0.10018;1.7255
-0.071081;-0.091961;1.7315
-0.069445;-0.083397;1.7378
-0.068235;-0.074521;1.7444
-0.067458;-0.065368;1.7514
-0.067115;-0.055973;1.7585
-0.067208;-0.046373;1.7659
-0.067738;-0.036608;1.7735
-0.068701;-0.026714;1.7812
-0.070094;-0.016731;1.7891
-0.071911;-0.0066993;1.7971
-0.074146;0.0033426;1.8052
-0.07679;0.013355;1.8133
-0.079831;0.023298;1.8214
-0.083259;0.033132;1.8295
-0.087059;0.042819;1.8375
-0.091216;0.052321;1.8455
-0.095715;0.061599;1.8533
-0.10054;0.070618;1.861
-0.10566;0.079342;1.8685
-0.11107;0.087736;1.8758
-0.11675;0.095767;1.8829
-0.12266;0.1034;1.8897
-0.12879;0.11062;1.8962
-0.13512;0.11737;1.9024
-0.14161;0.12365;1.9083
-0.14824;0.12943;1.9138
-0.15499;0.13468;1.9189
-0.16183;0.13937;1.9236
-0.16873;0.14351;1.9278
-0.17567;0.14706;1.9317
-0.18261;0.15001;1.9351
-0.18954;0.15235;1.938
-0.19642;0.15408;1.9404
-0.20322;0.15518;1.9423
-0.20992;0.15565;1.9437
-0.2165;0.1555;1.9447
-0.22292;0.15471;1.9451
-0.22917;0.15329;1.945
-0.12614;-0.16168;1.6868
-0.12006;-0.16012;1.688
-0.1142;-0.15794;1.6897
-0.1086;-0.15515;1.6919
-0.10327;-0.15177;1.6946
-0.098227;-0.14781;1.6977
-0.093502;-0.14328;1.7014
-0.089109;-0.1382;1.7054
-0.085065;-0.13259;1.71
-0.081387;-0.12647;1.7149
-0.078089;-0.11988;1.7202
-0.075183;-0.11282;1.7259
-0.072682;-0.10534;1.732
-0.070596;-0.097455;1.7384
-0.068931;-0.089205;1.7451
-0.067696;-0.080619;1.7521
-0.066895;-0.071732;1.7593
-0.066531;-0.062578;1.7668
-0.066605;-0.053194;1.7745
-0.067118;-0.043616;1.7823
-0.068067;-0.033883;1.7902
-0.069448;-0.024032;1.7983
-0.071257;-0.014103;1.8064
-0.073485;-0.0041354;1.8145
-0.076125;0.0058322;1.8227
-0.079165;0.01576;1.8308
-0.082594;0.02561;1.8389
-0.086398;0.035341;1.8469
-0.090562;0.044917;1.8548
-0.09507;0.054299;1.8625
-0.099904;0.06345;1.87
-0.10504;0.072334;1.8773
-0.11047;0.080916;1.8844
-0.11616;0.089162;1.8912
-0.1221;0.097039;1.8977
-0.12825;0.10452;1.9039
-0.1346;0.11157;1.9097
-0.14112;0.11816;1.9152
-0.14778;0.12427;1.9202
-0.15457;0.12987;1.9249
-0.16144;0.13494;1.9291
-0.16837;0.13947;1.9329
-0.17535;0.14343;1.9362
-0.18233;0.1468;1.9391
-0.18929;0.14958;1.9414
-0.19621;0.15175;1.9433
-0.20305;0.15331;1.9447
-0.2098;0.15424;1.9455
-0.21642;0.15455;1.9459
-0.22288;0.15423;1.9457
-0.22917;0.15329;1.945
-0.12614;-0.16168;1.6868
-0.12011;-0.16061;1.6886
-0.11431;-0.15892;1.6908
-0.10876;-0.15662;1.6936
-0.10349;-0.15372;1.6969
-0.098501;-0.15023;1.7006
-0.093829;-0.14617;1.7048
-0.089487;-0.14154;1.7094
-0.085493;-0.13637;1.7144
-0.081862;-0.13068;1.7198
-0.07861;-0.12449;1.7257
-0.075749;-0.11783;1.7318
-0.073289;-0.11071;1.7383
-0.071242;-0.10318;1.7451
-0.069615;-0.095255;1.7522
-0.068414;-0.086972;1.7596
-0.067644;-0.078362;1.7671
-0.067308;-0.069459;1.7749
-0.067408;-0.060298;1.7828
-0.067943;-0.050917;1.7908
-0.06891;-0.04135;1.799
-0.070307;-0.031638;1.8072
-0.072128;-0.021816;1.8154
-0.074365;-0.011926;1.8237
-0.07701;-0.0020044;1.8319
-0.080052;0.0079081;1.8401
-0.083479;0.017773;1.8481
-0.087278;0.027551;1.8561
-0.091433;0.037204;1.8638
-0.095929;0.046693;1.8714
-0.10075;0.055982;1.8788
-0.10587;0.065033;1.8859
-0.11127;0.073811;1.8927
-0.11694;0.082281;1.8993
-0.12285;0.09041;1.9055
-0.12897;0.098165;1.9113
-0.13529;0.10552;1.9168
-0.14177;0.11243;1.9219
-0.14839;0.11889;1.9266
-0.15513;0.12487;1.9308
-0.16196;0.13033;1.9346
-0.16885;0.13526;1.9379
-0.17577;0.13964;1.9407
-0.18271;0.14346;1.943
-0.18962;0.14669;1.9448
-0.19648;0.14932;1.9462
-0.20328;0.15135;1.947
-0.20997;0.15277;1.9472
-0.21653;0.15357;1.947
-0.22294;0.15374;1.9463
-0.22917;0.15329;1.945
-0.12614;-0.16168;1.6868
-0.12027;-0.16112;1.6891
-0.11462;-0.15993;1.6919
-0.10922;-0.15813;1.6953
-0.10409;-0.15572;1.6991
-0.099251;-0.15272;1.7033
-0.094722;-0.14913;1.708
-0.09052;-0.14496;1.7131
-0.086661;-0.14025;1.7187
-0.083162;-0.13499;1.7246
-0.080036;-0.12922;1.7309
-0.077295;-0.12295;1.7375
-0.07495;-0.11622;1.7444
-0.073011;-0.10904;1.7516
-0.071484;-0.10145;1.759
-0.070376;-0.093479;1.7667
-0.069692;-0.085153;1.7746
-0.069434;-0.076507;1.7826
-0.069603;-0.067576;1.7908
-0.070198;-0.058395;1.7991
-0.071218;-0.049;1.8074
-0.072657;-0.039428;1.8158
-0.074511;-0.029717;1.8241
-0.076772;-0.019905;1.8325
-0.079431;-0.010032;1.8407
-0.082478;-0.00013493;1.8489
-0.0859;0.0097457;1.857
-0.089685;0.019571;1.8648
-0.093816;0.029303;1.8725
-0.098279;0.038903;1.88
-0.10305;0.048332;1.8872
-0.10812;0.057555;1.8941
-0.11347;0.066533;1.9007
-0.11907;0.075233;1.907
-0.1249;0.083619;1.913
-0.13093;0.091658;1.9185
-0.13715;0.099319;1.9236
-0.14354;0.10657;1.9283
-0.15005;0.11339;1.9326
-0.15668;0.11974;1.9364
-0.16339;0.1256;1.9398
-0.17015;0.13095;1.9426
-0.17694;0.13577;1.9449
-0.18374;0.14003;1.9468
-0.19051;0.14373;1.9481
-0.19723;0.14684;1.9489
-0.20388;0.14935;1.9492
-0.21042;0.15126;1.9489
-0.21683;0.15256;1.9481
-0.22309;0.15324;1.9468
-0.22917;0.15329;1.945
-0.12614;-0.16168;1.6868
-0.12051;-0.16163;1.6896
-0.11511;-0.16095;1.693
-0.10996;-0.15965;1.6968
-0.10507;-0.15774;1.7011
-0.10046;-0.15522;1.7059
-0.096167;-0.15211;1.7111
-0.092192;-0.14842;1.7167
-0.088553;-0.14415;1.7227
-0.085266;-0.13933;1.729
-0.082344;-0.13398;1.7357
-0.079798;-0.12812;1.7428
-0.077638;-0.12177;1.7501
-0.075873;-0.11495;1.7576
-0.07451;-0.1077;1.7655
-0.073553;-0.10004;1.7735
-0.073008;-0.091998;1.7816
-0.072875;-0.083611;1.7899
-0.073156;-0.074912;1.7983
-0.07385;-0.065933;1.8068
-0.074953;-0.05671;1.8153
-0.076461;-0.04728;1.8238
-0.078369;-0.03768;1.8323
-0.080668;-0.027948;1.8407
-0.08335;-0.018123;1.849
-0.086405;-0.008242;1.8572
-0.089819;0.0016547;1.8653
-0.093581;0.011528;1.8731
-0.097674;0.02134;1.8807
-0.10208;0.031051;1.888
-0.10679;0.040622;1.8951
-0.11178;0.050017;1.9019
-0.11702;0.059198;1.9083
-0.12251;0.068128;1.9143
-0.12821;0.076774;1.92
-0.13411;0.085099;1.9252
-0.14018;0.093073;1.93
-0.1464;0.10066;1.9344
-0.15274;0.10784;1.9383
-0.15918;0.11457;1.9417
-0.16569;0.12084;1.9446
-0.17225;0.12661;1.9471
-0.17884;0.13186;1.9489
-0.18541;0.13658;1.9503
-0.19196;0.14074;1.9512
-0.19845;0.14433;1.9515
-0.20486;0.14734;1.9512
-0.21116;0.14974;1.9505
-0.21732;0.15154;1.9492
-0.22334;0.15273;1.9473
-0.22917;0.15329;1.945
-0.12614;-0.16168;1.6868
-0.12085;-0.16213;1.6901
-0.11578;-0.16196;1.6939
-0.11096;-0.16116;1.6983
-0.1064;-0.15974;1.703
-0.10212;-0.15771;1.7082
-0.098143;-0.15507;1.7139
-0.094476;-0.15184;1.7199
-0.091138;-0.14803;1.7264
-0.088142;-0.14364;1.7331
-0.085498;-0.13871;1.7403
-0.083219;-0.13325;1.7477
-0.081312;-0.12727;1.7553
-0.079785;-0.12082;1.7632
-0.078644;-0.1139;1.7714
-0.077895;-0.10654;1.7797
-0.077539;-0.098789;1.7881
-0.077578;-0.09066;1.7966
-0.078012;-0.082189;1.8053
-0.078839;-0.073411;1.8139
-0.080056;-0.06436;1.8226
-0.081658;-0.055071;1.8313
-0.08364;-0.045581;1.8398
-0.085992;-0.035928;1.8483
-0.088706;-0.02615;1.8567
-0.091771;-0.016285;1.8649
-0.095175;-0.0063727;1.8729
-0.098904;0.0035484;1.8807
-0.10294;0.013439;1.8882
-0.10728;0.02326;1.8955
-0.11189;0.032973;1.9024
-0.11676;0.042539;1.909
-0.12188;0.05192;1.9152
-0.12721;0.06108;1.921
-0.13274;0.069982;1.9265
-0.13845;0.078592;1.9314
-0.14432;0.086875;1.936
-0.15031;0.094799;1.94
-0.15641;0.10233;1.9436
-0.1626;0.10944;1.9466
-0.16885;0.11611;1.9492
-0.17513;0.1223;1.9512
-0.18142;0.12799;1.9526
-0.1877;0.13316;1.9536
-0.19393;0.13778;1.954
-0.20011;0.14185;1.9538
-0.20619;0.14534;1.9531
-0.21216;0.14824;1.9519
-0.218;0.15053;1.9501
-0.22367;0.15222;1.9478
-0.22917;0.15329;1.945
-0.12614;-0.16168;1.6868
-0.12127;-0.16262;1.6905
-0.11663;-0.16294;1.6948
-0.11222;-0.16263;1.6995
-0.10807;-0.16169;1.7047
-0.1042;-0.16014;1.7104
-0.10062;-0.15796;1.7164
-0.097338;-0.15518;1.7229
-0.094376;-0.15181;1.7297
-0.091743;-0.14785;1.7368
-0.089449;-0.14333;1.7443
-0.087503;-0.13825;1.7521
-0.085912;-0.13265;1.76
-0.084684;-0.12654;1.7683
-0.083823;-0.11995;1.7767
-0.083332;-0.1129;1.7852
-0.083213;-0.10542;1.7939
-0.083467;-0.097541;1.8027
-0.084093;-0.089294;1.8115
-0.085087;-0.080712;1.8203
-0.086448;-0.071828;1.8292
-0.088168;-0.062677;1.8379
-0.090241;-0.053295;1.8466
-0.092659;-0.043719;1.8552
-0.095413;-0.033987;1.8636
-0.098491;-0.024138;1.8718
-0.10188;-0.01421;1.8798
-0.10557;-0.0042423;1.8875
-0.10955;0.0057255;1.895
-0.11379;0.015654;1.9022
-0.11828;0.025504;1.909
-0.12301;0.035237;1.9154
-0.12796;0.044815;1.9215
-0.1331;0.054199;1.9271
-0.13842;0.063352;1.9323
-0.14389;0.072239;1.937
-0.14949;0.080825;1.9413
-0.15521;0.089074;1.945
-0.16101;0.096956;1.9483
-0.16688;0.10444;1.951
-0.1728;0.11149;1.9532
-0.17873;0.11809;1.9549
-0.18466;0.1242;1.956
-0.19056;0.12981;1.9565
-0.19641;0.13489;1.9565
-0.20218;0.13942;1.956
-0.20786;0.14338;1.9548
-0.21342;0.14677;1.9532
-0.21884;0.14955;1.951
-0.22409;0.15173;1.9483
-0.22917;0.15329;1.945
-0.12614;-0.16168;1.6868
-0.12177;-0.1631;1.6909
-0.11762;-0.16388;1.6956
-0.11371;-0.16404;1.7007
-0.11005;-0.16357;1.7062
-0.10666;-0.16247;1.7122
-0.10355;-0.16074;1.7186
-0.10073;-0.15839;1.7254
-0.098215;-0.15544;1.7326
-0.096013;-0.15189;1.7401
-0.094133;-0.14776;1.7478
-0.092582;-0.14306;1.7559
-0.091367;-0.13781;1.7642
-0.090493;-0.13203;1.7727
-0.089963;-0.12576;1.7813
-0.089779;-0.119;1.7901
-0.089941;-0.11178;1.799
-0.09045;-0.10415;1.808
-0.091303;-0.096115;1.817
-0.092497;-0.087721;1.8259
-0.094027;-0.078997;1.8349
-0.095886;-0.069978;1.8438
-0.098069;-0.060699;1.8525
-0.10057;-0.051198;1.8611
-0.10337;-0.04151;1.8696
-0.10646;-0.031676;1.8778
-0.10984;-0.021733;1.8858
-0.11348;-0.011721;1.8935
-0.11737;-0.0016791;1.9009
-0.12151;0.0083528;1.908
-0.12586;0.018335;1.9147
-0.13042;0.028229;1.921
-0.13517;0.037994;1.9269
-0.14008;0.047593;1.9324
-0.14515;0.056988;1.9374
-0.15034;0.066141;1.9419
-0.15563;0.075016;1.9459
-0.16102;0.083579;1.9494
-0.16647;0.091796;1.9524
-0.17196;0.099634;1.9548
-0.17748;0.10706;1.9567
-0.183;0.11405;1.9581
-0.1885;0.12057;1.9589
-0.19395;0.1266;1.9591
-0.19934;0.13212;1.9587
-0.20465;0.13709;1.9578
-0.20984;0.14151;1.9563
-0.21491;0.14535;1.9543
-0.21984;0.14861;1.9517
-0.22459;0.15126;1.9486
-0.22917;0.15329;1.945
-0.12614;-0.16168;1.6868
-0.12234;-0.16354;1.6912
-0.11876;-0.16477;1.6962
-0.11542;-0.16537;1.7016
-0.11232;-0.16534;1.7075
-0.10947;-0.16466;1.7138
-0.1069;-0.16335;1.7205
-0.1046;-0.16142;1.7276
-0.1026;-0.15886;1.735
-0.10088;-0.1557;1.7428
-0.099477;-0.15193;1.7508
-0.098377;-0.14759;1.7591
-0.097591;-0.14267;1.7676
-0.097121;-0.13721;1.7763
-0.096968;-0.13123;1.7852
-0.097134;-0.12474;1.7942
-0.097618;-0.11778;1.8033
-0.098417;-0.11037;1.8124
-0.099529;-0.10254;1.8215
-0.10095;-0.094327;1.8306
-0.10267;-0.085754;1.8397
-0.10469;-0.076859;1.8486
-0.107;-0.067678;1.8575
-0.10959;-0.058246;1.8661
-0.11244;-0.048601;1.8746
-0.11555;-0.038781;1.8829
-0.11891;-0.028824;1.8908
-0.1225;-0.01877;1.8985
-0.1263;-0.0086579;1.9059
-0.13031;0.0014713;1.9129
-0.13451;0.011578;1.9195
-0.13888;0.021623;1.9257
-0.1434;0.031566;1.9315
-0.14805;0.041367;1.9368
-0.15282;0.050989;1.9416
-0.15769;0.060393;1.946
-0.16264;0.069542;1.9498
-0.16765;0.0784;1.9531
-0.17269;0.086932;1.9558
-0.17776;0.095105;1.9581
-0.18283;0.10289;1.9597
-0.18787;0.11024;1.9608
-0.19288;0.11715;1.9613
-0.19782;0.12358;1.9612
-0.20269;0.1295;1.9606
-0.20745;0.1349;1.9594
-0.2121;0.13974;1.9576
-0.21662;0.14402;1.9553
-0.22098;0.14772;1.9524
-0.22517;0.15081;1.9489
-0.22917;0.15329;1.945
-0.12614;-0.16168;1.6868
-0.12298;-0.16395;1.6915
-0.12003;-0.1656;1.6967
-0.1173;-0.1666;1.7024
-0.11482;-0.16697;1.7085
-0.11258;-0.16669;1.715
-0.1106;-0.16577;1.722
-0.10889;-0.16421;1.7293
-0.10745;-0.16202;1.7369
-0.10628;-0.15921;1.7449
-0.1054;-0.15579;1.7531
-0.1048;-0.15177;1.7616
-0.10449;-0.14716;1.7703
-0.10446;-0.142;1.7792
-0.10473;-0.13628;1.7883
-0.10528;-0.13005;1.7974
-0.10612;-0.12332;1.8066
-0.10724;-0.11612;1.8159
-0.10864;-0.10848;1.8251
-0.11031;-0.10043;1.8343
-0.11225;-0.091992;1.8435
-0.11445;-0.083213;1.8525
-0.11689;-0.074121;1.8614
-0.11958;-0.064754;1.8701
-0.12249;-0.055147;1.8786
-0.12562;-0.04534;1.8868
-0.12896;-0.03537;1.8948
-0.13249;-0.025277;1.9025
-0.1362;-0.015101;1.9098
-0.14007;-0.0048819;1.9167
-0.14409;0.00534;1.9233
-0.14824;0.015524;1.9294
-0.15251;0.025631;1.9351
-0.15688;0.035619;1.9403
-0.16132;0.045451;1.945
-0.16584;0.055086;1.9492
-0.1704;0.064488;1.9529
-0.17499;0.073619;1.956
-0.17959;0.082442;1.9586
-0.18418;0.090924;1.9606
-0.18875;0.09903;1.962
-0.19327;0.10673;1.9629
-0.19773;0.11399;1.9632
-0.20211;0.12078;1.9629
-0.2064;0.12709;1.9621
-0.21057;0.13287;1.9606
-0.21461;0.13811;1.9586
-0.2185;0.14279;1.956
-0.22224;0.14689;1.9529
-0.2258;0.1504;1.9492
-0.22917;0.15329;1.945
-0.12614;-0.16168;1.6868
-0.12366;-0.16433;1.6917
-0.12139;-0.16634;1.6971
-0.11934;-0.16771;1.7029
-0.11753;-0.16844;1.7092
-0.11595;-0.16851;1.7159
-0.11461;-0.16794;1.723
-0.11353;-0.16673;1.7305
-0.11269;-0.16487;1.7383
-0.11212;-0.16238;1.7464
-0.1118;-0.15926;1.7548
-0.11174;-0.15553;1.7635
-0.11194;-0.15121;1.7723
-0.1124;-0.1463;1.7813
-0.11312;-0.14084;1.7905
-0.11409;-0.13483;1.7997
-0.11532;-0.12831;1.809
-0.11679;-0.1213;1.8184
-0.1185;-0.11383;1.8277
-0.12044;-0.10592;1.837
-0.12261;-0.097613;1.8462
-0.125;-0.088937;1.8553
-0.12759;-0.079927;1.8642
-0.13038;-0.070618;1.8729
-0.13336;-0.061046;1.8815
-0.13651;-0.05125;1.8897
-0.13983;-0.041269;1.8977
-0.1433;-0.031141;1.9053
-0.1469;-0.020907;1.9126
-0.15062;-0.010607;1.9195
-0.15445;-0.00028113;1.926
-0.15837;0.010029;1.932
-0.16236;0.020283;1.9376
-0.16642;0.03044;1.9428
-0.17052;0.040461;1.9474
-0.17465;0.050305;1.9515
-0.17879;0.059934;1.9551
-0.18293;0.06931;1.9581
-0.18704;0.078396;1.9605
-0.19112;0.087156;1.9624
-0.19515;0.095556;1.9637
-0.1991;0.10356;1.9645
-0.20298;0.11114;1.9646
-0.20675;0.11827;1.9641
-0.2104;0.12491;1.9631
-0.21393;0.13104;1.9615
-0.21732;0.13664;1.9593
-0.22055;0.14168;1.9565
-0.2236;0.14615;1.9532
-0.22648;0.15003;1.9494
-0.22917;0.15329;1.945
-0.12614;-0.16168;1.6868
-0.12438;-0.16465;1.6918
-0.12284;-0.16699;1.6973
-0.12151;-0.16868;1.7032
-0.1204;-0.16972;1.7096
-0.11952;-0.17011;1.7164
-0.11886;-0.16985;1.7236
-0.11844;-0.16893;1.7312
-0.11825;-0.16736;1.7391
-0.1183;-0.16515;1.7473
-0.11858;-0.1623;1.7558
-0.1191;-0.15883;1.7645
-0.11984;-0.15475;1.7735
-0.12081;-0.15007;1.7826
-0.12201;-0.14482;1.7918
-0.12343;-0.13901;1.8011
-0.12506;-0.13267;1.8105
-0.1269;-0.12583;1.8199
-0.12894;-0.1185;1.8292
-0.13117;-0.11073;1.8386
-0.13359;-0.10253;1.8478
-0.13617;-0.093943;1.8569
-0.13893;-0.085004;1.8659
-0.14183;-0.075745;1.8746
-0.14488;-0.066204;1.8831
-0.14806;-0.056419;1.8914
-0.15135;-0.046427;1.8994
-0.15474;-0.036268;1.907
-0.15823;-0.025983;1.9143
-0.1618;-0.015613;1.9211
-0.16542;-0.0051965;1.9276
-0.1691;0.0052235;1.9336
-0.17281;0.015606;1.9392
-0.17653;0.025911;1.9443
-0.18026;0.036097;1.9488
-0.18399;0.046124;1.9529
-0.18768;0.055952;1.9564
-0.19134;0.065543;1.9593
-0.19494;0.074858;1.9617
-0.19848;0.083862;1.9635
-0.20193;0.092518;1.9647
-0.20529;0.10079;1.9654
-0.20854;0.10865;1.9654
-0.21166;0.11607;1.9649
-0.21465;0.12301;1.9637
-0.2175;0.12945;1.962
-0.22019;0.13536;1.9597
-0.22271;0.14072;1.9569
-0.22505;0.1455;1.9534
-0.22721;0.1497;1.9495
-0.22917;0.15329;1.945
-0.12614;-0.16168;1.6868
-0.12514;-0.16492;1.6918
-0.12434;-0.16753;1.6973
-0.12376;-0.16949;1.7033
-0.12338;-0.1708;1.7097
-0.12323;-0.17145;1.7166
-0.12328;-0.17145;1.7238
-0.12355;-0.17078;1.7314
-0.12404;-0.16945;1.7394
-0.12473;-0.16748;1.7476
-0.12564;-0.16485;1.7561
-0.12675;-0.1616;1.7649
-0.12806;-0.15772;1.7738
-0.12957;-0.15324;1.7829
-0.13126;-0.14817;1.7922
-0.13314;-0.14253;1.8015
-0.1352;-0.13634;1.8109
-0.13742;-0.12964;1.8203
-0.1398;-0.12243;1.8297
-0.14233;-0.11477;1.839
-0.14501;-0.10666;1.8483
-0.1478;-0.098151;1.8574
-0.15072;-0.089271;1.8664
-0.15374;-0.080056;1.8751
-0.15686;-0.07054;1.8837
-0.16006;-0.060763;1.8919
-0.16333;-0.050763;1.8999
-0.16666;-0.040579;1.9075
-0.17003;-0.030251;1.9148
-0.17343;-0.019821;1.9216
-0.17684;-0.0093285;1.9281
-0.18026;0.0011839;1.9341
-0.18367;0.011675;1.9396
-0.18705;0.022104;1.9447
-0.1904;0.032428;1.9493
-0.1937;0.042609;1.9533
-0.19693;0.052604;1.9568
-0.20009;0.062376;1.9597
-0.20316;0.071884;1.962
-0.20613;0.081093;1.9638
-0.20899;0.089964;1.965
-0.21172;0.098465;1.9656
-0.21432;0.10656;1.9657
-0.21677;0.11422;1.9651
-0.21907;0.12141;1.9639
-0.22121;0.1281;1.9622
-0.22317;0.13428;1.9598
-0.22496;0.1399;1.957
-0.22656;0.14496;1.9535
-0.22796;0.14943;1.9495
-0.22917;0.15329;1.945
-0.12614;-0.16168;1.6868
-0.12591;-0.16514;1.6918
-0.12588;-0.16796;1.6972
-0.12606;-0.17014;1.7032
-0.12644;-0.17166;1.7096
-0.12702;-0.17252;1.7164
-0.1278;-0.17272;1.7236
-0.12878;-0.17225;1.7311
-0.12996;-0.17112;1.739
-0.13132;-0.16933;1.7472
-0.13286;-0.16688;1.7557
-0.13458;-0.1638;1.7644
-0.13647;-0.16009;1.7733
-0.13852;-0.15576;1.7824
-0.14073;-0.15083;1.7916
-0.14308;-0.14532;1.8009
-0.14557;-0.13926;1.8103
-0.14819;-0.13266;1.8197
-0.15092;-0.12556;1.8291
-0.15376;-0.11798;1.8384
-0.15669;-0.10994;1.8476
-0.1597;-0.1015;1.8567
-0.16279;-0.092663;1.8657
-0.16593;-0.083481;1.8744
-0.16912;-0.073986;1.883
-0.17235;-0.064216;1.8912
-0.17559;-0.054209;1.8992
-0.17885;-0.044004;1.9068
-0.18209;-0.033643;1.9141
-0.18532;-0.023165;1.921
-0.18853;-0.012612;1.9274
-0.19168;-0.0020262;1.9335
-0.19479;0.0085511;1.939
-0.19782;0.019078;1.9441
-0.20078;0.029513;1.9487
-0.20364;0.039816;1.9527
-0.2064;0.049944;1.9562
-0.20905;0.059859;1.9592
-0.21157;0.069521;1.9616
-0.21396;0.078892;1.9634
-0.21621;0.087935;1.9646
-0.2183;0.096615;1.9653
-0.22024;0.1049;1.9653
-0.222;0.11275;1.9648
-0.2236;0.12014;1.9637
-0.22501;0.12704;1.962
-0.22623;0.13342;1.9597
-0.22726;0.13926;1.9568
-0.22809;0.14453;1.9534
-0.22873;0.14921;1.9495
-0.22917;0.15329;1.945
-0.12614;-0.16168;1.6868
-0.12669;-0.1653;1.6917
-0.12743;-0.16828;1.697
-0.12838;-0.17061;1.7028
-0.12952;-0.17228;1.7091
-0.13084;-0.1733;1.7158
-0.13236;-0.17364;1.7229
-0.13405;-0.17332;1.7303
-0.13591;-0.17232;1.7381
-0.13794;-0.17067;1.7462
-0.14013;-0.16836;1.7546
-0.14246;-0.1654;1.7632
-0.14494;-0.1618;1.7721
-0.14754;-0.15758;1.7811
-0.15026;-0.15276;1.7902
-0.15309;-0.14735;1.7994
-0.15601;-0.14137;1.8087
-0.15903;-0.13486;1.8181
-0.16211;-0.12783;1.8274
-0.16526;-0.12031;1.8367
-0.16845;-0.11233;1.8459
-0.17168;-0.10392;1.8549
-0.17494;-0.095124;1.8639
-0.1782;-0.085967;1.8726
-0.18147;-0.076487;1.8811
-0.18472;-0.066722;1.8893
-0.18794;-0.05671;1.8973
-0.19112;-0.046491;1.9049
-0.19424;-0.036104;1.9122
-0.1973;-0.025592;1.9191
-0.20029;-0.014996;1.9256
-0.20318;-0.0043563;1.9317
-0.20598;0.0062836;1.9373
-0.20866;0.016882;1.9425
-0.21122;0.027397;1.9471
-0.21365;0.037788;1.9512
-0.21593;0.048013;1.9548
-0.21806;0.058032;1.9578
-0.22004;0.067805;1.9603
-0.22185;0.077295;1.9622
-0.22348;0.086462;1.9635
-0.22493;0.095272;1.9643
-0.2262;0.10369;1.9644
-0.22727;0.11168;1.964
-0.22815;0.11921;1.963
-0.22883;0.12626;1.9614
-0.2293;0.13279;1.9592
-0.22958;0.13879;1.9565
-0.22965;0.14421;1.9532
-0.22951;0.14905;1.9494
-0.22917;0.15329;1.945
-0.12614;-0.16168;1.6868
-0.12746;-0.16539;1.6915
-0.12897;-0.16847;1.6966
-0.13067;-0.17089;1.7023
-0.13256;-0.17266;1.7084
-0.13463;-0.17377;1.7149
-0.13687;-0.1742;1.7218
-0.13927;-0.17396;1.7291
-0.14182;-0.17306;1.7367
-0.14451;-0.17148;1.7446
-0.14733;-0.16925;1.7528
-0.15028;-0.16637;1.7613
-0.15333;-0.16284;1.77
-0.15647;-0.15869;1.7788
-0.1597;-0.15393;1.7879
-0.163;-0.14858;1.797
-0.16636;-0.14266;1.8062
-0.16977;-0.13619;1.8154
-0.1732;-0.1292;1.8246
-0.17665;-0.12172;1.8338
-0.18011;-0.11377;1.843
-0.18355;-0.1054;1.852
-0.18698;-0.096617;1.8609
-0.19036;-0.087475;1.8696
-0.1937;-0.078004;1.8781
-0.19697;-0.068242;1.8863
-0.20017;-0.058227;1.8943
-0.20328;-0.047998;1.9019
-0.20628;-0.037597;1.9093
-0.20918;-0.027064;1.9162
-0.21195;-0.016441;1.9228
-0.21458;-0.0057695;1.9289
-0.21707;0.0049083;1.9346
-0.2194;0.01555;1.9398
-0.22157;0.026114;1.9445
-0.22356;0.036558;1.9487
-0.22537;0.046842;1.9524
-0.227;0.056924;1.9556
-0.22843;0.066765;1.9582
-0.22966;0.076326;1.9603
-0.23068;0.085569;1.9617
-0.2315;0.094457;1.9626
-0.2321;0.10296;1.963
-0.23249;0.11103;1.9627
-0.23266;0.11866;1.9619
-0.23261;0.12579;1.9604
-0.23235;0.13242;1.9585
-0.23187;0.1385;1.9559
-0.23118;0.14402;1.9528
-0.23028;0.14896;1.9492
-0.22917;0.15329;1.945
-0.12614;-0.16168;1.6868
-0.12821;-0.16542;1.6912
-0.13047;-0.16853;1.6961
-0.13291;-0.17099;1.7015
-0.13554;-0.17279;1.7073
-0.13833;-0.17392;1.7136
-0.14127;-0.17439;1.7202
-0.14436;-0.17418;1.7273
-0.14758;-0.1733;1.7347
-0.15092;-0.17176;1.7424
-0.15436;-0.16955;1.7504
-0.1579;-0.16669;1.7587
-0.16151;-0.16319;1.7671
-0.16519;-0.15906;1.7758
-0.16891;-0.15432;1.7847
-0.17267;-0.14899;1.7936
-0.17645;-0.14309;1.8027
-0.18024;-0.13664;1.8118
-0.18402;-0.12966;1.8209
-0.18777;-0.12219;1.83
-0.19148;-0.11426;1.839
-0.19513;-0.10589;1.848
-0.19872;-0.097118;1.8568
-0.20222;-0.087981;1.8655
-0.20563;-0.078513;1.8739
-0.20892;-0.068752;1.8822
-0.2121;-0.058736;1.8901
-0.21513;-0.048504;1.8978
-0.21802;-0.038098;1.9052
-0.22075;-0.027558;1.9122
-0.22331;-0.016926;1.9188
-0.22569;-0.0062436;1.925
-0.22788;0.0044469;1.9308
-0.22987;0.015103;1.9362
-0.23166;0.025684;1.941
-0.23323;0.036146;1.9454
-0.23458;0.046449;1.9492
-0.23571;0.056552;1.9526
-0.23661;0.066416;1.9554
-0.23728;0.076001;1.9576
-0.23771;0.085269;1.9593
-0.2379;0.094184;1.9604
-0.23786;0.10271;1.961
-0.23758;0.11082;1.9609
-0.23706;0.11847;1.9603
-0.23631;0.12563;1.9592
-0.23532;0.13229;1.9574
-0.23411;0.13841;1.9551
-0.23268;0.14396;1.9523
-0.23103;0.14893;1.9489
-0.22917;0.15329;1.945
-0.12614;-0.16168;1.6868
-0.12893;-0.16539;1.6909
-0.1319;-0.16847;1.6955
-0.13506;-0.17089;1.7005
-0.13839;-0.17266;1.706
-0.14187;-0.17377;1.712
-0.14549;-0.1742;1.7183
-0.14924;-0.17396;1.7251
-0.1531;-0.17306;1.7322
-0.15706;-0.17148;1.7396
-0.1611;-0.16925;1.7473
-0.1652;-0.16637;1.7553
-0.16935;-0.16284;1.7636
-0.17354;-0.15869;1.772
-0.17774;-0.15393;1.7807
-0.18194;-0.14858;1.7894
-0.18613;-0.14266;1.7983
-0.19028;-0.13619;1.8072
-0.19438;-0.1292;1.8162
-0.19842;-0.12172;1.8252
-0.20237;-0.11377;1.8341
-0.20623;-0.1054;1.8429
-0.20997;-0.096619;1.8517
-0.21359;-0.087477;1.8603
-0.21706;-0.078006;1.8687
-0.22038;-0.068244;1.877
-0.22353;-0.058228;1.885
-0.2265;-0.048;1.8927
-0.22928;-0.037599;1.9001
-0.23185;-0.027066;1.9072
-0.23421;-0.016443;1.9139
-0.23635;-0.005771;1.9202
-0.23825;0.0049068;1.9261
-0.23991;0.015549;1.9316
-0.24133;0.026113;1.9366
-0.2425;0.036557;1.9412
-0.24341;0.046841;1.9452
-0.24407;0.056923;1.9488
-0.24446;0.066764;1.9518
-0.24458;0.076325;1.9543
-0.24444;0.085568;1.9562
-0.24404;0.094457;1.9576
-0.24338;0.10296;1.9585
-0.24246;0.11103;1.9587
-0.24128;0.11865;1.9584
-0.23985;0.12579;1.9576
-0.23817;0.13242;1.9561
-0.23626;0.1385;1.9542
-0.23412;0.14402;1.9516
-0.23175;0.14896;1.9486
-0.22917;0.15329;1.945
-0.12614;-0.16168;1.6868
-0.1296;-0.1653;1.6905
-0.13325;-0.16828;1.6947
-0.13708;-0.17061;1.6994
-0.14107;-0.17228;1.7045
-0.1452;-0.1733;1.7101
-0.14946;-0.17364;1.7161
-0.15383;-0.17332;1.7225
-0.15829;-0.17233;1.7292
-0.16283;-0.17067;1.7363
-0.16743;-0.16836;1.7437
-0.17207;-0.1654;1.7514
-0.17674;-0.1618;1.7594
-0.1814;-0.15758;1.7675
-0.18605;-0.15276;1.7759
-0.19067;-0.14735;1.7844
-0.19524;-0.14138;1.7931
-0.19973;-0.13486;1.8018
-0.20414;-0.12783;1.8106
-0.20845;-0.12031;1.8194
-0.21263;-0.11233;1.8282
-0.21668;-0.10393;1.837
-0.22057;-0.095128;1.8456
-0.22429;-0.08597;1.8542
-0.22783;-0.076491;1.8626
-0.23117;-0.066725;1.8708
-0.2343;-0.056713;1.8788
-0.2372;-0.046494;1.8866
-0.23987;-0.036108;1.894
-0.2423;-0.025595;1.9012
-0.24447;-0.014999;1.908
-0.24637;-0.0043594;1.9145
-0.24801;0.0062806;1.9206
-0.24937;0.016879;1.9262
-0.25044;0.027395;1.9314
-0.25123;0.037785;1.9362
-0.25172;0.04801;1.9405
-0.25193;0.05803;1.9443
-0.25184;0.067803;1.9476
-0.25146;0.077292;1.9504
-0.25078;0.08646;1.9526
-0.24982;0.09527;1.9543
-0.24858;0.10369;1.9555
-0.24705;0.11168;1.9561
-0.24525;0.11921;1.9562
-0.24318;0.12626;1.9557
-0.24086;0.13279;1.9546
-0.23828;0.13879;1.953
-0.23547;0.14421;1.9509
-0.23242;0.14905;1.9482
-0.22917;0.15329;1.945
-0.12614;-0.16168;1.6868
-0.13023;-0.16514;1.69
-0.1345;-0.16796;1.6938
-0.13894;-0.17014;1.698
-0.14354;-0.17166;1.7028
-0.14827;-0.17252;1.7079
-0.15312;-0.17272;1.7135
-0.15806;-0.17225;1.7195
-0.16308;-0.17112;1.7258
-0.16816;-0.16933;1.7325
-0.17328;-0.16689;1.7396
-0.17841;-0.1638;1.7469
-0.18354;-0.16009;1.7546
-0.18865;-0.15576;1.7624
-0.19371;-0.15083;1.7705
-0.19871;-0.14533;1.7788
-0.20363;-0.13926;1.7872
-0.20844;-0.13267;1.7957
-0.21314;-0.12556;1.8043
-0.21769;-0.11798;1.8129
-0.22209;-0.10995;1.8216
-0.22631;-0.1015;1.8302
-0.23033;-0.092668;1.8388
-0.23415;-0.083486;1.8472
-0.23775;-0.073991;1.8556
-0.24111;-0.064221;1.8638
-0.24422;-0.054214;1.8718
-0.24707;-0.044009;1.8796
-0.24964;-0.033647;1.8871
-0.25193;-0.02317;1.8944
-0.25392;-0.012617;1.9013
-0.25562;-0.0020308;1.908
-0.257;0.0085467;1.9142
-0.25808;0.019074;1.9201
-0.25883;0.029509;1.9255
-0.25927;0.039812;1.9305
-0.25938;0.04994;1.9351
-0.25917;0.059855;1.9392
-0.25864;0.069517;1.9428
-0.25779;0.078889;1.9459
-0.25663;0.087932;1.9485
-0.25515;0.096612;1.9506
-0.25336;0.10489;1.9521
-0.25128;0.11275;1.9531
-0.24891;0.12014;1.9536
-0.24625;0.12703;1.9535
-0.24333;0.13342;1.9529
-0.24014;0.13925;1.9517
-0.23671;0.14453;1.95
-0.23305;0.14921;1.9478
-0.22917;0.15329;1.945
-0.12614;-0.16168;1.6868
-0.13079;-0.16492;1.6896
-0.13562;-0.16753;1.6928
-0.14062;-0.16949;1.6966
-0.14576;-0.1708;1.7008
-0.15103;-0.17146;1.7055
-0.15641;-0.17145;1.7106
-0.16187;-0.17078;1.7162
-0.16739;-0.16946;1.7221
-0.17295;-0.16748;1.7284
-0.17853;-0.16486;1.735
-0.18411;-0.1616;1.742
-0.18966;-0.15773;1.7492
-0.19517;-0.15324;1.7568
-0.2006;-0.14817;1.7645
-0.20595;-0.14253;1.7725
-0.21118;-0.13635;1.7806
-0.21628;-0.12964;1.7889
-0.22123;-0.12244;1.7972
-0.226;-0.11477;1.8057
-0.23059;-0.10667;1.8142
-0.23497;-0.098158;1.8226
-0.23912;-0.089278;1.8311
-0.24302;-0.080062;1.8395
-0.24667;-0.070547;1.8478
-0.25005;-0.06077;1.856
-0.25314;-0.050769;1.864
-0.25594;-0.040585;1.8719
-0.25842;-0.030258;1.8795
-0.26059;-0.019827;1.8869
-0.26243;-0.0093347;1.8939
-0.26393;0.0011779;1.9007
-0.26509;0.011669;1.9072
-0.26591;0.022098;1.9133
-0.26638;0.032423;1.9189
-0.2665;0.042603;1.9242
-0.26627;0.052599;1.9291
-0.26569;0.062371;1.9335
-0.26476;0.07188;1.9375
-0.26349;0.081089;1.9409
-0.26188;0.089961;1.9439
-0.25994;0.098461;1.9464
-0.25767;0.10656;1.9484
-0.25509;0.11421;1.9498
-0.2522;0.12141;1.9507
-0.24902;0.1281;1.9511
-0.24555;0.13427;1.9509
-0.24182;0.1399;1.9502
-0.23783;0.14496;1.949
-0.23361;0.14943;1.9473
-0.22917;0.15329;1.945
-0.12614;-0.16168;1.6868
-0.13128;-0.16465;1.689
-0.1366;-0.16699;1.6918
-0.14208;-0.16868;1.695
-0.1477;-0.16972;1.6987
-0.15344;-0.17011;1.7029
-0.15928;-0.16985;1.7075
-0.16519;-0.16893;1.7126
-0.17115;-0.16736;1.718
-0.17713;-0.16515;1.7239
-0.18312;-0.16231;1.7301
-0.18908;-0.15883;1.7366
-0.195;-0.15475;1.7435
-0.20085;-0.15008;1.7506
-0.20661;-0.14483;1.758
-0.21226;-0.13902;1.7657
-0.21776;-0.13268;1.7735
-0.22311;-0.12584;1.7815
-0.22828;-0.11851;1.7896
-0.23325;-0.11073;1.7979
-0.23801;-0.10254;1.8062
-0.24252;-0.093951;1.8145
-0.24678;-0.085011;1.8229
-0.25076;-0.075753;1.8312
-0.25446;-0.066212;1.8394
-0.25785;-0.056426;1.8476
-0.26093;-0.046435;1.8557
-0.26367;-0.036276;1.8635
-0.26608;-0.025991;1.8712
-0.26814;-0.01562;1.8787
-0.26984;-0.005204;1.886
-0.27118;0.0052162;1.8929
-0.27215;0.015599;1.8996
-0.27275;0.025904;1.9059
-0.27297;0.03609;1.9118
-0.27281;0.046117;1.9174
-0.27228;0.055946;1.9226
-0.27138;0.065537;1.9274
-0.2701;0.074853;1.9317
-0.26846;0.083857;1.9356
-0.26647;0.092514;1.939
-0.26412;0.10079;1.9419
-0.26143;0.10865;1.9443
-0.25841;0.11606;1.9462
-0.25507;0.123;1.9476
-0.25143;0.12944;1.9485
-0.24749;0.13535;1.9488
-0.24328;0.14072;1.9487
-0.23881;0.1455;1.948
-0.2341;0.1497;1.9467
-0.22917;0.15329;1.945
-0.12614;-0.16168;1.6868
-0.13169;-0.16433;1.6885
-0.13742;-0.16634;1.6907
-0.1433;-0.16771;1.6933
-0.14933;-0.16844;1.6965
-0.15546;-0.16852;1.7001
-0.16169;-0.16795;1.7042
-0.16797;-0.16673;1.7088
-0.1743;-0.16488;1.7137
-0.18063;-0.16238;1.7191
-0.18696;-0.15927;1.7248
-0.19325;-0.15554;1.7309
-0.19947;-0.15122;1.7374
-0.20561;-0.14631;1.7441
-0.21164;-0.14084;1.7512
-0.21754;-0.13484;1.7585
-0.22328;-0.12832;1.766
-0.22884;-0.12131;1.7737
-0.2342;-0.11383;1.7816
-0.23933;-0.10593;1.7896
-0.24422;-0.097622;1.7977
-0.24885;-0.088946;1.8059
-0.25319;-0.079936;1.8141
-0.25724;-0.070627;1.8223
-0.26098;-0.061055;1.8305
-0.26438;-0.051259;1.8387
-0.26745;-0.041278;1.8468
-0.27016;-0.03115;1.8547
-0.2725;-0.020916;1.8625
-0.27447;-0.010615;1.8701
-0.27606;-0.00028985;1.8775
-0.27726;0.01002;1.8846
-0.27806;0.020274;1.8915
-0.27847;0.030432;1.8981
-0.27848;0.040453;1.9043
-0.2781;0.050297;1.9102
-0.27732;0.059927;1.9158
-0.27614;0.069304;1.9209
-0.27458;0.07839;1.9256
-0.27263;0.087151;1.9299
-0.27031;0.095551;1.9337
-0.26762;0.10356;1.9371
-0.26458;0.11114;1.94
-0.26119;0.11826;1.9424
-0.25748;0.12491;1.9443
-0.25345;0.13104;1.9457
-0.24912;0.13664;1.9466
-0.24451;0.14168;1.947
-0.23963;0.14615;1.9468
-0.23451;0.15003;1.9462
-0.22917;0.15329;1.945
-0.12614;-0.16168;1.6868
-0.13201;-0.16396;1.6879
-0.13806;-0.1656;1.6895
-0.14427;-0.1666;1.6916
-0.15061;-0.16697;1.6942
-0.15706;-0.16669;1.6973
-0.16359;-0.16577;1.7008
-0.17017;-0.16422;1.7048
-0.17678;-0.16203;1.7093
-0.1834;-0.15922;1.7141
-0.18999;-0.1558;1.7194
-0.19654;-0.15177;1.725
-0.20301;-0.14717;1.731
-0.20938;-0.142;1.7374
-0.21563;-0.13629;1.744
-0.22172;-0.13006;1.751
-0.22764;-0.12333;1.7581
-0.23337;-0.11613;1.7656
-0.23887;-0.10849;1.7732
-0.24413;-0.10043;1.7809
-0.24913;-0.092002;1.7889
-0.25385;-0.083223;1.7969
-0.25827;-0.074131;1.805
-0.26237;-0.064764;1.8131
-0.26613;-0.055158;1.8213
-0.26955;-0.04535;1.8294
-0.2726;-0.03538;1.8375
-0.27528;-0.025287;1.8455
-0.27757;-0.015111;1.8534
-0.27947;-0.0048919;1.8611
-0.28097;0.0053302;1.8687
-0.28206;0.015515;1.876
-0.28274;0.025621;1.8831
-0.283;0.03561;1.89
-0.28285;0.045442;1.8965
-0.28228;0.055078;1.9027
-0.2813;0.06448;1.9086
-0.27991;0.073611;1.9141
-0.27811;0.082435;1.9193
-0.27592;0.090917;1.924
-0.27334;0.099024;1.9283
-0.27039;0.10672;1.9322
-0.26707;0.11399;1.9355
-0.26339;0.12078;1.9385
-0.25938;0.12708;1.9409
-0.25504;0.13287;1.9429
-0.2504;0.13811;1.9443
-0.24547;0.14279;1.9452
-0.24028;0.14689;1.9457
-0.23483;0.1504;1.9456
-0.22917;0.15329;1.945
-0.12614;-0.16168;1.6868
-0.13225;-0.16354;1.6873
-0.13853;-0.16478;1.6883
-0.14497;-0.16538;1.6898
-0.15154;-0.16534;1.6918
-0.15821;-0.16467;1.6944
-0.16496;-0.16336;1.6973
-0.17175;-0.16142;1.7008
-0.17857;-0.15887;1.7047
-0.18539;-0.1557;1.7091
-0.19218;-0.15194;1.7138
-0.19891;-0.14759;1.719
-0.20555;-0.14268;1.7246
-0.21209;-0.13722;1.7305
-0.21849;-0.13124;1.7367
-0.22473;-0.12475;1.7433
-0.23078;-0.11779;1.7501
-0.23662;-0.11038;1.7572
-0.24223;-0.10255;1.7646
-0.24759;-0.094337;1.7721
-0.25267;-0.085765;1.7798
-0.25745;-0.07687;1.7877
-0.26192;-0.067689;1.7957
-0.26606;-0.058257;1.8037
-0.26984;-0.048612;1.8118
-0.27327;-0.038792;1.8199
-0.27631;-0.028835;1.828
-0.27897;-0.018781;1.8361
-0.28123;-0.0086691;1.8441
-0.28307;0.0014604;1.8519
-0.28451;0.011567;1.8596
-0.28552;0.021612;1.8672
-0.2861;0.031555;1.8745
-0.28626;0.041357;1.8816
-0.28598;0.050979;1.8885
-0.28528;0.060384;1.8951
-0.28416;0.069533;1.9013
-0.28262;0.078392;1.9072
-0.28066;0.086925;1.9128
-0.27829;0.095098;1.918
-0.27553;0.10288;1.9227
-0.27238;0.11024;1.9271
-0.26886;0.11714;1.931
-0.26497;0.12357;1.9344
-0.26075;0.1295;1.9374
-0.25619;0.13489;1.9399
-0.25133;0.13974;1.942
-0.24617;0.14402;1.9435
-0.24074;0.14771;1.9445
-0.23507;0.15081;1.945
-0.22917;0.15329;1.945
-0.12614;-0.16168;1.6868
-0.13238;-0.1631;1.6867
-0.13881;-0.16389;1.6871
-0.14538;-0.16404;1.688
-0.15209;-0.16357;1.6895
-0.15889;-0.16247;1.6914
-0.16577;-0.16074;1.6938
-0.17269;-0.1584;1.6967
-0.17964;-0.15545;1.7001
-0.18658;-0.1519;1.7039
-0.19348;-0.14776;1.7082
-0.20032;-0.14307;1.7129
-0.20707;-0.13782;1.718
-0.2137;-0.13204;1.7235
-0.22019;-0.12576;1.7294
-0.22652;-0.11901;1.7356
-0.23265;-0.11179;1.7421
-0.23856;-0.10416;1.7489
-0.24423;-0.096126;1.7559
-0.24964;-0.087732;1.7633
-0.25477;-0.079009;1.7708
-0.25959;-0.06999;1.7785
-0.26409;-0.060711;1.7863
-0.26825;-0.05121;1.7943
-0.27205;-0.041522;1.8023
-0.27548;-0.031688;1.8104
-0.27852;-0.021745;1.8185
-0.28116;-0.011733;1.8266
-0.2834;-0.001691;1.8347
-0.28521;0.0083411;1.8427
-0.28661;0.018324;1.8506
-0.28757;0.028217;1.8583
-0.2881;0.037983;1.8659
-0.28819;0.047582;1.8733
-0.28785;0.056977;1.8804
-0.28707;0.066131;1.8873
-0.28586;0.075007;1.894
-0.28423;0.083571;1.9003
-0.28217;0.091788;1.9062
-0.2797;0.099626;1.9119
-0.27683;0.10705;1.9171
-0.27356;0.11404;1.922
-0.26992;0.12057;1.9264
-0.26591;0.1266;1.9304
-0.26156;0.13211;1.9339
-0.25687;0.13709;1.937
-0.25188;0.14151;1.9396
-0.24658;0.14535;1.9417
-0.24102;0.1486;1.9433
-0.23521;0.15125;1.9444
-0.22917;0.15329;1.945
-0.12614;-0.16168;1.6868
-0.13243;-0.16262;1.6861
-0.13889;-0.16294;1.6859
-0.14551;-0.16263;1.6863
-0.15225;-0.1617;1.6871
-0.1591;-0.16014;1.6885
-0.16601;-0.15797;1.6903
-0.17298;-0.15519;1.6927
-0.17996;-0.15182;1.6955
-0.18693;-0.14786;1.6989
-0.19387;-0.14333;1.7027
-0.20074;-0.13826;1.7069
-0.20752;-0.13266;1.7115
-0.21419;-0.12655;1.7166
-0.22071;-0.11996;1.7221
-0.22705;-0.11291;1.7279
-0.23321;-0.10543;1.7341
-0.23914;-0.097552;1.7406
-0.24484;-0.089306;1.7474
-0.25026;-0.080724;1.7545
-0.2554;-0.07184;1.7618
-0.26024;-0.062689;1.7693
-0.26475;-0.053307;1.777
-0.26891;-0.043732;1.7849
-0.27271;-0.034;1.7929
-0.27614;-0.024151;1.8009
-0.27918;-0.014223;1.8091
-0.28182;-0.0042549;1.8172
-0.28405;0.005713;1.8254
-0.28586;0.015642;1.8335
-0.28724;0.025492;1.8416
-0.28819;0.035226;1.8495
-0.2887;0.044803;1.8573
-0.28878;0.054188;1.865
-0.28841;0.063342;1.8724
-0.28761;0.072229;1.8797
-0.28638;0.080815;1.8867
-0.28471;0.089065;1.8934
-0.28262;0.096947;1.8998
-0.28012;0.10443;1.9058
-0.27722;0.11148;1.9116
-0.27392;0.11808;1.9169
-0.27024;0.1242;1.9218
-0.2662;0.12981;1.9263
-0.2618;0.13489;1.9304
-0.25708;0.13942;1.9341
-0.25204;0.14338;1.9372
-0.24671;0.14676;1.9399
-0.2411;0.14955;1.9421
-0.23525;0.15173;1.9438
-0.22917;0.15329;1.945
-0.12614;-0.16168;1.6868
-0.13237;-0.16213;1.6855
-0.13878;-0.16196;1.6848
-0.14534;-0.16116;1.6845
-0.15203;-0.15974;1.6848
-0.15882;-0.15771;1.6856
-0.16569;-0.15508;1.6869
-0.1726;-0.15185;1.6888
-0.17953;-0.14803;1.6911
-0.18646;-0.14365;1.6939
-0.19335;-0.13872;1.6972
-0.20018;-0.13326;1.701
-0.20692;-0.12728;1.7052
-0.21354;-0.12083;1.7099
-0.22002;-0.11391;1.715
-0.22634;-0.10656;1.7204
-0.23246;-0.0988;1.7263
-0.23837;-0.090671;1.7325
-0.24403;-0.082201;1.739
-0.24944;-0.073423;1.7459
-0.25456;-0.064372;1.753
-0.25938;-0.055084;1.7604
-0.26387;-0.045594;1.7679
-0.26803;-0.035941;1.7757
-0.27183;-0.026163;1.7837
-0.27526;-0.016298;1.7917
-0.2783;-0.0063859;1.7999
-0.28094;0.0035353;1.8081
-0.28318;0.013426;1.8163
-0.285;0.023247;1.8246
-0.2864;0.03296;1.8328
-0.28736;0.042526;1.8409
-0.2879;0.051908;1.849
-0.288;0.061069;1.8569
-0.28766;0.069971;1.8647
-0.28689;0.078582;1.8722
-0.28569;0.086865;1.8796
-0.28407;0.094789;1.8866
-0.28202;0.10232;1.8935
-0.27956;0.10944;1.9
-0.2767;0.1161;1.9061
-0.27344;0.12229;1.9119
-0.26981;0.12798;1.9174
-0.26582;0.13315;1.9224
-0.26148;0.13778;1.927
-0.25681;0.14184;1.9312
-0.25182;0.14533;1.9349
-0.24654;0.14823;1.9382
-0.24099;0.15053;1.941
-0.23519;0.15222;1.9432
-0.22917;0.15329;1.945
-0.12614;-0.16168;1.6868
-0.13222;-0.16163;1.685
-0.13848;-0.16095;1.6837
-0.14489;-0.15965;1.6829
-0.15143;-0.15774;1.6826
-0.15807;-0.15523;1.6829
-0.16479;-0.15212;1.6837
-0.17157;-0.14842;1.685
-0.17836;-0.14416;1.6868
-0.18516;-0.13934;1.6892
-0.19192;-0.13399;1.692
-0.19863;-0.12813;1.6954
-0.20525;-0.12178;1.6992
-0.21177;-0.11496;1.7034
-0.21815;-0.10771;1.7082
-0.22437;-0.10005;1.7133
-0.23041;-0.092009;1.7188
-0.23624;-0.083623;1.7248
-0.24184;-0.074924;1.731
-0.24718;-0.065945;1.7377
-0.25225;-0.056723;1.7446
-0.25703;-0.047293;1.7518
-0.26149;-0.037694;1.7593
-0.26562;-0.027962;1.7669
-0.26941;-0.018136;1.7748
-0.27283;-0.0082554;1.7829
-0.27588;0.0016413;1.791
-0.27854;0.011515;1.7993
-0.2808;0.021327;1.8076
-0.28265;0.031038;1.816
-0.28409;0.040609;1.8244
-0.28511;0.050005;1.8327
-0.2857;0.059186;1.841
-0.28587;0.068117;1.8492
-0.28562;0.076762;1.8572
-0.28493;0.085089;1.8651
-0.28382;0.093062;1.8727
-0.2823;0.10065;1.8802
-0.28036;0.10783;1.8874
-0.27801;0.11456;1.8943
-0.27527;0.12083;1.9009
-0.27214;0.1266;1.9072
-0.26865;0.13186;1.9131
-0.26479;0.13657;1.9187
-0.26059;0.14074;1.9238
-0.25606;0.14433;1.9285
-0.25122;0.14733;1.9327
-0.24609;0.14974;1.9365
-0.24069;0.15154;1.9398
-0.23504;0.15273;1.9427
-0.22917;0.15329;1.945
-0.12614;-0.16168;1.6868
-0.13197;-0.16112;1.6844
-0.13798;-0.15993;1.6826
-0.14415;-0.15813;1.6813
-0.15045;-0.15573;1.6806
-0.15686;-0.15272;1.6803
-0.16335;-0.14913;1.6806
-0.1699;-0.14497;1.6815
-0.17647;-0.14025;1.6828
-0.18305;-0.135;1.6847
-0.18961;-0.12923;1.6871
-0.19613;-0.12296;1.6901
-0.20257;-0.11623;1.6935
-0.20891;-0.10905;1.6974
-0.21513;-0.10146;1.7017
-0.2212;-0.09349;1.7066
-0.2271;-0.085164;1.7118
-0.2328;-0.076519;1.7175
-0.23828;-0.067588;1.7235
-0.24353;-0.058407;1.7299
-0.24852;-0.049012;1.7367
-0.25322;-0.039441;1.7437
-0.25763;-0.02973;1.7511
-0.26173;-0.019919;1.7587
-0.26549;-0.010045;1.7665
-0.2689;-0.00014829;1.7745
-0.27196;0.0097324;1.7827
-0.27464;0.019558;1.7911
-0.27694;0.02929;1.7995
-0.27885;0.03889;1.808
-0.28035;0.04832;1.8165
-0.28146;0.057542;1.825
-0.28215;0.066521;1.8335
-0.28243;0.075221;1.8419
-0.2823;0.083607;1.8502
-0.28175;0.091647;1.8583
-0.2808;0.099309;1.8663
-0.27943;0.10656;1.8741
-0.27767;0.11338;1.8817
-0.27551;0.11973;1.889
-0.27296;0.12559;1.896
-0.27004;0.13094;1.9027
-0.26675;0.13576;1.9091
-0.26312;0.14003;1.9151
-0.25914;0.14372;1.9207
-0.25484;0.14683;1.9259
-0.25024;0.14935;1.9307
-0.24535;0.15126;1.935
-0.2402;0.15256;1.9388
-0.23479;0.15324;1.9421
-0.22917;0.15329;1.945
-0.12614;-0.16168;1.6868
-0.13164;-0.16061;1.684
-0.13731;-0.15892;1.6817
-0.14315;-0.15663;1.6799
-0.14912;-0.15373;1.6787
-0.1552;-0.15024;1.678
-0.16137;-0.14617;1.6778
-0.16761;-0.14155;1.6782
-0.17389;-0.13638;1.6791
-0.18018;-0.13069;1.6806
-0.18646;-0.1245;1.6826
-0.19271;-0.11783;1.6852
-0.19889;-0.11072;1.6882
-0.205;-0.10319;1.6918
-0.21099;-0.095265;1.6958
-0.21686;-0.086982;1.7004
-0.22256;-0.078373;1.7053
-0.2281;-0.06947;1.7107
-0.23343;-0.06031;1.7166
-0.23854;-0.050929;1.7228
-0.24341;-0.041363;1.7294
-0.24803;-0.03165;1.7363
-0.25236;-0.021829;1.7436
-0.2564;-0.011939;1.7511
-0.26013;-0.0020176;1.7589
-0.26354;0.007895;1.7669
-0.2666;0.01776;1.7751
-0.26932;0.027538;1.7834
-0.27167;0.037191;1.7919
-0.27365;0.046681;1.8005
-0.27525;0.055969;1.8092
-0.27647;0.065021;1.8178
-0.2773;0.073799;1.8265
-0.27773;0.082269;1.8351
-0.27777;0.090399;1.8437
-0.27741;0.098154;1.8521
-0.27666;0.10551;1.8604
-0.27552;0.11243;1.8685
-0.274;0.11888;1.8765
-0.27209;0.12486;1.8841
-0.26981;0.13032;1.8915
-0.26717;0.13525;1.8986
-0.26417;0.13964;1.9054
-0.26083;0.14345;1.9118
-0.25716;0.14668;1.9179
-0.25318;0.14932;1.9235
-0.24891;0.15135;1.9288
-0.24435;0.15277;1.9335
-0.23952;0.15357;1.9378
-0.23446;0.15374;1.9417
-0.22917;0.15329;1.945
-0.12614;-0.16168;1.6868
-0.13121;-0.16012;1.6835
-0.13647;-0.15794;1.6808
-0.14189;-0.15516;1.6786
-0.14745;-0.15177;1.6769
-0.15312;-0.14781;1.6758
-0.1589;-0.14328;1.6753
-0.16475;-0.1382;1.6753
-0.17065;-0.13259;1.6758
-0.17658;-0.12648;1.6769
-0.18251;-0.11988;1.6786
-0.18842;-0.11283;1.6808
-0.19429;-0.10535;1.6835
-0.2001;-0.097465;1.6868
-0.20581;-0.089215;1.6905
-0.21142;-0.08063;1.6948
-0.21689;-0.071743;1.6995
-0.22221;-0.062589;1.7047
-0.22735;-0.053205;1.7103
-0.23229;-0.043628;1.7164
-0.23702;-0.033895;1.7228
-0.24152;-0.024044;1.7296
-0.24576;-0.014116;1.7368
-0.24974;-0.004148;1.7442
-0.25342;0.0058195;1.752
-0.25682;0.015748;1.76
-0.25989;0.025597;1.7682
-0.26265;0.035329;1.7766
-0.26507;0.044904;1.7852
-0.26714;0.054286;1.7938
-0.26886;0.063438;1.8026
-0.27022;0.072322;1.8114
-0.27121;0.080904;1.8203
-0.27184;0.089151;1.8291
-0.27209;0.097029;1.8379
-0.27198;0.10451;1.8465
-0.27148;0.11156;1.8551
-0.27062;0.11815;1.8635
-0.26939;0.12426;1.8717
-0.2678;0.12986;1.8797
-0.26586;0.13494;1.8875
-0.26356;0.13946;1.8949
-0.26093;0.14342;1.9021
-0.25797;0.14679;1.9089
-0.25469;0.14957;1.9154
-0.25111;0.15175;1.9214
-0.24723;0.1533;1.927
-0.24309;0.15424;1.9322
-0.23868;0.15455;1.937
-0.23404;0.15423;1.9412
-0.22917;0.15329;1.945
-0.12614;-0.16168;1.6868
-0.13071;-0.15965;1.6831
-0.13547;-0.157;1.68
-0.14039;-0.15374;1.6775
-0.14546;-0.1499;1.6754
-0.15066;-0.14548;1.674
-0.15597;-0.14051;1.6731
-0.16136;-0.13499;1.6727
-0.16681;-0.12896;1.6729
-0.17231;-0.12244;1.6737
-0.17783;-0.11545;1.675
-0.18334;-0.10802;1.6769
-0.18884;-0.10019;1.6794
-0.19429;-0.09197;1.6824
-0.19967;-0.083407;1.6859
-0.20497;-0.074531;1.6899
-0.21016;-0.065378;1.6944
-0.21522;-0.055983;1.6994
-0.22014;-0.046384;1.7049
-0.22488;-0.036619;1.7108
-0.22944;-0.026725;1.7171
-0.2338;-0.016743;1.7238
-0.23793;-0.0067112;1.7309
-0.24183;0.0033306;1.7383
-0.24547;0.013343;1.746
-0.24885;0.023286;1.754
-0.25194;0.03312;1.7622
-0.25474;0.042807;1.7706
-0.25724;0.052309;1.7793
-0.25942;0.061588;1.788
-0.26128;0.070607;1.7969
-0.26281;0.079331;1.8058
-0.264;0.087725;1.8148
-0.26486;0.095756;1.8238
-0.26537;0.10339;1.8328
-0.26553;0.11061;1.8417
-0.26534;0.11737;1.8505
-0.26481;0.12364;1.8591
-0.26394;0.12942;1.8676
-0.26272;0.13467;1.8759
-0.26117;0.13937;1.8839
-0.25929;0.1435;1.8917
-0.25709;0.14705;1.8992
-0.25458;0.15;1.9063
-0.25176;0.15235;1.9131
-0.24864;0.15408;1.9195
-0.24525;0.15518;1.9255
-0.24159;0.15565;1.9311
-0.23768;0.15549;1.9362
-0.23353;0.15471;1.9409
-0.22917;0.15329;1.945
-0.12614;-0.16168;1.6868
-0.13014;-0.1592;1.6828
-0.13433;-0.15611;1.6794
-0.13869;-0.15241;1.6765
-0.1432;-0.14813;1.6742
-0.14785;-0.14329;1.6724
-0.15262;-0.13789;1.6712
-0.15749;-0.13197;1.6706
-0.16243;-0.12554;1.6705
-0.16744;-0.11863;1.671
-0.17248;-0.11128;1.6721
-0.17755;-0.1035;1.6737
-0.18261;-0.095323;1.6759
-0.18766;-0.086791;1.6787
-0.19267;-0.077932;1.682
-0.19762;-0.068783;1.6858
-0.20249;-0.059379;1.6902
-0.20726;-0.049758;1.695
-0.21191;-0.039956;1.7003
-0.21643;-0.030013;1.7061
-0.2208;-0.019969;1.7123
-0.22499;-0.0098616;1.7189
-0.229;0.00026764;1.7259
-0.23281;0.010379;1.7333
-0.2364;0.020433;1.741
-0.23976;0.03039;1.7489
-0.24287;0.040211;1.7572
-0.24572;0.049856;1.7656
-0.24831;0.059288;1.7743
-0.25061;0.068469;1.7831
-0.25263;0.077364;1.7921
-0.25436;0.085936;1.8012
-0.25578;0.094153;1.8103
-0.25689;0.10198;1.8194
-0.25769;0.10939;1.8285
-0.25817;0.11635;1.8376
-0.25834;0.12284;1.8466
-0.25819;0.12882;1.8555
-0.25772;0.13428;1.8642
-0.25693;0.1392;1.8727
-0.25583;0.14354;1.881
-0.25442;0.14731;1.889
-0.25271;0.15047;1.8968
-0.25071;0.15303;1.9042
-0.24841;0.15496;1.9113
-0.24584;0.15627;1.918
-0.24299;0.15695;1.9243
-0.23989;0.15698;1.9302
-0.23654;0.15638;1.9356
-0.23296;0.15515;1.9405
-0.22917;0.15329;1.945
-0.12614;-0.16168;1.6868
-0.12951;-0.15879;1.6826
-0.13307;-0.15528;1.6789
-0.1368;-0.15118;1.6758
-0.1407;-0.1465;1.6732
-0.14474;-0.14126;1.6712
-0.14891;-0.13548;1.6697
-0.1532;-0.12917;1.6689
-0.15758;-0.12238;1.6686
-0.16204;-0.11512;1.6689
-0.16656;-0.10742;1.6697
-0.17113;-0.099314;1.6712
-0.17572;-0.090833;1.6732
-0.18032;-0.082009;1.6758
-0.18491;-0.072878;1.6789
-0.18947;-0.063477;1.6826
-0.19398;-0.053841;1.6868
-0.19843;-0.04401;1.6915
-0.2028;-0.034021;1.6967
-0.20707;-0.023915;1.7024
-0.21122;-0.01373;1.7085
-0.21524;-0.0035084;1.7151
-0.21911;0.0067107;1.722
-0.22282;0.016887;1.7293
-0.22635;0.02698;1.737
-0.22968;0.03695;1.7449
-0.23282;0.046757;1.7532
-0.23573;0.056363;1.7617
-0.23841;0.065731;1.7704
-0.24086;0.074822;1.7793
-0.24306;0.083602;1.7883
-0.24499;0.092035;1.7975
-0.24667;0.10009;1.8067
-0.24806;0.10773;1.8159
-0.24919;0.11493;1.8252
-0.25003;0.12166;1.8344
-0.25058;0.12789;1.8435
-0.25084;0.13361;1.8526
-0.25082;0.13877;1.8614
-0.25051;0.14338;1.8701
-0.24991;0.1474;1.8786
-0.24903;0.15082;1.8869
-0.24786;0.15363;1.8948
-0.24642;0.15582;1.9025
-0.2447;0.15738;1.9098
-0.24272;0.1583;1.9168
-0.24049;0.15858;1.9233
-0.238;0.15821;1.9294
-0.23528;0.15721;1.9351
-0.23233;0.15556;1.9403
-0.22917;0.15329;1.945
-0.12614;-0.16168;1.6868
-0.12883;-0.15842;1.6824
-0.1317;-0.15454;1.6786
-0.13476;-0.15008;1.6752
-0.13799;-0.14503;1.6725
-0.14137;-0.13943;1.6703
-0.1449;-0.1333;1.6687
-0.14856;-0.12666;1.6676
-0.15233;-0.11953;1.6672
-0.1562;-0.11195;1.6673
-0.16016;-0.10395;1.6681
-0.16419;-0.095547;1.6694
-0.16826;-0.086787;1.6712
-0.17238;-0.077701;1.6737
-0.17652;-0.068324;1.6767
-0.18066;-0.058695;1.6803
-0.18479;-0.048851;1.6844
-0.18889;-0.03883;1.689
-0.19294;-0.028673;1.6941
-0.19694;-0.018419;1.6997
-0.20086;-0.0081092;1.7058
-0.20469;0.0022163;1.7123
-0.20841;0.012516;1.7192
-0.21201;0.022751;1.7265
-0.21548;0.032878;1.7341
-0.21879;0.04286;1.7421
-0.22195;0.052656;1.7503
-0.22492;0.062227;1.7588
-0.22772;0.071537;1.7676
-0.23031;0.080547;1.7765
-0.2327;0.089223;1.7856
-0.23487;0.09753;1.7948
-0.23681;0.10544;1.8041
-0.23852;0.11291;1.8134
-0.23999;0.11992;1.8227
-0.24121;0.12644;1.8321
-0.24219;0.13245;1.8413
-0.24291;0.13791;1.8505
-0.24337;0.14282;1.8595
-0.24357;0.14714;1.8683
-0.24351;0.15087;1.877
-0.24319;0.15399;1.8853
-0.24261;0.15648;1.8935
-0.24178;0.15834;1.9013
-0.24069;0.15955;1.9088
-0.23936;0.16012;1.9159
-0.23778;0.16005;1.9226
-0.23596;0.15932;1.9289
-0.23392;0.15795;1.9347
-0.23165;0.15594;1.9401
-0.22917;0.15329;1.945
-0.12614;-0.16168;1.6868
-0.1281;-0.15809;1.6823
-0.13026;-0.15389;1.6783
-0.1326;-0.14911;1.6749
-0.13512;-0.14375;1.6721
-0.13781;-0.13784;1.6698
-0.14065;-0.1314;1.6681
-0.14365;-0.12446;1.6669
-0.14677;-0.11704;1.6664
-0.15002;-0.10918;1.6664
-0.15338;-0.10091;1.6671
-0.15683;-0.092252;1.6683
-0.16036;-0.083249;1.6701
-0.16397;-0.073933;1.6725
-0.16762;-0.064342;1.6754
-0.17132;-0.054514;1.6789
-0.17504;-0.044487;1.683
-0.17877;-0.034301;1.6875
-0.1825;-0.023997;1.6926
-0.18621;-0.013614;1.6982
-0.18988;-0.0031938;1.7042
-0.19351;0.0072222;1.7106
-0.19708;0.017593;1.7175
-0.20056;0.027878;1.7248
-0.20396;0.038037;1.7324
-0.20725;0.048028;1.7404
-0.21043;0.057814;1.7486
-0.21347;0.067355;1.7572
-0.21638;0.076613;1.7659
-0.21913;0.085553;1.7749
-0.22172;0.094138;1.784
-0.22414;0.10234;1.7932
-0.22637;0.11011;1.8025
-0.22841;0.11744;1.8119
-0.23025;0.12428;1.8213
-0.23188;0.13062;1.8307
-0.23329;0.13643;1.84
-0.23449;0.14168;1.8492
-0.23547;0.14636;1.8583
-0.23621;0.15044;1.8672
-0.23673;0.15391;1.876
-0.23701;0.15676;1.8844
-0.23705;0.15897;1.8927
-0.23687;0.16054;1.9006
-0.23644;0.16146;1.9081
-0.23579;0.16172;1.9153
-0.23491;0.16133;1.9222
-0.2338;0.16029;1.9286
-0.23247;0.1586;1.9345
-0.23092;0.15626;1.94
-0.22917;0.15329;1.945
-0.12614;-0.16168;1.6868
-0.12735;-0.15782;1.6823
-0.12875;-0.15335;1.6783
-0.13035;-0.14829;1.6748
-0.13213;-0.14267;1.6719
-0.1341;-0.13649;1.6696
-0.13623;-0.1298;1.6679
-0.13853;-0.12261;1.6667
-0.14099;-0.11495;1.6661
-0.14359;-0.10685;1.6661
-0.14632;-0.098355;1.6668
-0.14918;-0.089483;1.668
-0.15214;-0.080275;1.6697
-0.15521;-0.070766;1.6721
-0.15837;-0.060995;1.675
-0.16161;-0.050999;1.6785
-0.1649;-0.040819;1.6825
-0.16825;-0.030494;1.6871
-0.17164;-0.020065;1.6921
-0.17505;-0.0095742;1.6977
-0.17847;0.00093823;1.7037
-0.18188;0.01143;1.7102
-0.18528;0.021861;1.717
-0.18865;0.032189;1.7243
-0.19198;0.042373;1.7319
-0.19524;0.052373;1.7399
-0.19844;0.06215;1.7481
-0.20156;0.071665;1.7567
-0.20459;0.080881;1.7654
-0.2075;0.089761;1.7744
-0.2103;0.09827;1.7835
-0.21297;0.10638;1.7927
-0.2155;0.11404;1.8021
-0.21789;0.12125;1.8115
-0.22011;0.12795;1.8209
-0.22216;0.13414;1.8303
-0.22404;0.13978;1.8396
-0.22574;0.14485;1.8489
-0.22725;0.14933;1.858
-0.22856;0.15321;1.8669
-0.22967;0.15646;1.8757
-0.23057;0.15909;1.8842
-0.23127;0.16106;1.8924
-0.23175;0.16239;1.9003
-0.23202;0.16306;1.9079
-0.23208;0.16306;1.9152
-0.23192;0.16241;1.922
-0.23155;0.1611;1.9285
-0.23096;0.15914;1.9345
-0.23017;0.15653;1.94
-0.22917;0.15329;1.945
