-0.27407;-0.013062;1.7733
-0.27071;-0.022072;1.7669
-0.26698;-0.031063;1.7607
-0.26289;-0.04;1.7548
-0.25846;-0.048846;1.7492
-0.2537;-0.057568;1.7439
-0.24864;-0.06613;1.7389
-0.24329;-0.074499;1.7342
-0.23768;-0.082642;1.73
-0.23182;-0.090526;1.7261
-0.22575;-0.098121;1.7226
-0.21947;-0.1054;1.7195
-0.21303;-0.11232;1.7168
-0.20644;-0.11888;1.7146
-0.19974;-0.12503;1.7128
-0.19294;-0.13075;1.7115
-0.18607;-0.13603;1.7106
-0.17916;-0.14084;1.7101
-0.17224;-0.14516;1.7102
-0.16534;-0.14897;1.7107
-0.15848;-0.15227;1.7116
-0.15169;-0.15503;1.713
-0.145;-0.15725;1.7149
-0.13843;-0.15891;1.7172
-0.13201;-0.16002;1.7199
-0.12576;-0.16056;1.723
-0.11971;-0.16053;1.7266
-0.11388;-0.15995;1.7305
-0.1083;-0.15879;1.7349
-0.10299;-0.15708;1.7396
-0.097967;-0.15482;1.7446
-0.093252;-0.15201;1.7499
-0.088864;-0.14867;1.7556
-0.08482;-0.14481;1.7615
-0.081137;-0.14045;1.7677
-0.077829;-0.1356;1.7742
-0.074909;-0.13029;1.7808
-0.072389;-0.12452;1.7876
-0.070278;-0.11834;1.7946
-0.068585;-0.11175;1.8017
-0.067317;-0.1048;1.8089
-0.066478;-0.097492;1.8162
-0.066072;-0.089872;1.8235
-0.0661;-0.081964;1.8308
-0.066563;-0.073801;1.8381
-0.067458;-0.065414;1.8453
-0.068782;-0.056837;1.8525
-0.07053;-0.048104;1.8596
-0.072694;-0.039249;1.8666
-0.075267;-0.030306;1.8734
-0.078239;-0.021312;1.88
-0.27407;-0.013062;1.7733
-0.2711;-0.022578;1.7675
-0.26775;-0.032072;1.762
-0.26405;-0.041508;1.7568
-0.25999;-0.050848;1.7518
-0.25561;-0.060055;1.7472
-0.25091;-0.069093;1.7428
-0.24592;-0.077926;1.7388
-0.24065;-0.086519;1.7351
-0.23513;-0.094839;1.7318
-0.22938;-0.10285;1.7289
-0.22341;-0.11053;1.7263
-0.21726;-0.11783;1.7241
-0.21095;-0.12474;1.7224
-0.20449;-0.13123;1.721
-0.19793;-0.13726;1.7201
-0.19128;-0.14282;1.7196
-0.18457;-0.14789;1.7195
-0.17783;-0.15244;1.7199
-0.17108;-0.15646;1.7206
-0.16435;-0.15992;1.7218
-0.15767;-0.16282;1.7234
-0.15106;-0.16515;1.7254
-0.14455;-0.1669;1.7278
-0.13817;-0.16805;1.7306
-0.13193;-0.16861;1.7337
-0.12587;-0.16857;1.7373
-0.12001;-0.16793;1.7412
-0.11437;-0.1667;1.7454
-0.10897;-0.16488;1.7499
-0.10384;-0.16247;1.7548
-0.098993;-0.15949;1.7599
-0.094451;-0.15595;1.7653
-0.090232;-0.15186;1.7709
-0.086351;-0.14725;1.7768
-0.082825;-0.14211;1.7828
-0.079668;-0.13649;1.7891
-0.076891;-0.13039;1.7954
-0.074505;-0.12385;1.8019
-0.072521;-0.11688;1.8085
-0.070946;-0.10953;1.8152
-0.069787;-0.1018;1.8219
-0.069047;-0.093749;1.8286
-0.068729;-0.085391;1.8353
-0.068836;-0.076764;1.842
-0.069366;-0.067902;1.8487
-0.070318;-0.058839;1.8552
-0.071687;-0.049612;1.8616
-0.073468;-0.040257;1.8679
-0.075655;-0.030812;1.874
-0.078239;-0.021312;1.88
-0.27407;-0.013062;1.7733
-0.27153;-0.022933;1.7683
-0.26861;-0.032782;1.7636
-0.26534;-0.042569;1.7591
-0.2617;-0.052256;1.7549
-0.25773;-0.061804;1.7509
-0.25344;-0.071177;1.7473
-0.24885;-0.080336;1.744
-0.24396;-0.089246;1.741
-0.23881;-0.097872;1.7383
-0.23342;-0.10618;1.736
-0.22779;-0.11414;1.7341
-0.22196;-0.12171;1.7325
-0.21596;-0.12887;1.7313
-0.20979;-0.13559;1.7304
-0.20349;-0.14184;1.73
-0.19708;-0.1476;1.7299
-0.1906;-0.15285;1.7302
-0.18405;-0.15756;1.7309
-0.17747;-0.16172;1.7319
-0.17089;-0.1653;1.7334
-0.16433;-0.16831;1.7352
-0.15781;-0.17071;1.7374
-0.15137;-0.17251;1.7399
-0.14503;-0.1737;1.7427
-0.13881;-0.17427;1.7459
-0.13273;-0.17422;1.7494
-0.12683;-0.17355;1.7532
-0.12112;-0.17226;1.7573
-0.11563;-0.17036;1.7617
-0.11038;-0.16785;1.7664
-0.10538;-0.16476;1.7712
-0.10067;-0.16107;1.7763
-0.096254;-0.15683;1.7816
-0.092154;-0.15202;1.7871
-0.088385;-0.14669;1.7927
-0.084963;-0.14085;1.7984
-0.081901;-0.13452;1.8043
-0.07921;-0.12772;1.8103
-0.076902;-0.12049;1.8163
-0.074986;-0.11285;1.8223
-0.073469;-0.10484;1.8284
-0.072357;-0.096476;1.8345
-0.071655;-0.087801;1.8405
-0.071366;-0.078848;1.8465
-0.07149;-0.069651;1.8524
-0.072027;-0.060247;1.8582
-0.072975;-0.050673;1.8639
-0.07433;-0.040967;1.8694
-0.076087;-0.031167;1.8748
-0.078239;-0.021312;1.88
-0.27407;-0.013062;1.7733
-0.272;-0.023133;1.7691
-0.26955;-0.033181;1.7653
-0.26673;-0.043165;1.7616
-0.26356;-0.053047;1.7582
-0.26004;-0.062788;1.7551
-0.25619;-0.072348;1.7523
-0.25202;-0.081691;1.7497
-0.24756;-0.09078;1.7475
-0.24281;-0.099578;1.7455
-0.2378;-0.10805;1.7439
-0.23255;-0.11616;1.7426
-0.22707;-0.12389;1.7417
-0.22139;-0.13119;1.7411
-0.21554;-0.13804;1.7408
-0.20953;-0.14442;1.7408
-0.20338;-0.15029;1.7412
-0.19713;-0.15564;1.742
-0.1908;-0.16044;1.7431
-0.18441;-0.16468;1.7444
-0.17799;-0.16833;1.7462
-0.17156;-0.17139;1.7482
-0.16514;-0.17384;1.7506
-0.15877;-0.17567;1.7532
-0.15247;-0.17688;1.7561
-0.14627;-0.17745;1.7594
-0.14018;-0.17739;1.7628
-0.13423;-0.1767;1.7666
-0.12845;-0.17539;1.7706
-0.12286;-0.17344;1.7747
-0.11747;-0.17088;1.7791
-0.11232;-0.16772;1.7837
-0.10742;-0.16395;1.7885
-0.10279;-0.15961;1.7934
-0.098454;-0.15471;1.7984
-0.094422;-0.14927;1.8036
-0.090712;-0.1433;1.8088
-0.08734;-0.13684;1.8141
-0.084318;-0.1299;1.8195
-0.081658;-0.12252;1.8249
-0.079372;-0.11472;1.8302
-0.077467;-0.10654;1.8356
-0.075952;-0.09801;1.841
-0.074832;-0.089156;1.8463
-0.074113;-0.080019;1.8515
-0.073795;-0.070634;1.8566
-0.073882;-0.061038;1.8616
-0.074373;-0.051269;1.8664
-0.075265;-0.041366;1.8711
-0.076555;-0.031367;1.8756
-0.078239;-0.021312;1.88
-0.27407;-0.013062;1.7733
-0.2725;-0.023174;1.7701
-0.27054;-0.033263;1.7671
-0.26822;-0.043288;1.7643
-0.26553;-0.05321;1.7618
-0.26249;-0.062991;1.7596
-0.25911;-0.07259;1.7576
-0.2554;-0.081971;1.7559
-0.25138;-0.091096;1.7545
-0.24706;-0.099929;1.7533
-0.24246;-0.10844;1.7525
-0.2376;-0.11658;1.7519
-0.2325;-0.12434;1.7516
-0.22718;-0.13167;1.7516
-0.22165;-0.13855;1.752
-0.21595;-0.14495;1.7526
-0.21008;-0.15085;1.7535
-0.20409;-0.15621;1.7547
-0.19798;-0.16104;1.7562
-0.19179;-0.16529;1.7579
-0.18553;-0.16896;1.76
-0.17924;-0.17203;1.7623
-0.17294;-0.17448;1.7648
-0.16665;-0.17632;1.7676
-0.16039;-0.17753;1.7706
-0.1542;-0.17811;1.7739
-0.1481;-0.17805;1.7773
-0.1421;-0.17735;1.781
-0.13624;-0.17603;1.7848
-0.13054;-0.17408;1.7888
-0.12502;-0.17151;1.7929
-0.1197;-0.16832;1.7972
-0.1146;-0.16455;1.8016
-0.10974;-0.16019;1.8061
-0.10515;-0.15527;1.8107
-0.10084;-0.1498;1.8153
-0.096825;-0.14381;1.82
-0.093123;-0.13732;1.8247
-0.089748;-0.13035;1.8294
-0.086715;-0.12294;1.8341
-0.084035;-0.11511;1.8388
-0.081718;-0.10689;1.8434
-0.079774;-0.098325;1.848
-0.07821;-0.089436;1.8524
-0.077033;-0.080261;1.8568
-0.076247;-0.070837;1.8611
-0.075855;-0.061202;1.8652
-0.075859;-0.051392;1.8691
-0.076259;-0.041448;1.8729
-0.077053;-0.031408;1.8765
-0.078239;-0.021312;1.88
-0.27407;-0.013062;1.7733
-0.27302;-0.023056;1.771
-0.27158;-0.033027;1.769
-0.26977;-0.042935;1.7672
-0.26759;-0.052742;1.7656
-0.26505;-0.062409;1.7643
-0.26216;-0.071897;1.7632
-0.25893;-0.081169;1.7624
-0.25537;-0.090189;1.7618
-0.2515;-0.098921;1.7615
-0.24733;-0.10733;1.7615
-0.24288;-0.11538;1.7617
-0.23817;-0.12305;1.7621
-0.23321;-0.1303;1.7628
-0.22803;-0.1371;1.7638
-0.22264;-0.14343;1.765
-0.21707;-0.14926;1.7664
-0.21134;-0.15457;1.7681
-0.20547;-0.15933;1.7701
-0.19948;-0.16354;1.7722
-0.19341;-0.16717;1.7746
-0.18726;-0.1702;1.7771
-0.18107;-0.17263;1.7799
-0.17486;-0.17445;1.7828
-0.16865;-0.17565;1.7859
-0.16248;-0.17622;1.7892
-0.15636;-0.17617;1.7926
-0.15032;-0.17549;1.7962
-0.14437;-0.17418;1.7999
-0.13856;-0.17225;1.8037
-0.13289;-0.16972;1.8075
-0.12739;-0.16658;1.8115
-0.12209;-0.16285;1.8155
-0.117;-0.15854;1.8195
-0.11214;-0.15368;1.8236
-0.10754;-0.14828;1.8277
-0.1032;-0.14236;1.8318
-0.099158;-0.13594;1.8359
-0.095416;-0.12906;1.8399
-0.091993;-0.12174;1.8439
-0.088901;-0.114;1.8478
-0.086154;-0.10589;1.8516
-0.083762;-0.097419;1.8553
-0.081735;-0.088634;1.859
-0.080081;-0.079568;1.8624
-0.078805;-0.070255;1.8658
-0.077914;-0.060733;1.869
-0.077411;-0.05104;1.872
-0.077297;-0.041212;1.8749
-0.077573;-0.03129;1.8775
-0.078239;-0.021312;1.88
-0.27407;-0.013062;1.7733
-0.27355;-0.02278;1.772
-0.27265;-0.032477;1.771
-0.27136;-0.042113;1.7702
-0.2697;-0.051651;1.7696
-0.26768;-0.061052;1.7692
-0.26529;-0.070281;1.7691
-0.26254;-0.0793;1.7692
-0.25946;-0.088074;1.7695
-0.25605;-0.096568;1.7701
-0.25232;-0.10475;1.7708
-0.2483;-0.11258;1.7718
-0.24398;-0.12004;1.773
-0.23941;-0.1271;1.7744
-0.23458;-0.13372;1.7761
-0.22952;-0.13987;1.7779
-0.22425;-0.14555;1.7799
-0.21879;-0.15072;1.7821
-0.21316;-0.15536;1.7845
-0.20738;-0.15946;1.787
-0.20148;-0.16299;1.7897
-0.19549;-0.16595;1.7926
-0.18941;-0.16832;1.7955
-0.18329;-0.1701;1.7986
-0.17713;-0.17127;1.8018
-0.17097;-0.17183;1.8051
-0.16484;-0.17179;1.8085
-0.15874;-0.17113;1.812
-0.15272;-0.16987;1.8155
-0.14679;-0.168;1.8191
-0.14097;-0.16554;1.8227
-0.13529;-0.16249;1.8263
-0.12978;-0.15887;1.8299
-0.12444;-0.15469;1.8335
-0.11931;-0.14997;1.8371
-0.11441;-0.14472;1.8406
-0.10975;-0.13897;1.8441
-0.10535;-0.13274;1.8475
-0.10123;-0.12606;1.8508
-0.097407;-0.11894;1.854
-0.093894;-0.11142;1.8572
-0.090706;-0.10353;1.8602
-0.087855;-0.095304;1.863
-0.085352;-0.086765;1.8657
-0.083208;-0.077952;1.8683
-0.08143;-0.068899;1.8707
-0.080027;-0.059642;1.8729
-0.079002;-0.050217;1.875
-0.078362;-0.040662;1.8768
-0.078107;-0.031014;1.8785
-0.078239;-0.021312;1.88
-0.27407;-0.013062;1.7733
-0.27409;-0.022351;1.773
-0.27372;-0.031621;1.773
-0.27297;-0.040833;1.7732
-0.27184;-0.049952;1.7736
-0.27033;-0.058942;1.7743
-0.26844;-0.067767;1.7751
-0.2662;-0.076392;1.7761
-0.26359;-0.084784;1.7774
-0.26065;-0.092909;1.7788
-0.25736;-0.10074;1.7804
-0.25376;-0.10823;1.7822
-0.24986;-0.11537;1.7842
-0.24566;-0.12212;1.7863
-0.24118;-0.12845;1.7886
-0.23645;-0.13435;1.791
-0.23149;-0.13978;1.7936
-0.2263;-0.14473;1.7964
-0.22092;-0.14918;1.7992
-0.21536;-0.15311;1.8021
-0.20964;-0.1565;1.8052
-0.20379;-0.15934;1.8083
-0.19784;-0.16161;1.8115
-0.1918;-0.16332;1.8148
-0.18569;-0.16445;1.8181
-0.17955;-0.16501;1.8214
-0.1734;-0.16497;1.8248
-0.16725;-0.16436;1.8281
-0.16114;-0.16316;1.8315
-0.15509;-0.16139;1.8348
-0.14913;-0.15905;1.8382
-0.14327;-0.15614;1.8414
-0.13754;-0.15269;1.8446
-0.13196;-0.14871;1.8478
-0.12656;-0.1442;1.8508
-0.12135;-0.1392;1.8538
-0.11636;-0.13371;1.8566
-0.1116;-0.12777;1.8593
-0.1071;-0.12138;1.8619
-0.10287;-0.11459;1.8644
-0.098935;-0.10741;1.8667
-0.095301;-0.099875;1.8689
-0.091987;-0.092014;1.8709
-0.089004;-0.083858;1.8727
-0.086365;-0.075438;1.8743
-0.084081;-0.066789;1.8757
-0.08216;-0.057943;1.877
-0.080609;-0.048937;1.878
-0.079436;-0.039806;1.8789
-0.078645;-0.030585;1.8795
-0.078239;-0.021312;1.88
-0.27407;-0.013062;1.7733
-0.27462;-0.021776;1.7741
-0.27479;-0.030473;1.7751
-0.27457;-0.039117;1.7763
-0.27396;-0.047674;1.7777
-0.27296;-0.056111;1.7793
-0.27158;-0.064395;1.7811
-0.26982;-0.072492;1.7831
-0.2677;-0.080371;1.7852
-0.26521;-0.088001;1.7875
-0.26237;-0.095351;1.79
-0.2592;-0.10239;1.7926
-0.25569;-0.1091;1.7954
-0.25187;-0.11544;1.7982
-0.24775;-0.1214;1.8012
-0.24335;-0.12694;1.8043
-0.23868;-0.13205;1.8074
-0.23377;-0.13671;1.8107
-0.22863;-0.14089;1.814
-0.22328;-0.14459;1.8173
-0.21775;-0.14778;1.8207
-0.21205;-0.15046;1.8241
-0.20621;-0.15262;1.8276
-0.20025;-0.15424;1.831
-0.1942;-0.15531;1.8344
-0.18807;-0.15585;1.8378
-0.1819;-0.15583;1.8411
-0.17571;-0.15527;1.8444
-0.16951;-0.15416;1.8476
-0.16335;-0.15252;1.8507
-0.15723;-0.15033;1.8537
-0.15119;-0.14763;1.8566
-0.14525;-0.14441;1.8594
-0.13943;-0.14068;1.8621
-0.13375;-0.13647;1.8646
-0.12824;-0.13179;1.867
-0.12292;-0.12665;1.8692
-0.11782;-0.12109;1.8713
-0.11294;-0.11511;1.8731
-0.10831;-0.10875;1.8748
-0.10395;-0.10203;1.8763
-0.099868;-0.094967;1.8776
-0.096093;-0.087601;1.8787
-0.092633;-0.079957;1.8796
-0.089503;-0.072066;1.8803
-0.086714;-0.063958;1.8808
-0.084279;-0.055665;1.8811
-0.082207;-0.047221;1.8811
-0.080505;-0.038658;1.8809
-0.07918;-0.03001;1.8806
-0.078239;-0.021312;1.88
-0.27407;-0.013062;1.7733
-0.27515;-0.021064;1.7751
-0.27583;-0.029051;1.7771
-0.27613;-0.036991;1.7793
-0.27603;-0.044852;1.7817
-0.27553;-0.052605;1.7843
-0.27465;-0.060218;1.7871
-0.27337;-0.067661;1.79
-0.27171;-0.074905;1.793
-0.26968;-0.081921;1.7962
-0.26727;-0.088681;1.7995
-0.26451;-0.09516;1.8029
-0.2614;-0.10133;1.8064
-0.25795;-0.10717;1.81
-0.25417;-0.11265;1.8137
-0.25009;-0.11776;1.8174
-0.24572;-0.12247;1.8211
-0.24107;-0.12676;1.8249
-0.23617;-0.13063;1.8286
-0.23103;-0.13404;1.8324
-0.22567;-0.13699;1.8361
-0.22012;-0.13947;1.8398
-0.2144;-0.14147;1.8435
-0.20852;-0.14298;1.847
-0.20252;-0.14399;1.8505
-0.19641;-0.1445;1.8539
-0.19022;-0.14451;1.8572
-0.18398;-0.14401;1.8604
-0.1777;-0.14302;1.8635
-0.17142;-0.14152;1.8663
-0.16516;-0.13954;1.8691
-0.15894;-0.13708;1.8717
-0.15279;-0.13414;1.8741
-0.14673;-0.13074;1.8763
-0.14079;-0.12689;1.8783
-0.13499;-0.12261;1.8801
-0.12935;-0.11791;1.8817
-0.12389;-0.11282;1.8831
-0.11864;-0.10734;1.8842
-0.11362;-0.10152;1.8851
-0.10884;-0.095356;1.8858
-0.10433;-0.088887;1.8863
-0.10011;-0.082135;1.8865
-0.096182;-0.075126;1.8865
-0.092571;-0.067889;1.8863
-0.08929;-0.060452;1.8858
-0.086352;-0.052844;1.8851
-0.083768;-0.045095;1.8841
-0.081549;-0.037236;1.883
-0.079704;-0.029298;1.8816
-0.078239;-0.021312;1.88
-0.27407;-0.013062;1.7733
-0.27565;-0.020225;1.7761
-0.27684;-0.027377;1.7791
-0.27763;-0.034488;1.7823
-0.27802;-0.041531;1.7856
-0.27801;-0.048478;1.7892
-0.2776;-0.055302;1.7929
-0.27679;-0.061975;1.7967
-0.27558;-0.068471;1.8006
-0.27397;-0.074765;1.8046
-0.27199;-0.080832;1.8088
-0.26962;-0.086647;1.813
-0.26688;-0.092189;1.8172
-0.26379;-0.097434;1.8215
-0.26035;-0.10236;1.8258
-0.25658;-0.10696;1.8301
-0.25249;-0.11119;1.8344
-0.2481;-0.11506;1.8387
-0.24342;-0.11854;1.8429
-0.23848;-0.12162;1.847
-0.2333;-0.12429;1.8511
-0.22789;-0.12654;1.8551
-0.22227;-0.12835;1.8589
-0.21647;-0.12973;1.8627
-0.21052;-0.13066;1.8662
-0.20442;-0.13114;1.8697
-0.19822;-0.13118;1.8729
-0.19193;-0.13076;1.876
-0.18558;-0.1299;1.8789
-0.17919;-0.12859;1.8816
-0.17278;-0.12684;1.8841
-0.16639;-0.12466;1.8863
-0.16004;-0.12205;1.8883
-0.15376;-0.11904;1.8901
-0.14756;-0.11561;1.8916
-0.14147;-0.1118;1.8928
-0.13552;-0.10762;1.8938
-0.12973;-0.10308;1.8945
-0.12413;-0.098203;1.895
-0.11873;-0.093004;1.8952
-0.11356;-0.087506;1.8951
-0.10863;-0.081731;1.8947
-0.10397;-0.075701;1.8941
-0.099594;-0.06944;1.8932
-0.095522;-0.062973;1.8921
-0.091767;-0.056325;1.8907
-0.088345;-0.049522;1.889
-0.08527;-0.042592;1.8871
-0.082554;-0.035562;1.8849
-0.080207;-0.028459;1.8826
-0.078239;-0.021312;1.88
-0.27407;-0.013062;1.7733
-0.27613;-0.019274;1.777
-0.27779;-0.025478;1.781
-0.27905;-0.031649;1.7851
-0.2799;-0.037763;1.7894
-0.28035;-0.043796;1.7938
-0.28039;-0.049724;1.7984
-0.28001;-0.055523;1.8031
-0.27922;-0.061172;1.8079
-0.27803;-0.066646;1.8127
-0.27643;-0.071926;1.8176
-0.27444;-0.076989;1.8226
-0.27206;-0.081816;1.8275
-0.26931;-0.086389;1.8325
-0.26618;-0.090688;1.8374
-0.2627;-0.094697;1.8423
-0.25888;-0.0984;1.8471
-0.25473;-0.10178;1.8519
-0.25027;-0.10483;1.8565
-0.24552;-0.10753;1.861
-0.2405;-0.10988;1.8654
-0.23522;-0.11186;1.8697
-0.22971;-0.11347;1.8737
-0.22398;-0.1147;1.8776
-0.21807;-0.11554;1.8813
-0.21199;-0.11599;1.8847
-0.20577;-0.11606;1.888
-0.19944;-0.11573;1.891
-0.19301;-0.11501;1.8937
-0.18652;-0.11391;1.8962
-0.17998;-0.11243;1.8984
-0.17343;-0.11057;1.9003
-0.16689;-0.10834;1.9019
-0.16039;-0.10576;1.9033
-0.15395;-0.10282;1.9043
-0.1476;-0.099547;1.905
-0.14136;-0.095947;1.9054
-0.13525;-0.092037;1.9055
-0.12931;-0.087831;1.9053
-0.12355;-0.083346;1.9048
-0.11801;-0.0786;1.9039
-0.11269;-0.073612;1.9028
-0.10762;-0.068401;1.9014
-0.10282;-0.062989;1.8996
-0.098308;-0.057395;1.8976
-0.094106;-0.051643;1.8953
-0.090228;-0.045754;1.8927
-0.086689;-0.039753;1.8899
-0.083503;-0.033663;1.8868
-0.080682;-0.027508;1.8835
-0.078239;-0.021312;1.88
-0.27407;-0.013062;1.7733
-0.27657;-0.018225;1.7779
-0.27867;-0.023383;1.7827
-0.28036;-0.028518;1.7877
-0.28165;-0.033607;1.7929
-0.28252;-0.038632;1.7982
-0.28296;-0.043573;1.8036
-0.28299;-0.048409;1.8091
-0.2826;-0.053122;1.8147
-0.28178;-0.057693;1.8203
-0.28055;-0.062104;1.8259
-0.27891;-0.066338;1.8316
-0.27686;-0.070378;1.8372
-0.27441;-0.074208;1.8428
-0.27158;-0.077813;1.8483
-0.26837;-0.081178;1.8537
-0.26479;-0.084292;1.8591
-0.26087;-0.08714;1.8643
-0.25661;-0.089712;1.8693
-0.25203;-0.091998;1.8742
-0.24716;-0.093989;1.8789
-0.242;-0.095677;1.8834
-0.23659;-0.097055;1.8876
-0.23093;-0.098118;1.8916
-0.22506;-0.098861;1.8954
-0.219;-0.099282;1.8989
-0.21277;-0.099379;1.9021
-0.20639;-0.099152;1.905
-0.19989;-0.098601;1.9076
-0.1933;-0.097729;1.9099
-0.18664;-0.096539;1.9118
-0.17994;-0.095035;1.9135
-0.17323;-0.093225;1.9147
-0.16653;-0.091115;1.9157
-0.15986;-0.088712;1.9162
-0.15326;-0.086028;1.9164
-0.14675;-0.083072;1.9163
-0.14036;-0.079855;1.9158
-0.13411;-0.076392;1.915
-0.12802;-0.072695;1.9138
-0.12212;-0.068778;1.9123
-0.11644;-0.064659;1.9104
-0.11099;-0.060351;1.9082
-0.1058;-0.055874;1.9057
-0.10089;-0.051243;1.9028
-0.096271;-0.046479;1.8997
-0.09197;-0.041599;1.8963
-0.088001;-0.036622;1.8926
-0.084381;-0.031569;1.8886
-0.081122;-0.026459;1.8844
-0.078239;-0.021312;1.88
-0.27407;-0.013062;1.7733
-0.27696;-0.017094;1.7787
-0.27946;-0.021127;1.7844
-0.28155;-0.025144;1.7902
-0.28322;-0.02913;1.7961
-0.28447;-0.033069;1.8022
-0.28529;-0.036945;1.8084
-0.28569;-0.040743;1.8147
-0.28565;-0.044448;1.8209
-0.28517;-0.048045;1.8273
-0.28427;-0.051521;1.8336
-0.28294;-0.054861;1.8399
-0.28119;-0.058053;1.8461
-0.27903;-0.061083;1.8523
-0.27646;-0.06394;1.8583
-0.27349;-0.066612;1.8643
-0.27014;-0.06909;1.87
-0.26642;-0.071362;1.8756
-0.26234;-0.073421;1.8811
-0.25792;-0.075258;1.8863
-0.25318;-0.076866;1.8912
-0.24813;-0.078238;1.896
-0.2428;-0.079369;1.9004
-0.23721;-0.080255;1.9045
-0.23138;-0.080892;1.9084
-0.22533;-0.081277;1.9119
-0.21908;-0.08141;1.9151
-0.21267;-0.081289;1.9179
-0.20611;-0.080915;1.9204
-0.19943;-0.080289;1.9225
-0.19266;-0.079415;1.9242
-0.18583;-0.078295;1.9256
-0.17896;-0.076934;1.9265
-0.17207;-0.075337;1.9271
-0.16521;-0.07351;1.9272
-0.15838;-0.071462;1.927
-0.15163;-0.069199;1.9263
-0.14497;-0.06673;1.9253
-0.13844;-0.064067;1.9239
-0.13205;-0.061218;1.9221
-0.12584;-0.058195;1.9199
-0.11983;-0.055011;1.9174
-0.11404;-0.051677;1.9145
-0.10849;-0.048208;1.9112
-0.10322;-0.044616;1.9076
-0.098226;-0.040915;1.9037
-0.093544;-0.037121;1.8995
-0.089187;-0.033248;1.895
-0.085174;-0.029312;1.8902
-0.081519;-0.025328;1.8852
-0.078239;-0.021312;1.88
-0.27407;-0.013062;1.7733
-0.27731;-0.0159;1.7795
-0.28016;-0.018744;1.7858
-0.28259;-0.021581;1.7924
-0.2846;-0.024401;1.799
-0.28619;-0.027192;1.8058
-0.28734;-0.029944;1.8127
-0.28805;-0.032646;1.8196
-0.28832;-0.035287;1.8266
-0.28815;-0.037856;1.8335
-0.28754;-0.040344;1.8404
-0.28648;-0.04274;1.8473
-0.28499;-0.045036;1.8541
-0.28307;-0.047221;1.8608
-0.28073;-0.049288;1.8673
-0.27798;-0.051228;1.8737
-0.27483;-0.053034;1.8799
-0.27128;-0.054699;1.8859
-0.26736;-0.056215;1.8916
-0.26308;-0.057578;1.8971
-0.25846;-0.058781;1.9023
-0.25351;-0.05982;1.9072
-0.24826;-0.06069;1.9118
-0.24272;-0.061389;1.9161
-0.23692;-0.061914;1.92
-0.23088;-0.062262;1.9236
-0.22462;-0.062432;1.9267
-0.21818;-0.062423;1.9295
-0.21156;-0.062236;1.9318
-0.20481;-0.061871;1.9338
-0.19794;-0.06133;1.9353
-0.19099;-0.060615;1.9364
-0.18398;-0.059728;1.9371
-0.17694;-0.058673;1.9373
-0.1699;-0.057455;1.9371
-0.16288;-0.056078;1.9364
-0.15591;-0.054547;1.9353
-0.14902;-0.052869;1.9338
-0.14224;-0.05105;1.9319
-0.13559;-0.049097;1.9295
-0.12911;-0.047018;1.9268
-0.12281;-0.044822;1.9236
-0.11671;-0.042517;1.9201
-0.11086;-0.040111;1.9162
-0.10526;-0.037615;1.9119
-0.099942;-0.035039;1.9073
-0.094925;-0.032392;1.9024
-0.090228;-0.029685;1.8972
-0.08587;-0.026929;1.8917
-0.081868;-0.024134;1.8859
-0.078239;-0.021312;1.88
-0.27407;-0.013062;1.7733
-0.27761;-0.014661;1.7801
-0.28074;-0.016271;1.7871
-0.28347;-0.017885;1.7943
-0.28577;-0.019495;1.8016
-0.28764;-0.021097;1.809
-0.28906;-0.022683;1.8164
-0.29005;-0.024247;1.8239
-0.29058;-0.025784;1.8314
-0.29066;-0.027286;1.8389
-0.29029;-0.028749;1.8464
-0.28947;-0.030166;1.8538
-0.2882;-0.031532;1.861
-0.28649;-0.032841;1.8682
-0.28435;-0.034089;1.8751
-0.28178;-0.035269;1.8819
-0.27879;-0.036379;1.8884
-0.27539;-0.037413;1.8947
-0.27161;-0.038366;1.9008
-0.26744;-0.039237;1.9065
-0.26292;-0.04002;1.912
-0.25805;-0.040713;1.9171
-0.25287;-0.041313;1.9218
-0.24737;-0.041818;1.9262
-0.2416;-0.042226;1.9301
-0.23557;-0.042535;1.9337
-0.2293;-0.042744;1.9368
-0.22283;-0.042852;1.9395
-0.21617;-0.042859;1.9418
-0.20935;-0.042765;1.9436
-0.2024;-0.042569;1.9449
-0.19535;-0.042274;1.9458
-0.18823;-0.041879;1.9462
-0.18105;-0.041387;1.9462
-0.17386;-0.0408;1.9456
-0.16667;-0.040119;1.9446
-0.15952;-0.039348;1.9431
-0.15244;-0.038489;1.9412
-0.14545;-0.037546;1.9388
-0.13858;-0.036523;1.936
-0.13186;-0.035424;1.9327
-0.12532;-0.034252;1.929
-0.11897;-0.033013;1.925
-0.11286;-0.031712;1.9205
-0.10699;-0.030354;1.9156
-0.10139;-0.028943;1.9104
-0.096091;-0.027486;1.9049
-0.091107;-0.025989;1.8991
-0.086458;-0.024456;1.893
-0.082163;-0.022895;1.8866
-0.078239;-0.021312;1.88
-0.27407;-0.013062;1.7733
-0.27784;-0.013398;1.7806
-0.28121;-0.013749;1.7882
-0.28417;-0.014113;1.7959
-0.2867;-0.01449;1.8037
-0.2888;-0.014877;1.8116
-0.29045;-0.015274;1.8195
-0.29165;-0.015678;1.8275
-0.29239;-0.016088;1.8355
-0.29267;-0.016502;1.8435
-0.2925;-0.016919;1.8514
-0.29186;-0.017337;1.8591
-0.29077;-0.017755;1.8668
-0.28923;-0.01817;1.8743
-0.28724;-0.018581;1.8816
-0.28481;-0.018987;1.8887
-0.28195;-0.019386;1.8956
-0.27868;-0.019776;1.9021
-0.275;-0.020156;1.9084
-0.27093;-0.020524;1.9144
-0.26649;-0.020879;1.92
-0.26169;-0.021219;1.9252
-0.25655;-0.021544;1.9301
-0.2511;-0.021851;1.9345
-0.24535;-0.02214;1.9386
-0.23932;-0.022409;1.9421
-0.23305;-0.022658;1.9453
-0.22655;-0.022885;1.9479
-0.21986;-0.02309;1.9501
-0.21299;-0.023271;1.9518
-0.20597;-0.023428;1.953
-0.19884;-0.023561;1.9537
-0.19162;-0.023668;1.9539
-0.18434;-0.02375;1.9536
-0.17702;-0.023807;1.9527
-0.16971;-0.023836;1.9514
-0.16241;-0.02384;1.9496
-0.15518;-0.023818;1.9473
-0.14802;-0.023769;1.9446
-0.14097;-0.023694;1.9414
-0.13407;-0.023594;1.9377
-0.12733;-0.023468;1.9336
-0.12078;-0.023318;1.929
-0.11445;-0.023143;1.9241
-0.10837;-0.022945;1.9187
-0.10255;-0.022724;1.913
-0.097025;-0.022481;1.907
-0.09181;-0.022217;1.9007
-0.086928;-0.021934;1.894
-0.082398;-0.021632;1.8871
-0.078239;-0.021312;1.88
-0.27407;-0.013062;1.7733
-0.27801;-0.012129;1.781
-0.28156;-0.011216;1.789
-0.28469;-0.010327;1.7971
-0.28739;-0.0094644;1.8053
-0.28965;-0.0086326;1.8136
-0.29146;-0.0078346;1.822
-0.29282;-0.0070735;1.8303
-0.29372;-0.0063523;1.8387
-0.29415;-0.0056738;1.847
-0.29412;-0.0050408;1.8552
-0.29362;-0.0044558;1.8634
-0.29266;-0.003921;1.8713
-0.29124;-0.0034385;1.8791
-0.28936;-0.0030103;1.8867
-0.28704;-0.002638;1.8941
-0.28428;-0.0023232;1.9012
-0.2811;-0.002067;1.908
-0.2775;-0.0018705;1.9144
-0.2735;-0.0017344;1.9205
-0.26911;-0.0016594;1.9263
-0.26436;-0.0016456;1.9317
-0.25926;-0.0016931;1.9366
-0.25383;-0.0018018;1.9411
-0.2481;-0.0019712;1.9452
-0.24208;-0.0022006;1.9488
-0.2358;-0.0024892;1.9519
-0.22929;-0.0028358;1.9545
-0.22257;-0.0032391;1.9566
-0.21566;-0.0036973;1.9582
-0.2086;-0.0042088;1.9593
-0.20141;-0.0047716;1.9598
-0.19412;-0.0053833;1.9599
-0.18675;-0.0060416;1.9594
-0.17935;-0.0067439;1.9583
-0.17194;-0.0074874;1.9568
-0.16454;-0.0082692;1.9547
-0.15718;-0.0090862;1.9522
-0.14991;-0.0099352;1.9491
-0.14273;-0.010813;1.9456
-0.13569;-0.011715;1.9416
-0.12881;-0.01264;1.9371
-0.12211;-0.013582;1.9322
-0.11563;-0.014539;1.9269
-0.10938;-0.015506;1.9212
-0.1034;-0.016479;1.9151
-0.09771;-0.017455;1.9087
-0.092326;-0.018431;1.9019
-0.087274;-0.019401;1.8948
-0.082571;-0.020363;1.8875
-0.078239;-0.021312;1.88
-0.27407;-0.013062;1.7733
-0.27812;-0.010875;1.7813
-0.28177;-0.0087128;1.7896
-0.28501;-0.0065842;1.798
-0.28781;-0.0044975;1.8065
-0.29018;-0.0024609;1.8151
-0.29209;-0.00048234;1.8237
-0.29355;0.0014303;1.8323
-0.29454;0.0032694;1.841
-0.29507;0.0050278;1.8495
-0.29513;0.0066985;1.858
-0.29472;0.0082749;1.8664
-0.29384;0.0097509;1.8746
-0.29249;0.011121;1.8826
-0.29069;0.012379;1.8903
-0.28843;0.01352;1.8979
-0.28573;0.01454;1.9051
-0.2826;0.015435;1.9121
-0.27905;0.016201;1.9187
-0.27509;0.016835;1.9249
-0.27074;0.017335;1.9308
-0.26602;0.017699;1.9362
-0.26095;0.017925;1.9412
-0.25554;0.018013;1.9458
-0.24981;0.017962;1.9499
-0.2438;0.017772;1.9535
-0.23752;0.017444;1.9566
-0.23099;0.016979;1.9591
-0.22425;0.016379;1.9612
-0.21732;0.015647;1.9627
-0.21023;0.014786;1.9637
-0.203;0.013798;1.9642
-0.19567;0.012688;1.9641
-0.18826;0.01146;1.9635
-0.1808;0.010119;1.9623
-0.17333;0.0086704;1.9606
-0.16586;0.0071196;1.9584
-0.15844;0.0054728;1.9556
-0.15108;0.0037367;1.9523
-0.14383;0.001918;1.9486
-0.1367;2.3854e-05;1.9443
-0.12973;-0.0019382;1.9396
-0.12294;-0.0039604;1.9345
-0.11636;-0.0060348;1.9289
-0.11002;-0.0081533;1.9229
-0.10393;-0.010307;1.9165
-0.098137;-0.012489;1.9098
-0.092648;-0.014688;1.9028
-0.087489;-0.016898;1.8954
-0.082679;-0.019109;1.8878
-0.078239;-0.021312;1.88
-0.27407;-0.013062;1.7733
-0.27816;-0.0096553;1.7815
-0.28186;-0.0062787;1.7899
-0.28513;-0.0029451;1.7985
-0.28798;0.00033227;1.8072
-0.29038;0.0035405;1.8159
-0.29233;0.0066669;1.8247
-0.29383;0.0096992;1.8335
-0.29486;0.012625;1.8423
-0.29542;0.015434;1.851
-0.29551;0.018114;1.8596
-0.29513;0.020654;1.8681
-0.29428;0.023045;1.8764
-0.29297;0.025278;1.8845
-0.29119;0.027343;1.8924
-0.28896;0.029232;1.9001
-0.28628;0.030937;1.9074
-0.28317;0.032453;1.9144
-0.27964;0.033773;1.9211
-0.2757;0.034892;1.9274
-0.27136;0.035806;1.9333
-0.26665;0.03651;1.9388
-0.26159;0.037002;1.9439
-0.25618;0.037281;1.9484
-0.25046;0.037344;1.9525
-0.24445;0.037192;1.9562
-0.23817;0.036826;1.9592
-0.23164;0.036247;1.9618
-0.22489;0.035456;1.9639
-0.21795;0.034458;1.9654
-0.21085;0.033256;1.9663
-0.20361;0.031855;1.9667
-0.19626;0.030261;1.9665
-0.18883;0.028479;1.9658
-0.18135;0.026517;1.9646
-0.17385;0.024382;1.9628
-0.16636;0.022084;1.9604
-0.15891;0.01963;1.9576
-0.15153;0.017031;1.9542
-0.14424;0.014297;1.9503
-0.13708;0.011439;1.9459
-0.13008;0.008468;1.9411
-0.12325;0.0053956;1.9358
-0.11664;0.0022342;1.93
-0.11026;-0.001004;1.9239
-0.10414;-0.004306;1.9174
-0.098299;-0.0076588;1.9105
-0.09277;-0.011049;1.9033
-0.08757;-0.014464;1.8958
-0.08272;-0.017889;1.888
-0.078239;-0.021312;1.88
-0.27407;-0.013062;1.7733
-0.27814;-0.0084897;1.7815
-0.2818;-0.0039521;1.79
-0.28505;0.0005333;1.7986
-0.28787;0.0049488;1.8073
-0.29025;0.0092769;1.8161
-0.29218;0.013501;1.8249
-0.29365;0.017603;1.8338
-0.29465;0.021568;1.8426
-0.29519;0.025381;1.8513
-0.29526;0.029025;1.86
-0.29486;0.032487;1.8685
-0.29399;0.035753;1.8768
-0.29265;0.03881;1.885
-0.29086;0.041646;1.8929
-0.28861;0.04425;1.9006
-0.28592;0.046611;1.908
-0.2828;0.04872;1.915
-0.27925;0.05057;1.9217
-0.2753;0.052152;1.928
-0.27096;0.05346;1.9339
-0.26624;0.05449;1.9394
-0.26117;0.055237;1.9445
-0.25576;0.055697;1.9491
-0.25004;0.055871;1.9532
-0.24402;0.055756;1.9568
-0.23774;0.055353;1.9599
-0.23121;0.054663;1.9625
-0.22447;0.053691;1.9645
-0.21754;0.052438;1.966
-0.21044;0.050911;1.9669
-0.20321;0.049115;1.9673
-0.19587;0.047057;1.9671
-0.18846;0.044746;1.9664
-0.18099;0.04219;1.9651
-0.17351;0.0394;1.9633
-0.16603;0.036387;1.9609
-0.1586;0.033162;1.958
-0.15124;0.029739;1.9546
-0.14397;0.02613;1.9507
-0.13683;0.02235;1.9463
-0.12985;0.018415;1.9414
-0.12305;0.014339;1.9361
-0.11645;0.010138;1.9303
-0.1101;0.0058296;1.9241
-0.104;0.0014304;1.9176
-0.098193;-0.0030423;1.9107
-0.09269;-0.0075709;1.9034
-0.087517;-0.012137;1.8959
-0.082693;-0.016724;1.888
-0.078239;-0.021312;1.88
-0.27407;-0.013062;1.7733
-0.27804;-0.0073964;1.7815
-0.28161;-0.0017697;1.7898
-0.28477;0.0037962;1.7983
-0.2875;0.0092792;1.807
-0.28979;0.014658;1.8157
-0.29162;0.019911;1.8244
-0.29301;0.025017;1.8332
-0.29393;0.029957;1.8419
-0.29439;0.034711;1.8506
-0.29438;0.03926;1.8592
-0.2939;0.043586;1.8676
-0.29296;0.047673;1.8759
-0.29156;0.051503;1.884
-0.28971;0.055063;1.8918
-0.2874;0.058337;1.8994
-0.28466;0.061313;1.9068
-0.28149;0.063979;1.9138
-0.2779;0.066325;1.9204
-0.27391;0.068342;1.9267
-0.26953;0.070021;1.9326
-0.26479;0.071356;1.9381
-0.2597;0.072341;1.9431
-0.25427;0.072973;1.9477
-0.24854;0.073249;1.9518
-0.24252;0.073168;1.9554
-0.23625;0.072731;1.9585
-0.22973;0.071939;1.9611
-0.223;0.070795;1.9631
-0.21609;0.069304;1.9646
-0.20902;0.067471;1.9656
-0.20182;0.065305;1.966
-0.19452;0.062813;1.9659
-0.18714;0.060005;1.9652
-0.17973;0.056892;1.9639
-0.1723;0.053487;1.9622
-0.16488;0.049804;1.9599
-0.15751;0.045855;1.957
-0.15021;0.041659;1.9537
-0.14302;0.037229;1.9498
-0.13595;0.032585;1.9455
-0.12904;0.027745;1.9407
-0.12232;0.022727;1.9354
-0.11582;0.017552;1.9297
-0.10955;0.01224;1.9236
-0.10354;0.0068112;1.9171
-0.097821;0.0012881;1.9103
-0.09241;-0.004308;1.9031
-0.087329;-0.0099549;1.8957
-0.082599;-0.01563;1.8879
-0.078239;-0.021312;1.88
-0.27407;-0.013062;1.7733
-0.27788;-0.0063925;1.7812
-0.2813;0.00023414;1.7894
-0.28429;0.006792;1.7977
-0.28687;0.013255;1.8061
-0.289;0.019598;1.8146
-0.29069;0.025796;1.8232
-0.29193;0.031824;1.8317
-0.29271;0.037659;1.8403
-0.29303;0.043278;1.8487
-0.29288;0.048657;1.8571
-0.29228;0.053777;1.8654
-0.29122;0.058617;1.8735
-0.28971;0.063158;1.8815
-0.28775;0.067382;1.8892
-0.28534;0.071271;1.8967
-0.28251;0.074812;1.9039
-0.27926;0.07799;1.9108
-0.2756;0.080792;1.9173
-0.27154;0.083207;1.9235
-0.26711;0.085226;1.9294
-0.26233;0.086841;1.9348
-0.2572;0.088046;1.9398
-0.25175;0.088835;1.9443
-0.246;0.089206;1.9484
-0.23998;0.089156;1.952
-0.23371;0.088688;1.9551
-0.22721;0.087801;1.9577
-0.2205;0.0865;1.9598
-0.21363;0.08479;1.9613
-0.2066;0.082677;1.9623
-0.19945;0.08017;1.9628
-0.19222;0.077279;1.9628
-0.18491;0.074015;1.9622
-0.17758;0.070391;1.961
-0.17024;0.066422;1.9594
-0.16292;0.062123;1.9572
-0.15565;0.05751;1.9545
-0.14847;0.052603;1.9513
-0.14139;0.04742;1.9476
-0.13446;0.041983;1.9435
-0.12768;0.036312;1.9388
-0.1211;0.03043;1.9338
-0.11473;0.024359;1.9283
-0.10861;0.018125;1.9224
-0.10275;0.011752;1.9161
-0.097188;0.0052641;1.9095
-0.091933;-0.0013122;1.9025
-0.08701;-0.0079511;1.8953
-0.08244;-0.014626;1.8877
-0.078239;-0.021312;1.88
-0.27407;-0.013062;1.7733
-0.27766;-0.0054939;1.7809
-0.28085;0.0020278;1.7887
-0.28363;0.0094736;1.7967
-0.28598;0.016814;1.8048
-0.2879;0.024021;1.8129
-0.28938;0.031064;1.8212
-0.29041;0.037918;1.8294
-0.291;0.044554;1.8376
-0.29112;0.050946;1.8458
-0.2908;0.057069;1.854
-0.29002;0.062899;1.862
-0.28879;0.068414;1.8698
-0.28712;0.07359;1.8775
-0.28501;0.078408;1.885
-0.28247;0.082849;1.8923
-0.27951;0.086895;1.8993
-0.27615;0.09053;1.906
-0.27238;0.093741;1.9124
-0.26824;0.096513;1.9185
-0.26374;0.098837;1.9242
-0.25889;0.1007;1.9295
-0.25371;0.1021;1.9344
-0.24823;0.10303;1.9389
-0.24246;0.10349;1.943
-0.23643;0.10347;1.9466
-0.23016;0.10297;1.9497
-0.22368;0.102;1.9523
-0.21702;0.10056;1.9544
-0.21019;0.098651;1.9561
-0.20322;0.096287;1.9572
-0.19615;0.093476;1.9578
-0.189;0.090228;1.9579
-0.1818;0.086556;1.9574
-0.17458;0.082474;1.9565
-0.16737;0.078;1.955
-0.16018;0.073149;1.953
-0.15307;0.067942;1.9506
-0.14604;0.062399;1.9476
-0.13913;0.056542;1.9442
-0.13237;0.050395;1.9403
-0.12578;0.04398;1.9359
-0.11939;0.037324;1.9311
-0.11322;0.030453;1.926
-0.1073;0.023393;1.9204
-0.10166;0.016174;1.9144
-0.096305;0.0088231;1.9081
-0.091268;0.0013694;1.9015
-0.086565;-0.0061575;1.8946
-0.082217;-0.013728;1.8874
-0.078239;-0.021312;1.88
-0.27407;-0.013062;1.7733
-0.27738;-0.0047148;1.7804
-0.28029;0.0035829;1.7878
-0.28279;0.011799;1.7953
-0.28486;0.0199;1.803
-0.28651;0.027855;1.8107
-0.28772;0.035632;1.8185
-0.2885;0.043201;1.8263
-0.28883;0.050531;1.8341
-0.28871;0.057594;1.8419
-0.28815;0.064362;1.8497
-0.28715;0.070809;1.8573
-0.28571;0.076908;1.8648
-0.28384;0.082635;1.8722
-0.28154;0.087969;1.8794
-0.27883;0.092887;1.8864
-0.27571;0.097372;1.8931
-0.2722;0.1014;1.8996
-0.26831;0.10497;1.9058
-0.26406;0.10805;1.9117
-0.25946;0.11064;1.9173
-0.25453;0.11272;1.9225
-0.24929;0.11429;1.9273
-0.24376;0.11534;1.9317
-0.23797;0.11587;1.9357
-0.23193;0.11588;1.9393
-0.22567;0.11535;1.9424
-0.21922;0.11431;1.9451
-0.21259;0.11275;1.9473
-0.20583;0.11067;1.949
-0.19894;0.10809;1.9502
-0.19197;0.10501;1.951
-0.18493;0.10145;1.9513
-0.17786;0.097429;1.951
-0.17078;0.092951;1.9503
-0.16372;0.088038;1.9491
-0.15672;0.08271;1.9474
-0.14979;0.076987;1.9453
-0.14296;0.070893;1.9426
-0.13626;0.064452;1.9395
-0.12972;0.057688;1.936
-0.12337;0.050628;1.932
-0.11722;0.043301;1.9276
-0.11131;0.035736;1.9228
-0.10565;0.027961;1.9177
-0.10027;0.020008;1.9122
-0.095186;0.011909;1.9063
-0.090424;0.0036944;1.9001
-0.086001;-0.0046023;1.8937
-0.081934;-0.012949;1.8869
-0.078239;-0.021312;1.88
-0.27407;-0.013062;1.7733
-0.27704;-0.0040674;1.7799
-0.27961;0.004875;1.7867
-0.28178;0.01373;1.7936
-0.28352;0.022464;1.8007
-0.28485;0.031041;1.8079
-0.28574;0.039427;1.8151
-0.28621;0.04759;1.8224
-0.28623;0.055498;1.8298
-0.28583;0.063119;1.8371
-0.28499;0.070422;1.8443
-0.28372;0.07738;1.8515
-0.28203;0.083965;1.8586
-0.27992;0.090151;1.8656
-0.2774;0.095912;1.8724
-0.27448;0.10123;1.879
-0.27117;0.10608;1.8855
-0.26749;0.11044;1.8917
-0.26344;0.1143;1.8976
-0.25905;0.11764;1.9033
-0.25434;0.12044;1.9086
-0.24932;0.12271;1.9137
-0.244;0.12442;1.9184
-0.23842;0.12557;1.9227
-0.2326;0.12616;1.9266
-0.22655;0.12618;1.9302
-0.2203;0.12564;1.9333
-0.21388;0.12454;1.9361
-0.20731;0.12287;1.9383
-0.20062;0.12065;1.9402
-0.19383;0.11789;1.9416
-0.18697;0.1146;1.9426
-0.18006;0.11078;1.943
-0.17314;0.10646;1.9431
-0.16624;0.10166;1.9426
-0.15937;0.096379;1.9418
-0.15257;0.090653;1.9404
-0.14586;0.084503;1.9386
-0.13927;0.077951;1.9364
-0.13283;0.071023;1.9337
-0.12656;0.063748;1.9307
-0.12048;0.056153;1.9272
-0.11463;0.048268;1.9233
-0.10901;0.040125;1.919
-0.10367;0.031756;1.9143
-0.098604;0.023194;1.9094
-0.093848;0.014473;1.904
-0.089416;0.0056263;1.8984
-0.085327;-0.0033102;1.8925
-0.081596;-0.012301;1.8864
-0.078239;-0.021312;1.88
-0.27407;-0.013062;1.7733
-0.27665;-0.0035621;1.7792
-0.27884;0.0058838;1.7853
-0.28062;0.015239;1.7916
-0.28199;0.024465;1.798
-0.28294;0.033528;1.8046
-0.28347;0.04239;1.8112
-0.28358;0.051017;1.8179
-0.28326;0.059375;1.8246
-0.28252;0.067431;1.8313
-0.28136;0.075153;1.838
-0.27979;0.082511;1.8447
-0.2778;0.089475;1.8513
-0.27542;0.096018;1.8578
-0.27264;0.10211;1.8642
-0.26948;0.10774;1.8704
-0.26596;0.11287;1.8764
-0.26207;0.11749;1.8823
-0.25786;0.12158;1.8879
-0.25331;0.12512;1.8933
-0.24847;0.1281;1.8984
-0.24333;0.1305;1.9033
-0.23794;0.13232;1.9078
-0.2323;0.13356;1.9121
-0.22643;0.13419;1.9159
-0.22037;0.13423;1.9195
-0.21414;0.13368;1.9226
-0.20775;0.13252;1.9254
-0.20124;0.13078;1.9278
-0.19463;0.12845;1.9298
-0.18795;0.12555;1.9314
-0.18122;0.12208;1.9326
-0.17448;0.11807;1.9334
-0.16773;0.11352;1.9337
-0.16102;0.10845;1.9336
-0.15438;0.10289;1.9331
-0.14781;0.096855;1.9322
-0.14136;0.09037;1.9308
-0.13505;0.08346;1.9291
-0.1289;0.076154;1.9269
-0.12293;0.068478;1.9244
-0.11718;0.060465;1.9214
-0.11165;0.052146;1.9181
-0.10639;0.043552;1.9144
-0.10139;0.034719;1.9104
-0.096696;0.025681;1.906
-0.092312;0.016474;1.9014
-0.088259;0.0071344;1.8964
-0.084553;-0.0023015;1.8912
-0.081208;-0.011796;1.8857
-0.078239;-0.021312;1.88
-0.27407;-0.013062;1.7733
-0.27622;-0.0032066;1.7784
-0.27798;0.0065932;1.7838
-0.27933;0.016299;1.7893
-0.28028;0.025873;1.795
-0.28082;0.035277;1.8008
-0.28094;0.044474;1.8067
-0.28065;0.053427;1.8127
-0.27995;0.062102;1.8187
-0.27884;0.070464;1.8248
-0.27732;0.07848;1.8309
-0.2754;0.086119;1.8369
-0.2731;0.093349;1.843
-0.27041;0.10014;1.8489
-0.26734;0.10648;1.8548
-0.26392;0.11232;1.8605
-0.26015;0.11765;1.8662
-0.25605;0.12245;1.8716
-0.25164;0.1267;1.8769
-0.24692;0.13038;1.882
-0.24193;0.13348;1.8869
-0.23668;0.13598;1.8915
-0.23119;0.13788;1.8959
-0.22548;0.13917;1.9
-0.21958;0.13984;1.9038
-0.2135;0.13989;1.9073
-0.20728;0.13932;1.9105
-0.20093;0.13814;1.9133
-0.19449;0.13634;1.9159
-0.18798;0.13393;1.918
-0.18142;0.13093;1.9198
-0.17483;0.12734;1.9213
-0.16826;0.12319;1.9223
-0.16171;0.11848;1.923
-0.15522;0.11323;1.9233
-0.14882;0.10747;1.9232
-0.14252;0.10122;1.9228
-0.13635;0.094496;1.922
-0.13034;0.087335;1.9207
-0.12452;0.079762;1.9192
-0.11889;0.071806;1.9172
-0.11349;0.063498;1.9149
-0.10834;0.054873;1.9122
-0.10346;0.045962;1.9092
-0.098863;0.036803;1.9059
-0.094572;0.027431;1.9023
-0.090603;0.017882;1.8984
-0.086971;0.0081951;1.8941
-0.083692;-0.001592;1.8897
-0.080777;-0.011441;1.8849
-0.078239;-0.021312;1.88
-0.27407;-0.013062;1.7733
-0.27575;-0.0030068;1.7776
-0.27704;0.0069922;1.7821
-0.27793;0.016896;1.7868
-0.27842;0.026665;1.7917
-0.27851;0.036261;1.7966
-0.27819;0.045646;1.8018
-0.27747;0.054783;1.807
-0.27635;0.063636;1.8123
-0.27484;0.07217;1.8176
-0.27293;0.080351;1.823
-0.27065;0.088148;1.8284
-0.26799;0.095529;1.8337
-0.26497;0.10246;1.8391
-0.26159;0.10893;1.8444
-0.25788;0.11489;1.8496
-0.25385;0.12034;1.8548
-0.24951;0.12524;1.8598
-0.24489;0.12958;1.8647
-0.23999;0.13334;1.8695
-0.23483;0.13651;1.8741
-0.22945;0.13907;1.8785
-0.22386;0.14101;1.8827
-0.21808;0.14233;1.8866
-0.21213;0.14302;1.8904
-0.20604;0.14308;1.8939
-0.19983;0.1425;1.8971
-0.19353;0.1413;1.9
-0.18716;0.13947;1.9027
-0.18075;0.13702;1.905
-0.17432;0.13396;1.907
-0.1679;0.1303;1.9088
-0.16151;0.12607;1.9102
-0.15517;0.12127;1.9112
-0.14892;0.11592;1.912
-0.14278;0.11004;1.9124
-0.13677;0.10367;1.9124
-0.13091;0.096817;1.9121
-0.12524;0.089514;1.9115
-0.11976;0.081791;1.9106
-0.11451;0.073677;1.9093
-0.1095;0.065204;1.9077
-0.10475;0.056406;1.9058
-0.10028;0.047318;1.9035
-0.096116;0.037975;1.901
-0.092266;0.028414;1.8981
-0.088747;0.018674;1.895
-0.085573;0.0087916;1.8916
-0.082756;-0.001193;1.888
-0.080308;-0.011241;1.8841
-0.078239;-0.021312;1.88
-0.27407;-0.013062;1.7733
-0.27525;-0.0029656;1.7767
-0.27605;0.0070744;1.7803
-0.27645;0.017019;1.7841
-0.27645;0.026828;1.788
-0.27606;0.036463;1.7922
-0.27527;0.045887;1.7964
-0.2741;0.055062;1.8008
-0.27253;0.063952;1.8053
-0.27059;0.072521;1.8098
-0.26827;0.080737;1.8144
-0.26559;0.088566;1.8191
-0.26256;0.095978;1.8238
-0.25918;0.10294;1.8285
-0.25548;0.10943;1.8332
-0.25147;0.11542;1.8379
-0.24715;0.12089;1.8425
-0.24256;0.12582;1.8471
-0.23771;0.13017;1.8516
-0.23261;0.13395;1.856
-0.22729;0.13713;1.8603
-0.22177;0.1397;1.8644
-0.21607;0.14166;1.8684
-0.21021;0.14298;1.8722
-0.20421;0.14367;1.8759
-0.19811;0.14373;1.8793
-0.19192;0.14316;1.8826
-0.18566;0.14195;1.8856
-0.17937;0.14011;1.8884
-0.17307;0.13765;1.891
-0.16677;0.13458;1.8932
-0.16052;0.13091;1.8953
-0.15433;0.12666;1.897
-0.14822;0.12184;1.8985
-0.14222;0.11647;1.8997
-0.13636;0.11058;1.9006
-0.13066;0.10417;1.9012
-0.12513;0.097295;1.9016
-0.1198;0.089963;1.9016
-0.1147;0.082209;1.9013
-0.10984;0.074062;1.9008
-0.10524;0.065555;1.8999
-0.10093;0.056722;1.8988
-0.096905;0.047597;1.8973
-0.093196;0.038216;1.8956
-0.089815;0.028617;1.8936
-0.086774;0.018837;1.8914
-0.084087;0.0089145;1.8889
-0.081762;-0.0011108;1.8861
-0.07981;-0.0112;1.8832
-0.078239;-0.021312;1.88
-0.27407;-0.013062;1.7733
-0.27473;-0.0030837;1.7757
-0.27501;0.0068385;1.7784
-0.2749;0.016666;1.7812
-0.27439;0.02636;1.7842
-0.2735;0.035882;1.7874
-0.27223;0.045194;1.7908
-0.27057;0.054261;1.7943
-0.26854;0.063045;1.7979
-0.26615;0.071513;1.8016
-0.26341;0.079631;1.8054
-0.26031;0.087366;1.8093
-0.25689;0.094689;1.8133
-0.25315;0.10157;1.8173
-0.2491;0.10798;1.8214
-0.24477;0.1139;1.8255
-0.24016;0.1193;1.8296
-0.23531;0.12417;1.8337
-0.23022;0.12847;1.8377
-0.22491;0.1322;1.8417
-0.21942;0.13534;1.8457
-0.21375;0.13788;1.8496
-0.20793;0.13981;1.8533
-0.20199;0.14111;1.857
-0.19595;0.1418;1.8606
-0.18983;0.14185;1.864
-0.18365;0.14128;1.8673
-0.17745;0.14008;1.8704
-0.17124;0.13826;1.8733
-0.16505;0.13583;1.8761
-0.1589;0.13279;1.8787
-0.15282;0.12916;1.881
-0.14684;0.12496;1.8832
-0.14097;0.12019;1.8851
-0.13523;0.11488;1.8868
-0.12966;0.10905;1.8882
-0.12428;0.10272;1.8894
-0.11909;0.095923;1.8904
-0.11414;0.088675;1.8911
-0.10942;0.081009;1.8916
-0.10498;0.072956;1.8917
-0.10081;0.064547;1.8917
-0.096938;0.055815;1.8914
-0.09338;0.046796;1.8908
-0.090148;0.037523;1.89
-0.087256;0.028035;1.8889
-0.084715;0.018369;1.8876
-0.082535;0.0085618;1.886
-0.080724;-0.0013467;1.8842
-0.07929;-0.011318;1.8822
-0.078239;-0.021312;1.88
-0.27407;-0.013062;1.7733
-0.2742;-0.0033594;1.7747
-0.27395;0.0062883;1.7764
-0.2733;0.015843;1.7782
-0.27228;0.025268;1.7803
-0.27088;0.034525;1.7825
-0.2691;0.043578;1.7849
-0.26695;0.052392;1.7875
-0.26445;0.06093;1.7902
-0.2616;0.069161;1.7931
-0.25841;0.07705;1.7961
-0.2549;0.084568;1.7992
-0.25108;0.091684;1.8024
-0.24696;0.09837;1.8057
-0.24256;0.1046;1.8091
-0.2379;0.11035;1.8126
-0.23299;0.1156;1.8161
-0.22786;0.12032;1.8197
-0.22253;0.1245;1.8233
-0.21701;0.12812;1.8269
-0.21134;0.13117;1.8305
-0.20552;0.13363;1.8341
-0.19959;0.13549;1.8377
-0.19356;0.13676;1.8412
-0.18747;0.13741;1.8447
-0.18133;0.13746;1.8481
-0.17517;0.1369;1.8514
-0.16902;0.13572;1.8546
-0.16289;0.13395;1.8577
-0.15682;0.13158;1.8607
-0.15082;0.12862;1.8635
-0.14492;0.12508;1.8662
-0.13915;0.12099;1.8687
-0.13352;0.11634;1.8711
-0.12806;0.11118;1.8733
-0.12279;0.1055;1.8753
-0.11773;0.099342;1.8772
-0.1129;0.092723;1.8788
-0.10832;0.08567;1.8802
-0.10401;0.078211;1.8814
-0.099983;0.070376;1.8824
-0.096256;0.062195;1.8832
-0.092845;0.0537;1.8837
-0.089763;0.044926;1.884
-0.087021;0.035907;1.8841
-0.084631;0.026679;1.884
-0.082603;0.017277;1.8836
-0.080943;0.0077392;1.883
-0.07966;-0.0018969;1.8822
-0.078757;-0.011593;1.8812
-0.078239;-0.021312;1.88
-0.27407;-0.013062;1.7733
-0.27366;-0.0037882;1.7737
-0.27287;0.0054324;1.7743
-0.2717;0.014564;1.7752
-0.27015;0.02357;1.7762
-0.26823;0.032415;1.7775
-0.26594;0.041064;1.7789
-0.2633;0.049484;1.7805
-0.26032;0.05764;1.7824
-0.25701;0.065501;1.7843
-0.25337;0.073036;1.7865
-0.24943;0.080215;1.7888
-0.2452;0.087009;1.7913
-0.2407;0.093392;1.7939
-0.23595;0.099339;1.7966
-0.23096;0.10483;1.7995
-0.22575;0.10983;1.8024
-0.22035;0.11434;1.8055
-0.21477;0.11832;1.8086
-0.20904;0.12177;1.8118
-0.20318;0.12467;1.8151
-0.19721;0.12701;1.8184
-0.19116;0.12879;1.8217
-0.18505;0.12998;1.8251
-0.17891;0.1306;1.8284
-0.17276;0.13063;1.8318
-0.16661;0.13008;1.8351
-0.16051;0.12895;1.8384
-0.15447;0.12724;1.8417
-0.14851;0.12496;1.8449
-0.14266;0.12212;1.848
-0.13695;0.11873;1.8511
-0.13139;0.11481;1.854
-0.12601;0.11036;1.8569
-0.12082;0.10541;1.8596
-0.11585;0.099976;1.8622
-0.11112;0.09408;1.8646
-0.10665;0.087745;1.8669
-0.10245;0.080995;1.8691
-0.098543;0.073858;1.871
-0.094942;0.066362;1.8728
-0.091661;0.058535;1.8744
-0.088713;0.050411;1.8759
-0.086111;0.042019;1.8771
-0.083864;0.033393;1.8781
-0.081981;0.024568;1.879
-0.08047;0.015579;1.8796
-0.079336;0.0064596;1.88
-0.078585;-0.0027528;1.8802
-0.078218;-0.012022;1.8802
-0.078239;-0.021312;1.88
-0.27407;-0.013062;1.7733
-0.27313;-0.0043634;1.7727
-0.2718;0.0042843;1.7723
-0.2701;0.012847;1.7721
-0.26803;0.021292;1.7722
-0.26559;0.029584;1.7724
-0.2628;0.037692;1.7729
-0.25967;0.045584;1.7736
-0.25621;0.053227;1.7745
-0.25244;0.060593;1.7756
-0.24836;0.067652;1.7769
-0.244;0.074376;1.7784
-0.23937;0.080739;1.7801
-0.23449;0.086715;1.782
-0.22938;0.092281;1.784
-0.22406;0.097415;1.7862
-0.21855;0.1021;1.7886
-0.21288;0.10631;1.7911
-0.20706;0.11003;1.7938
-0.20111;0.11325;1.7966
-0.19507;0.11596;1.7995
-0.18896;0.11814;1.8025
-0.18279;0.11979;1.8057
-0.1766;0.1209;1.8089
-0.1704;0.12146;1.8121
-0.16423;0.12147;1.8155
-0.15811;0.12094;1.8188
-0.15206;0.11986;1.8222
-0.1461;0.11824;1.8256
-0.14026;0.11609;1.8291
-0.13456;0.11341;1.8325
-0.12903;0.11022;1.8359
-0.12368;0.10652;1.8392
-0.11854;0.10233;1.8425
-0.11362;0.097676;1.8458
-0.10896;0.092566;1.8489
-0.10456;0.087022;1.852
-0.10044;0.081067;1.855
-0.096617;0.074724;1.8579
-0.09311;0.068019;1.8606
-0.089932;0.060977;1.8632
-0.087094;0.053627;1.8657
-0.084607;0.045998;1.868
-0.082482;0.038119;1.8701
-0.080726;0.030021;1.8721
-0.079347;0.021738;1.8739
-0.07835;0.013301;1.8755
-0.077739;0.0047431;1.8769
-0.077517;-0.0039009;1.8781
-0.077683;-0.012597;1.8792
-0.078239;-0.021312;1.88
-0.27407;-0.013062;1.7733
-0.2726;-0.0050758;1.7716
-0.27076;0.0028622;1.7703
-0.26854;0.010721;1.7691
-0.26595;0.01847;1.7681
-0.26302;0.026078;1.7674
-0.25974;0.033515;1.7669
-0.25612;0.040752;1.7667
-0.2522;0.047761;1.7667
-0.24797;0.054513;1.7669
-0.24346;0.060982;1.7674
-0.23869;0.067143;1.7681
-0.23366;0.072971;1.769
-0.22842;0.078443;1.7702
-0.22296;0.083538;1.7715
-0.21732;0.088235;1.7731
-0.21152;0.092516;1.7749
-0.20557;0.096365;1.777
-0.19952;0.099765;1.7792
-0.19337;0.1027;1.7816
-0.18715;0.10517;1.7841
-0.18088;0.10715;1.7869
-0.1746;0.10864;1.7898
-0.16833;0.10964;1.7928
-0.16209;0.11013;1.796
-0.1559;0.11012;1.7993
-0.14979;0.10961;1.8027
-0.14379;0.1086;1.8062
-0.13791;0.1071;1.8098
-0.13218;0.1051;1.8134
-0.12663;0.10262;1.8171
-0.12128;0.099666;1.8208
-0.11614;0.096252;1.8246
-0.11123;0.09239;1.8284
-0.10659;0.088096;1.8321
-0.10221;0.083386;1.8359
-0.098133;0.078279;1.8396
-0.094361;0.072796;1.8432
-0.090911;0.066957;1.8468
-0.087798;0.060786;1.8503
-0.085033;0.054308;1.8537
-0.082628;0.047547;1.857
-0.080592;0.040531;1.8602
-0.078933;0.033287;1.8632
-0.077658;0.025844;1.8662
-0.076772;0.018231;1.8689
-0.076277;0.010479;1.8715
-0.076177;0.0026169;1.8739
-0.076472;-0.0053231;1.8761
-0.07716;-0.01331;1.8781
-0.078239;-0.021312;1.88
-0.27407;-0.013062;1.7733
-0.2721;-0.0059144;1.7707
-0.26975;0.0011884;1.7683
-0.26704;0.0082187;1.7661
-0.26396;0.015149;1.7642
-0.26054;0.021951;1.7626
-0.25678;0.028599;1.7611
-0.25271;0.035066;1.76
-0.24834;0.041327;1.7591
-0.24368;0.047357;1.7585
-0.23875;0.053133;1.7581
-0.23358;0.058631;1.758
-0.22818;0.063829;1.7582
-0.22257;0.068708;1.7587
-0.21678;0.073248;1.7594
-0.21083;0.077431;1.7604
-0.20475;0.081241;1.7617
-0.19855;0.084662;1.7632
-0.19226;0.087681;1.7649
-0.18591;0.090286;1.7669
-0.17952;0.092467;1.7692
-0.17312;0.094216;1.7716
-0.16673;0.095525;1.7743
-0.16038;0.096389;1.7772
-0.15409;0.096804;1.7803
-0.14788;0.09677;1.7835
-0.14179;0.096286;1.787
-0.13583;0.095355;1.7906
-0.13004;0.093979;1.7943
-0.12442;0.092164;1.7982
-0.11901;0.089918;1.8021
-0.11382;0.087249;1.8062
-0.10888;0.084168;1.8103
-0.10421;0.080687;1.8146
-0.099818;0.07682;1.8188
-0.095729;0.072582;1.8231
-0.091957;0.067989;1.8274
-0.088518;0.06306;1.8317
-0.085424;0.057815;1.836
-0.082688;0.052274;1.8403
-0.080322;0.046458;1.8445
-0.078333;0.040391;1.8486
-0.07673;0.034097;1.8526
-0.07552;0.027601;1.8565
-0.074707;0.020928;1.8604
-0.074295;0.014105;1.864
-0.074284;0.0071576;1.8676
-0.074676;0.0001145;1.8709
-0.075467;-0.0069969;1.8741
-0.076657;-0.014148;1.8771
-0.078239;-0.021312;1.88
-0.27407;-0.013062;1.7733
-0.27162;-0.0068658;1.7697
-0.2688;-0.00071064;1.7664
-0.26562;0.0053795;1.7633
-0.26208;0.011381;1.7605
-0.2582;0.017269;1.7579
-0.254;0.023021;1.7556
-0.24949;0.028615;1.7536
-0.24469;0.034028;1.7518
-0.23962;0.039239;1.7504
-0.2343;0.044227;1.7493
-0.22875;0.048972;1.7484
-0.223;0.053457;1.7479
-0.21705;0.057663;1.7477
-0.21095;0.061573;1.7478
-0.20471;0.065173;1.7482
-0.19836;0.068447;1.7489
-0.19192;0.071384;1.75
-0.18541;0.073971;1.7513
-0.17887;0.076198;1.7529
-0.17232;0.078057;1.7548
-0.16579;0.07954;1.757
-0.1593;0.080641;1.7595
-0.15287;0.081356;1.7622
-0.14653;0.081682;1.7652
-0.14031;0.081618;1.7685
-0.13424;0.081164;1.7719
-0.12832;0.080322;1.7756
-0.1226;0.079095;1.7795
-0.11709;0.077488;1.7836
-0.11181;0.075508;1.7878
-0.10678;0.073161;1.7922
-0.10203;0.070458;1.7967
-0.097575;0.067409;1.8014
-0.093427;0.064027;1.8061
-0.089605;0.060324;1.8109
-0.086125;0.056314;1.8158
-0.083;0.052015;1.8207
-0.080242;0.047443;1.8257
-0.077863;0.042615;1.8307
-0.075872;0.037552;1.8356
-0.074277;0.032273;1.8405
-0.073084;0.026798;1.8454
-0.072297;0.02115;1.8501
-0.071921;0.01535;1.8548
-0.071956;0.0094224;1.8594
-0.072402;0.0033895;1.8638
-0.073257;-0.0027247;1.8681
-0.074519;-0.0088959;1.8723
-0.076181;-0.0151;1.8762
-0.078239;-0.021312;1.88
-0.27407;-0.013062;1.7733
-0.27118;-0.007915;1.7688
-0.26793;-0.002805;1.7646
-0.26431;0.0022483;1.7607
-0.26034;0.0072249;1.757
-0.25604;0.012105;1.7535
-0.25142;0.01687;1.7504
-0.24651;0.0215;1.7476
-0.24132;0.025978;1.745
-0.23587;0.030285;1.7428
-0.23018;0.034405;1.741
-0.22429;0.038321;1.7394
-0.2182;0.042018;1.7382
-0.21195;0.045482;1.7374
-0.20555;0.048698;1.7369
-0.19904;0.051654;1.7368
-0.19244;0.054339;1.737
-0.18578;0.056741;1.7376
-0.17908;0.058851;1.7385
-0.17236;0.060662;1.7398
-0.16566;0.062165;1.7414
-0.159;0.063355;1.7433
-0.15241;0.064227;1.7456
-0.14592;0.064778;1.7482
-0.13954;0.065005;1.7511
-0.13331;0.064908;1.7543
-0.12724;0.064487;1.7578
-0.12137;0.063744;1.7616
-0.11572;0.062681;1.7656
-0.1103;0.061303;1.7699
-0.10515;0.059615;1.7743
-0.10027;0.057625;1.779
-0.095696;0.055339;1.7839
-0.091437;0.052766;1.789
-0.087513;0.049918;1.7942
-0.083938;0.046805;1.7995
-0.080728;0.043439;1.8049
-0.077894;0.039834;1.8104
-0.075447;0.036004;1.816
-0.073398;0.031964;1.8216
-0.071755;0.02773;1.8273
-0.070524;0.023319;1.8329
-0.069709;0.018748;1.8385
-0.069315;0.014035;1.8441
-0.069342;0.0091989;1.8496
-0.069791;0.0042587;1.855
-0.07066;-0.00076617;1.8603
-0.071945;-0.0058558;1.8655
-0.073641;-0.01099;1.8705
-0.075742;-0.016149;1.8753
-0.078239;-0.021312;1.88
-0.27407;-0.013062;1.7733
-0.27079;-0.0090456;1.768
-0.26713;-0.0050616;1.763
-0.26312;-0.0011254;1.7582
-0.25876;0.0027473;1.7537
-0.25408;0.0065414;1.7495
-0.24909;0.010242;1.7456
-0.24381;0.013834;1.742
-0.23827;0.017304;1.7388
-0.23248;0.020637;1.7359
-0.22646;0.023822;1.7333
-0.22025;0.026844;1.7311
-0.21387;0.029693;1.7293
-0.20733;0.032357;1.7279
-0.20068;0.034825;1.7269
-0.19392;0.037088;1.7262
-0.1871;0.039137;1.726
-0.18023;0.040963;1.7262
-0.17335;0.04256;1.7267
-0.16648;0.043921;1.7277
-0.15964;0.045041;1.729
-0.15288;0.045916;1.7307
-0.1462;0.046541;1.7328
-0.13964;0.046915;1.7353
-0.13322;0.047036;1.7381
-0.12698;0.046903;1.7413
-0.12093;0.046518;1.7448
-0.1151;0.045881;1.7487
-0.1095;0.044995;1.7528
-0.10417;0.043864;1.7573
-0.099129;0.042492;1.762
-0.094388;0.040884;1.7669
-0.08997;0.039047;1.7721
-0.085891;0.036989;1.7776
-0.082169;0.034716;1.7832
-0.078818;0.032239;1.789
-0.075851;0.029566;1.7949
-0.07328;0.026709;1.801
-0.071115;0.023679;1.8071
-0.069364;0.020487;1.8133
-0.068035;0.017147;1.8196
-0.067133;0.013671;1.826
-0.06666;0.010074;1.8323
-0.06662;0.0063689;1.8386
-0.067012;0.0025709;1.8448
-0.067835;-0.0013051;1.851
-0.069086;-0.0052438;1.8571
-0.070759;-0.0092296;1.863
-0.072848;-0.013247;1.8688
-0.075344;-0.01728;1.8745
-0.078239;-0.021312;1.88
-0.27407;-0.013062;1.7733
-0.27044;-0.01024;1.7673
-0.26644;-0.0074448;1.7615
-0.26208;-0.0046886;1.756
-0.25738;-0.0019816;1.7508
-0.25236;0.0006653;1.7459
-0.24705;0.0032418;1.7413
-0.24145;0.0057376;1.7371
-0.23559;0.008143;1.7331
-0.2295;0.010448;1.7296
-0.2232;0.012645;1.7265
-0.21671;0.014723;1.7237
-0.21007;0.016676;1.7213
-0.20329;0.018495;1.7194
-0.1964;0.020173;1.7179
-0.18943;0.021704;1.7168
-0.18241;0.023081;1.7162
-0.17537;0.0243;1.7159
-0.16833;0.025354;1.7162
-0.16131;0.026241;1.7168
-0.15436;0.026957;1.7179
-0.1475;0.027498;1.7194
-0.14074;0.027863;1.7214
-0.13413;0.02805;1.7237
-0.12768;0.028058;1.7265
-0.12143;0.027888;1.7297
-0.11539;0.02754;1.7332
-0.10959;0.027016;1.7371
-0.10405;0.026317;1.7414
-0.098795;0.025446;1.746
-0.093848;0.024407;1.7509
-0.089225;0.023204;1.7561
-0.084945;0.021842;1.7616
-0.081025;0.020325;1.7673
-0.077481;0.018661;1.7733
-0.074326;0.016855;1.7795
-0.071572;0.014914;1.7859
-0.069232;0.012847;1.7925
-0.067313;0.010662;1.7991
-0.065825;0.0083664;1.8059
-0.064771;0.0059701;1.8128
-0.064157;0.0034825;1.8197
-0.063985;0.00091322;1.8267
-0.064256;-0.0017275;1.8336
-0.064968;-0.0044292;1.8405
-0.066119;-0.0071812;1.8474
-0.067705;-0.0099727;1.8542
-0.069718;-0.012793;1.8608
-0.072152;-0.01563;1.8674
-0.074995;-0.018474;1.8738
-0.078239;-0.021312;1.88
-0.27407;-0.013062;1.7733
-0.27014;-0.011478;1.7666
-0.26585;-0.0099172;1.7603
-0.2612;-0.0083849;1.7541
-0.25622;-0.0068874;1.7483
-0.25091;-0.0054305;1.7428
-0.24532;-0.00402;1.7376
-0.23945;-0.0026615;1.7327
-0.23333;-0.0013602;1.7283
-0.22699;-0.00012149;1.7242
-0.22044;0.0010499;1.7205
-0.21372;0.0021493;1.7172
-0.20686;0.0031725;1.7144
-0.19987;0.0041152;1.712
-0.19278;0.0049739;1.7101
-0.18564;0.0057452;1.7086
-0.17845;0.0064259;1.7076
-0.17126;0.0070135;1.7071
-0.16408;0.0075055;1.707
-0.15695;0.0079001;1.7074
-0.1499;0.0081957;1.7083
-0.14295;0.0083911;1.7096
-0.13614;0.0084856;1.7114
-0.12948;0.0084787;1.7137
-0.123;0.0083706;1.7164
-0.11674;0.0081616;1.7195
-0.11071;0.0078525;1.7231
-0.10493;0.0074447;1.7271
-0.099441;0.0069396;1.7314
-0.094253;0.0063393;1.7362
-0.089387;0.0056462;1.7412
-0.084864;0.004863;1.7467
-0.080701;0.0039927;1.7524
-0.076915;0.0030388;1.7585
-0.073521;0.0020052;1.7648
-0.070531;0.00089577;1.7713
-0.067958;-0.00028501;1.7781
-0.065813;-0.0015325;1.7851
-0.064103;-0.0028418;1.7922
-0.062835;-0.0042076;1.7995
-0.062014;-0.0056247;1.8068
-0.061644;-0.0070874;1.8143
-0.061726;-0.00859;1.8218
-0.062259;-0.010127;1.8293
-0.063242;-0.011691;1.8368
-0.06467;-0.013277;1.8443
-0.066538;-0.014878;1.8517
-0.068839;-0.016489;1.8589
-0.071564;-0.018102;1.8661
-0.074701;-0.019712;1.8731
-0.078239;-0.021312;1.88
-0.27407;-0.013062;1.7733
-0.26991;-0.012742;1.7661
-0.26538;-0.01244;1.7592
-0.2605;-0.012156;1.7526
-0.25528;-0.011893;1.7462
-0.24976;-0.01165;1.7402
-0.24394;-0.011429;1.7345
-0.23785;-0.011231;1.7291
-0.23152;-0.011056;1.7242
-0.22498;-0.010906;1.7197
-0.21824;-0.01078;1.7155
-0.21133;-0.01068;1.7119
-0.20429;-0.010605;1.7086
-0.19713;-0.010556;1.7059
-0.18989;-0.010534;1.7036
-0.1826;-0.010537;1.7018
-0.17528;-0.010567;1.7005
-0.16797;-0.010623;1.6997
-0.16069;-0.010705;1.6994
-0.15346;-0.010813;1.6995
-0.14633;-0.010945;1.7002
-0.13932;-0.011103;1.7014
-0.13245;-0.011284;1.7031
-0.12575;-0.011489;1.7053
-0.11926;-0.011716;1.708
-0.11298;-0.011965;1.7111
-0.10696;-0.012234;1.7147
-0.10121;-0.012523;1.7187
-0.095755;-0.01283;1.7231
-0.090617;-0.013154;1.728
-0.085818;-0.013495;1.7332
-0.081374;-0.01385;1.7388
-0.077305;-0.014218;1.7448
-0.073626;-0.014598;1.7511
-0.070352;-0.014988;1.7576
-0.067495;-0.015387;1.7645
-0.065067;-0.015792;1.7716
-0.063077;-0.016204;1.7789
-0.061534;-0.016619;1.7864
-0.060443;-0.017036;1.7941
-0.059808;-0.017455;1.8019
-0.059633;-0.017872;1.8097
-0.059918;-0.018286;1.8177
-0.060661;-0.018696;1.8257
-0.06186;-0.0191;1.8337
-0.06351;-0.019496;1.8416
-0.065605;-0.019884;1.8496
-0.068136;-0.02026;1.8574
-0.071093;-0.020625;1.8651
-0.074465;-0.020976;1.8726
-0.078239;-0.021312;1.88
-0.27407;-0.013062;1.7733
-0.26974;-0.014011;1.7657
-0.26503;-0.014972;1.7584
-0.25998;-0.015943;1.7513
-0.2546;-0.016918;1.7446
-0.2489;-0.017895;1.7381
-0.24292;-0.018868;1.732
-0.23668;-0.019835;1.7263
-0.2302;-0.020792;1.721
-0.2235;-0.021734;1.7161
-0.21662;-0.022658;1.7116
-0.20957;-0.023561;1.7076
-0.2024;-0.024438;1.7041
-0.19512;-0.025287;1.701
-0.18777;-0.026104;1.6985
-0.18037;-0.026886;1.6964
-0.17295;-0.02763;1.6949
-0.16555;-0.028332;1.6939
-0.15819;-0.02899;1.6934
-0.1509;-0.029602;1.6934
-0.14371;-0.030165;1.6939
-0.13665;-0.030676;1.695
-0.12974;-0.031135;1.6966
-0.12302;-0.031538;1.6987
-0.1165;-0.031884;1.7013
-0.11023;-0.032173;1.7045
-0.10421;-0.032402;1.708
-0.098474;-0.032572;1.7121
-0.093047;-0.032681;1.7166
-0.087947;-0.032728;1.7216
-0.083196;-0.032714;1.7269
-0.078811;-0.032639;1.7327
-0.074811;-0.032503;1.7388
-0.07121;-0.032307;1.7453
-0.068024;-0.03205;1.7521
-0.065264;-0.031736;1.7591
-0.062942;-0.031363;1.7665
-0.061067;-0.030935;1.7741
-0.059646;-0.030453;1.7819
-0.058685;-0.029918;1.7899
-0.058188;-0.029333;1.798
-0.058156;-0.0287;1.8062
-0.058589;-0.028021;1.8145
-0.059487;-0.0273;1.8229
-0.060845;-0.026539;1.8312
-0.062658;-0.025741;1.8396
-0.064919;-0.024909;1.8479
-0.067619;-0.024047;1.8561
-0.070748;-0.023158;1.8642
-0.074292;-0.022245;1.8722
-0.078239;-0.021312;1.88
-0.27407;-0.013062;1.7733
-0.26963;-0.015265;1.7654
-0.26482;-0.017476;1.7578
-0.25966;-0.019685;1.7504
-0.25417;-0.021885;1.7434
-0.24837;-0.024066;1.7367
-0.24229;-0.02622;1.7303
-0.23595;-0.028339;1.7243
-0.22937;-0.030413;1.7187
-0.22258;-0.032435;1.7136
-0.21561;-0.034398;1.7089
-0.20848;-0.036292;1.7046
-0.20122;-0.03811;1.7009
-0.19387;-0.039847;1.6976
-0.18645;-0.041493;1.6949
-0.17898;-0.043044;1.6926
-0.1715;-0.044493;1.6909
-0.16405;-0.045834;1.6897
-0.15664;-0.047062;1.6891
-0.1493;-0.048172;1.689
-0.14208;-0.049159;1.6895
-0.13498;-0.050021;1.6905
-0.12805;-0.050753;1.692
-0.12131;-0.051352;1.6941
-0.11479;-0.051817;1.6967
-0.10851;-0.052145;1.6998
-0.10249;-0.052335;1.7034
-0.09677;-0.052387;1.7074
-0.09136;-0.052299;1.712
-0.086284;-0.052073;1.717
-0.081562;-0.051709;1.7225
-0.077214;-0.051209;1.7283
-0.073257;-0.050574;1.7345
-0.069705;-0.049808;1.7412
-0.066574;-0.048913;1.7481
-0.063875;-0.047893;1.7553
-0.061619;-0.046752;1.7629
-0.059815;-0.045494;1.7707
-0.058471;-0.044125;1.7787
-0.057591;-0.042649;1.7869
-0.057178;-0.041072;1.7952
-0.057236;-0.039401;1.8037
-0.057762;-0.037643;1.8122
-0.058756;-0.035804;1.8209
-0.060213;-0.033891;1.8295
-0.062128;-0.031913;1.8381
-0.064492;-0.029876;1.8467
-0.067298;-0.027789;1.8552
-0.070533;-0.025661;1.8636
-0.074184;-0.023499;1.8719
-0.078239;-0.021312;1.88
-0.27407;-0.013062;1.7733
-0.26959;-0.016484;1.7652
-0.26474;-0.01991;1.7574
-0.25954;-0.023324;1.7499
-0.25401;-0.026715;1.7427
-0.24817;-0.030068;1.7358
-0.24205;-0.03337;1.7293
-0.23567;-0.036608;1.7232
-0.22906;-0.039769;1.7174
-0.22223;-0.042842;1.7121
-0.21523;-0.045813;1.7073
-0.20807;-0.048671;1.7029
-0.20078;-0.051405;1.699
-0.1934;-0.054004;1.6957
-0.18594;-0.056457;1.6928
-0.17845;-0.058756;1.6904
-0.17096;-0.06089;1.6886
-0.16348;-0.062852;1.6874
-0.15605;-0.064634;1.6867
-0.1487;-0.066229;1.6865
-0.14146;-0.06763;1.6869
-0.13435;-0.068832;1.6879
-0.12742;-0.06983;1.6894
-0.12067;-0.07062;1.6914
-0.11414;-0.0712;1.694
-0.10786;-0.071566;1.6971
-0.10185;-0.071718;1.7007
-0.096125;-0.071654;1.7048
-0.090721;-0.071376;1.7094
-0.085654;-0.070883;1.7144
-0.080944;-0.070179;1.7199
-0.07661;-0.069266;1.7258
-0.072668;-0.068147;1.7321
-0.069135;-0.066827;1.7388
-0.066025;-0.065311;1.7458
-0.063349;-0.063605;1.7532
-0.061118;-0.061716;1.7608
-0.059341;-0.059651;1.7687
-0.058026;-0.057419;1.7768
-0.057176;-0.055028;1.7851
-0.056796;-0.052487;1.7936
-0.056887;-0.049808;1.8022
-0.057449;-0.046999;1.811
-0.058479;-0.044073;1.8197
-0.059974;-0.041041;1.8285
-0.061927;-0.037914;1.8373
-0.064331;-0.034706;1.8461
-0.067176;-0.031429;1.8547
-0.070451;-0.028095;1.8633
-0.074144;-0.024718;1.8717
-0.078239;-0.021312;1.88
-0.27407;-0.013062;1.7733
-0.26961;-0.01765;1.7652
-0.26479;-0.022236;1.7574
-0.25962;-0.026803;1.7498
-0.25411;-0.031331;1.7426
-0.2483;-0.035804;1.7356
-0.24221;-0.040203;1.7291
-0.23585;-0.044512;1.7229
-0.22926;-0.048712;1.7171
-0.22246;-0.052788;1.7118
-0.21548;-0.056724;1.7069
-0.20834;-0.060504;1.7025
-0.20107;-0.064112;1.6986
-0.19371;-0.067536;1.6952
-0.18627;-0.07076;1.6923
-0.1788;-0.073774;1.6899
-0.17132;-0.076564;1.6881
-0.16385;-0.079119;1.6868
-0.15643;-0.081431;1.6861
-0.1491;-0.083488;1.6859
-0.14186;-0.085284;1.6863
-0.13477;-0.086812;1.6872
-0.12783;-0.088064;1.6887
-0.12109;-0.089037;1.6908
-0.11457;-0.089726;1.6933
-0.10829;-0.090129;1.6964
-0.10227;-0.090244;1.7
-0.096548;-0.090071;1.7041
-0.09114;-0.08961;1.7087
-0.086067;-0.088863;1.7138
-0.08135;-0.087834;1.7193
-0.077006;-0.086526;1.7252
-0.073054;-0.084943;1.7315
-0.069509;-0.083094;1.7382
-0.066385;-0.080985;1.7453
-0.063694;-0.078623;1.7526
-0.061447;-0.076019;1.7603
-0.059652;-0.073183;1.7682
-0.058318;-0.070126;1.7764
-0.057448;-0.066861;1.7847
-0.057047;-0.063399;1.7932
-0.057116;-0.059754;1.8019
-0.057654;-0.055942;1.8106
-0.058661;-0.051977;1.8194
-0.060131;-0.047874;1.8283
-0.062058;-0.043651;1.8371
-0.064437;-0.039322;1.8459
-0.067256;-0.034907;1.8546
-0.070505;-0.030422;1.8632
-0.07417;-0.025884;1.8717
-0.078239;-0.021312;1.88
-0.27407;-0.013062;1.7733
-0.26971;-0.018743;1.7653
-0.26498;-0.024419;1.7575
-0.2599;-0.030066;1.7501
-0.25449;-0.035662;1.7429
-0.24877;-0.041185;1.7361
-0.24276;-0.046613;1.7296
-0.23649;-0.051926;1.7235
-0.22998;-0.057101;1.7178
-0.22326;-0.062119;1.7126
-0.21636;-0.066959;1.7077
-0.20929;-0.071603;1.7034
-0.2021;-0.076032;1.6995
-0.1948;-0.080229;1.6962
-0.18743;-0.084177;1.6934
-0.18001;-0.087861;1.6911
-0.17258;-0.091266;1.6893
-0.16516;-0.094378;1.688
-0.15779;-0.097186;1.6874
-0.15049;-0.099678;1.6872
-0.14329;-0.10185;1.6876
-0.13622;-0.10368;1.6886
-0.12931;-0.10517;1.6901
-0.12258;-0.10631;1.6921
-0.11606;-0.1071;1.6947
-0.10978;-0.10754;1.6978
-0.10377;-0.10762;1.7014
-0.098034;-0.10735;1.7055
-0.09261;-0.10671;1.7101
-0.087517;-0.10573;1.7151
-0.082773;-0.10439;1.7206
-0.078398;-0.10272;1.7265
-0.074409;-0.1007;1.7328
-0.070821;-0.098353;1.7394
-0.067649;-0.095687;1.7464
-0.064905;-0.09271;1.7538
-0.0626;-0.089436;1.7614
-0.060744;-0.085877;1.7692
-0.059342;-0.082046;1.7773
-0.058402;-0.07796;1.7856
-0.057927;-0.073634;1.7941
-0.057918;-0.069085;1.8026
-0.058375;-0.064331;1.8113
-0.059298;-0.059391;1.82
-0.060682;-0.054284;1.8288
-0.062521;-0.049031;1.8375
-0.064809;-0.043653;1.8463
-0.067536;-0.03817;1.8549
-0.070692;-0.032604;1.8634
-0.074264;-0.026977;1.8718
-0.078239;-0.021312;1.88
-0.27407;-0.013062;1.7733
-0.26987;-0.019747;1.7655
-0.2653;-0.026423;1.758
-0.26037;-0.033061;1.7507
-0.25512;-0.039638;1.7438
-0.24955;-0.046125;1.7371
-0.2437;-0.052499;1.7309
-0.23757;-0.058733;1.725
-0.23121;-0.064803;1.7195
-0.22462;-0.070685;1.7144
-0.21785;-0.076356;1.7098
-0.21091;-0.081794;1.7056
-0.20384;-0.086977;1.7019
-0.19665;-0.091884;1.6987
-0.18939;-0.096496;1.696
-0.18207;-0.1008;1.6938
-0.17473;-0.10477;1.6922
-0.16739;-0.10839;1.691
-0.16009;-0.11165;1.6905
-0.15285;-0.11454;1.6904
-0.14571;-0.11705;1.6909
-0.13868;-0.11916;1.6919
-0.1318;-0.12087;1.6935
-0.1251;-0.12217;1.6955
-0.1186;-0.12306;1.6981
-0.11233;-0.12353;1.7012
-0.1063;-0.12358;1.7048
-0.10056;-0.12321;1.7089
-0.095109;-0.12242;1.7135
-0.089981;-0.12121;1.7184
-0.085192;-0.1196;1.7239
-0.080763;-0.11758;1.7297
-0.07671;-0.11517;1.7359
-0.07305;-0.11236;1.7425
-0.069797;-0.10919;1.7493
-0.066963;-0.10565;1.7565
-0.06456;-0.10176;1.764
-0.062598;-0.097532;1.7717
-0.061084;-0.092991;1.7797
-0.060024;-0.088151;1.7878
-0.059422;-0.083031;1.7961
-0.059281;-0.077651;1.8045
-0.059601;-0.072033;1.813
-0.060381;-0.066198;1.8215
-0.061618;-0.06017;1.8301
-0.063307;-0.053972;1.8386
-0.065441;-0.047629;1.8471
-0.068013;-0.041166;1.8555
-0.071011;-0.034608;1.8638
-0.074424;-0.027981;1.872
-0.078239;-0.021312;1.88
-0.27407;-0.013062;1.7733
-0.27009;-0.020646;1.7658
-0.26574;-0.028216;1.7586
-0.26104;-0.035743;1.7517
-0.256;-0.043197;1.7451
-0.25065;-0.050548;1.7388
-0.245;-0.057767;1.7328
-0.23908;-0.064826;1.7273
-0.23292;-0.071697;1.7221
-0.22653;-0.078354;1.7173
-0.21994;-0.084768;1.7129
-0.21318;-0.090916;1.709
-0.20627;-0.096773;1.7056
-0.19924;-0.10232;1.7026
-0.19212;-0.10752;1.7002
-0.18494;-0.11237;1.6982
-0.17772;-0.11685;1.6967
-0.1705;-0.12093;1.6958
-0.1633;-0.1246;1.6954
-0.15615;-0.12785;1.6954
-0.14908;-0.13066;1.696
-0.14212;-0.13302;1.6972
-0.13529;-0.13493;1.6988
-0.12862;-0.13637;1.7009
-0.12214;-0.13734;1.7035
-0.11588;-0.13784;1.7067
-0.10985;-0.13786;1.7102
-0.10408;-0.13741;1.7143
-0.098596;-0.13648;1.7188
-0.093419;-0.13508;1.7237
-0.088569;-0.13321;1.729
-0.084064;-0.13089;1.7347
-0.079923;-0.12811;1.7408
-0.076161;-0.1249;1.7472
-0.072794;-0.12127;1.7539
-0.069835;-0.11722;1.7609
-0.067296;-0.11278;1.7682
-0.065186;-0.10796;1.7757
-0.063514;-0.10279;1.7834
-0.062287;-0.097273;1.7913
-0.061509;-0.091443;1.7993
-0.061183;-0.085319;1.8074
-0.061311;-0.078927;1.8156
-0.061893;-0.072291;1.8238
-0.062925;-0.065438;1.8321
-0.064404;-0.058394;1.8403
-0.066324;-0.051188;1.8485
-0.068678;-0.043847;1.8565
-0.071456;-0.036401;1.8645
-0.074647;-0.02888;1.8723
-0.078239;-0.021312;1.88
-0.27407;-0.013062;1.7733
-0.27037;-0.021425;1.7663
-0.26631;-0.029771;1.7596
-0.26188;-0.038068;1.7531
-0.25712;-0.046282;1.7469
-0.25204;-0.054382;1.7411
-0.24666;-0.062335;1.7355
-0.241;-0.070109;1.7304
-0.23509;-0.077675;1.7256
-0.22894;-0.085002;1.7212
-0.22258;-0.092061;1.7172
-0.21604;-0.098825;1.7137
-0.20935;-0.10527;1.7106
-0.20252;-0.11136;1.708
-0.19559;-0.11708;1.7058
-0.18858;-0.12241;1.7041
-0.18153;-0.12732;1.7029
-0.17445;-0.1318;1.7022
-0.16738;-0.13583;1.702
-0.16034;-0.13939;1.7022
-0.15336;-0.14246;1.703
-0.14648;-0.14504;1.7042
-0.13971;-0.14712;1.706
-0.13309;-0.14868;1.7082
-0.12664;-0.14973;1.7108
-0.12038;-0.15025;1.714
-0.11434;-0.15025;1.7175
-0.10854;-0.14972;1.7215
-0.10302;-0.14867;1.7259
-0.097779;-0.14709;1.7308
-0.09285;-0.14501;1.736
-0.088249;-0.14242;1.7415
-0.083995;-0.13934;1.7474
-0.080105;-0.13578;1.7536
-0.076594;-0.13175;1.7601
-0.073476;-0.12726;1.7668
-0.070764;-0.12234;1.7738
-0.068467;-0.11701;1.781
-0.066595;-0.11128;1.7884
-0.065156;-0.10518;1.7959
-0.064154;-0.098736;1.8036
-0.063595;-0.091968;1.8113
-0.06348;-0.084905;1.8191
-0.063809;-0.077574;1.8269
-0.064582;-0.070006;1.8347
-0.065795;-0.062229;1.8425
-0.067444;-0.054274;1.8503
-0.069521;-0.046172;1.8579
-0.07202;-0.037957;1.8654
-0.07493;-0.029659;1.8728
-0.078239;-0.021312;1.88
-0.27407;-0.013062;1.7733
-0.27071;-0.022072;1.7669
-0.26698;-0.031063;1.7607
-0.26289;-0.04;1.7548
-0.25846;-0.048846;1.7492
-0.2537;-0.057568;1.7439
-0.24864;-0.06613;1.7389
-0.24329;-0.074499;1.7342
-0.23768;-0.082642;1.73
-0.23182;-0.090526;1.7261
-0.22575;-0.098121;1.7226
-0.21947;-0.1054;1.7195
-0.21303;-0.11232;1.7168
-0.20644;-0.11888;1.7146
-0.19974;-0.12503;1.7128
-0.19294;-0.13075;1.7115
-0.18607;-0.13603;1.7106
-0.17916;-0.14084;1.7101
-0.17224;-0.14516;1.7102
-0.16534;-0.14897;1.7107
-0.15848;-0.15227;1.7116
-0.15169;-0.15503;1.713
-0.145;-0.15725;1.7149
-0.13843;-0.15891;1.7172
-0.13201;-0.16002;1.7199
-0.12576;-0.16056;1.723
-0.11971;-0.16053;1.7266
-0.11388;-0.15995;1.7305
-0.1083;-0.15879;1.7349
-0.10299;-0.15708;1.7396
-0.097967;-0.15482;1.7446
-0.093252;-0.15201;1.7499
-0.088864;-0.14867;1.7556
-0.08482;-0.14481;1.7615
-0.081137;-0.14045;1.7677
-0.077829;-0.1356;1.7742
-0.074909;-0.13029;1.7808
-0.072389;-0.12452;1.7876
-0.070278;-0.11834;1.7946
-0.068585;-0.11175;1.8017
-0.067317;-0.1048;1.8089
-0.066478;-0.097492;1.8162
-0.066072;-0.089872;1.8235
-0.0661;-0.081964;1.8308
-0.066563;-0.073801;1.8381
-0.067458;-0.065414;1.8453
-0.068782;-0.056837;1.8525
-0.07053;-0.048104;1.8596
-0.072694;-0.039249;1.8666
-0.075267;-0.030306;1.8734
-0.078239;-0.021312;1.88
