-1.7521;-0.58042;1.9307
-1.7471;-0.5831;1.934
-1.7422;-0.5854;1.9377
-1.7374;-0.58729;1.9419
-1.7327;-0.58878;1.9466
-1.7282;-0.58985;1.9516
-1.7238;-0.59051;1.957
-1.7197;-0.59075;1.9628
-1.7157;-0.59057;1.969
-1.7119;-0.58997;1.9755
-1.7084;-0.58896;1.9823
-1.7051;-0.58753;1.9893
-1.7021;-0.5857;1.9966
-1.6994;-0.58347;2.0041
-1.6969;-0.58085;2.0118
-1.6947;-0.57784;2.0196
-1.6929;-0.57447;2.0276
-1.6913;-0.57074;2.0357
-1.69;-0.56668;2.0438
-1.6891;-0.56229;2.0519
-1.6884;-0.55759;2.0601
-1.6881;-0.5526;2.0682
-1.6882;-0.54734;2.0762
-1.6885;-0.54184;2.0842
-1.6892;-0.53611;2.092
-1.6902;-0.53017;2.0996
-1.6915;-0.52406;2.1071
-1.6931;-0.51779;2.1143
-1.695;-0.51138;2.1213
-1.6972;-0.50487;2.128
-1.6998;-0.49829;2.1344
-1.7025;-0.49164;2.1405
-1.7056;-0.48497;2.1462
-1.7089;-0.4783;2.1515
-1.7125;-0.47165;2.1565
-1.7162;-0.46505;2.161
-1.7202;-0.45852;2.1651
-1.7244;-0.4521;2.1687
-1.7288;-0.44581;2.1719
-1.7334;-0.43967;2.1746
-1.738;-0.43371;2.1768
-1.7429;-0.42795;2.1786
-1.7478;-0.42241;2.1798
-1.7528;-0.41711;2.1805
-1.7579;-0.41208;2.1807
-1.763;-0.40734;2.1804
-1.7682;-0.4029;2.1795
-1.7733;-0.39879;2.1782
-1.7785;-0.39501;2.1763
-1.7836;-0.39158;2.174
-1.7887;-0.38852;2.1712
-1.7521;-0.58042;1.9307
-1.7477;-0.58367;1.9343
-1.7434;-0.58653;1.9384
-1.7392;-0.58898;1.943
-1.7351;-0.59103;1.948
-1.7312;-0.59265;1.9534
-1.7274;-0.59384;1.9592
-1.7238;-0.59461;1.9653
-1.7204;-0.59493;1.9718
-1.7171;-0.59483;1.9786
-1.7141;-0.59428;1.9856
-1.7113;-0.59331;1.993
-1.7088;-0.5919;2.0005
-1.7065;-0.59007;2.0083
-1.7044;-0.58782;2.0162
-1.7026;-0.58517;2.0243
-1.7011;-0.58212;2.0324
-1.6998;-0.57868;2.0407
-1.6988;-0.57487;2.049
-1.6981;-0.5707;2.0573
-1.6977;-0.5662;2.0655
-1.6976;-0.56137;2.0737
-1.6977;-0.55624;2.0819
-1.6982;-0.55082;2.0898
-1.6989;-0.54514;2.0977
-1.6999;-0.53923;2.1054
-1.7012;-0.53309;2.1128
-1.7027;-0.52677;2.12
-1.7046;-0.52028;2.1269
-1.7067;-0.51364;2.1335
-1.709;-0.5069;2.1398
-1.7116;-0.50006;2.1458
-1.7144;-0.49316;2.1514
-1.7174;-0.48623;2.1566
-1.7207;-0.47929;2.1613
-1.7241;-0.47237;2.1656
-1.7277;-0.4655;2.1695
-1.7315;-0.4587;2.1729
-1.7355;-0.45201;2.1759
-1.7395;-0.44544;2.1783
-1.7438;-0.43903;2.1802
-1.7481;-0.4328;2.1816
-1.7525;-0.42677;2.1825
-1.7569;-0.42097;2.1829
-1.7614;-0.41542;2.1828
-1.766;-0.41014;2.1821
-1.7706;-0.40515;2.181
-1.7751;-0.40048;2.1793
-1.7797;-0.39614;2.1771
-1.7842;-0.39215;2.1744
-1.7887;-0.38852;2.1712
-1.7521;-0.58042;1.9307
-1.7484;-0.58419;1.9346
-1.7447;-0.58756;1.9391
-1.7412;-0.59052;1.9439
-1.7378;-0.59306;1.9492
-1.7345;-0.59518;1.9549
-1.7314;-0.59686;1.961
-1.7284;-0.59809;1.9674
-1.7256;-0.59888;1.9741
-1.723;-0.59921;1.9812
-1.7205;-0.5991;1.9885
-1.7182;-0.59853;1.9961
-1.7162;-0.59751;2.0039
-1.7144;-0.59604;2.0118
-1.7127;-0.59413;2.02
-1.7114;-0.59179;2.0282
-1.7102;-0.58903;2.0366
-1.7093;-0.58586;2.045
-1.7086;-0.58228;2.0534
-1.7082;-0.57832;2.0618
-1.708;-0.57399;2.0702
-1.708;-0.5693;2.0785
-1.7083;-0.56428;2.0867
-1.7089;-0.55895;2.0947
-1.7097;-0.55332;2.1026
-1.7107;-0.54742;2.1102
-1.712;-0.54127;2.1177
-1.7135;-0.5349;2.1248
-1.7152;-0.52832;2.1317
-1.7171;-0.52158;2.1383
-1.7193;-0.51469;2.1445
-1.7216;-0.50768;2.1503
-1.7242;-0.50057;2.1558
-1.7269;-0.49341;2.1608
-1.7298;-0.48621;2.1654
-1.7329;-0.479;2.1696
-1.7361;-0.47181;2.1733
-1.7394;-0.46467;2.1765
-1.7429;-0.45762;2.1792
-1.7465;-0.45066;2.1814
-1.7501;-0.44385;2.1831
-1.7539;-0.43719;2.1843
-1.7577;-0.43071;2.1849
-1.7615;-0.42445;2.185
-1.7654;-0.41843;2.1846
-1.7693;-0.41267;2.1836
-1.7733;-0.40719;2.1822
-1.7772;-0.40202;2.1802
-1.7811;-0.39717;2.1777
-1.7849;-0.39266;2.1747
-1.7887;-0.38852;2.1712
-1.7521;-0.58042;1.9307
-1.7491;-0.58464;1.9349
-1.7462;-0.58846;1.9396
-1.7434;-0.59187;1.9447
-1.7407;-0.59485;1.9502
-1.7382;-0.5974;1.9561
-1.7357;-0.59951;1.9624
-1.7334;-0.60116;1.9691
-1.7313;-0.60235;1.976
-1.7293;-0.60307;1.9833
-1.7274;-0.60333;1.9908
-1.7257;-0.60312;1.9986
-1.7242;-0.60243;2.0066
-1.7229;-0.60129;2.0147
-1.7218;-0.59968;2.023
-1.7209;-0.59762;2.0314
-1.7201;-0.59511;2.0399
-1.7196;-0.59216;2.0484
-1.7193;-0.58879;2.057
-1.7191;-0.58501;2.0655
-1.7192;-0.58083;2.0739
-1.7194;-0.57627;2.0823
-1.7199;-0.57135;2.0905
-1.7206;-0.56609;2.0986
-1.7214;-0.5605;2.1065
-1.7225;-0.55462;2.1142
-1.7237;-0.54845;2.1216
-1.7252;-0.54204;2.1288
-1.7268;-0.53539;2.1356
-1.7285;-0.52855;2.1421
-1.7305;-0.52153;2.1483
-1.7326;-0.51437;2.154
-1.7348;-0.50709;2.1594
-1.7372;-0.49971;2.1643
-1.7397;-0.49228;2.1688
-1.7424;-0.48482;2.1728
-1.7451;-0.47736;2.1763
-1.748;-0.46992;2.1794
-1.7509;-0.46254;2.1819
-1.754;-0.45525;2.1839
-1.757;-0.44808;2.1854
-1.7602;-0.44104;2.1864
-1.7633;-0.43418;2.1868
-1.7665;-0.42752;2.1867
-1.7698;-0.42108;2.186
-1.773;-0.41489;2.1849
-1.7762;-0.40898;2.1831
-1.7794;-0.40337;2.1809
-1.7825;-0.39807;2.1782
-1.7856;-0.39312;2.1749
-1.7887;-0.38852;2.1712
-1.7521;-0.58042;1.9307
-1.7499;-0.58502;1.9351
-1.7478;-0.58922;1.9399
-1.7458;-0.59301;1.9452
-1.7438;-0.59637;1.9509
-1.742;-0.59929;1.957
-1.7403;-0.60175;1.9635
-1.7388;-0.60375;1.9703
-1.7373;-0.60528;1.9774
-1.736;-0.60634;1.9849
-1.7348;-0.60691;1.9926
-1.7337;-0.607;2.0005
-1.7328;-0.6066;2.0086
-1.7321;-0.60573;2.0169
-1.7315;-0.60437;2.0253
-1.731;-0.60255;2.0338
-1.7307;-0.60025;2.0424
-1.7306;-0.5975;2.051
-1.7306;-0.59431;2.0596
-1.7308;-0.59068;2.0682
-1.7311;-0.58663;2.0767
-1.7316;-0.58217;2.0852
-1.7322;-0.57734;2.0934
-1.733;-0.57213;2.1015
-1.7339;-0.56658;2.1095
-1.735;-0.56071;2.1171
-1.7362;-0.55453;2.1246
-1.7376;-0.54808;2.1317
-1.7391;-0.54138;2.1385
-1.7407;-0.53445;2.145
-1.7424;-0.52733;2.1511
-1.7442;-0.52003;2.1568
-1.7462;-0.5126;2.162
-1.7482;-0.50505;2.1669
-1.7503;-0.49743;2.1713
-1.7525;-0.48975;2.1752
-1.7548;-0.48205;2.1786
-1.7571;-0.47436;2.1815
-1.7595;-0.46671;2.1839
-1.7619;-0.45914;2.1858
-1.7644;-0.45166;2.1871
-1.7669;-0.44431;2.188
-1.7694;-0.43712;2.1882
-1.7719;-0.43011;2.1879
-1.7744;-0.42332;2.1871
-1.7769;-0.41678;2.1858
-1.7793;-0.4105;2.1839
-1.7817;-0.40451;2.1815
-1.7841;-0.39883;2.1785
-1.7864;-0.3935;2.1751
-1.7887;-0.38852;2.1712
-1.7521;-0.58042;1.9307
-1.7507;-0.58533;1.9352
-1.7494;-0.58984;1.9402
-1.7482;-0.59393;1.9456
-1.7471;-0.59758;1.9514
-1.7461;-0.6008;1.9576
-1.7451;-0.60355;1.9642
-1.7443;-0.60583;1.9711
-1.7436;-0.60764;1.9784
-1.743;-0.60896;1.9859
-1.7425;-0.60978;1.9937
-1.7421;-0.61011;2.0017
-1.7418;-0.60995;2.0099
-1.7416;-0.60929;2.0183
-1.7415;-0.60814;2.0268
-1.7416;-0.6065;2.0354
-1.7418;-0.60438;2.044
-1.742;-0.60179;2.0527
-1.7424;-0.59873;2.0614
-1.7429;-0.59522;2.07
-1.7435;-0.59128;2.0786
-1.7442;-0.58691;2.087
-1.7451;-0.58214;2.0953
-1.746;-0.57698;2.1034
-1.747;-0.57146;2.1114
-1.7481;-0.5656;2.1191
-1.7493;-0.55941;2.1265
-1.7506;-0.55293;2.1336
-1.7519;-0.54618;2.1404
-1.7533;-0.53919;2.1468
-1.7548;-0.53198;2.1529
-1.7564;-0.52458;2.1585
-1.758;-0.51702;2.1638
-1.7597;-0.50934;2.1686
-1.7614;-0.50155;2.1729
-1.7631;-0.4937;2.1767
-1.7649;-0.48582;2.1801
-1.7667;-0.47793;2.1829
-1.7685;-0.47006;2.1852
-1.7703;-0.46225;2.187
-1.7721;-0.45453;2.1883
-1.7739;-0.44693;2.189
-1.7757;-0.43947;2.1891
-1.7774;-0.4322;2.1888
-1.7792;-0.42512;2.1878
-1.7809;-0.41829;2.1864
-1.7826;-0.41171;2.1844
-1.7842;-0.40542;2.1818
-1.7857;-0.39945;2.1788
-1.7872;-0.39381;2.1752
-1.7887;-0.38852;2.1712
-1.7521;-0.58042;1.9307
-1.7515;-0.58556;1.9352
-1.7511;-0.59029;1.9403
-1.7507;-0.5946;1.9457
-1.7504;-0.59848;1.9516
-1.7502;-0.60191;1.9579
-1.7501;-0.60488;1.9645
-1.75;-0.60737;1.9715
-1.7501;-0.60938;1.9788
-1.7502;-0.61089;1.9863
-1.7504;-0.6119;1.9942
-1.7506;-0.61242;2.0022
-1.751;-0.61242;2.0105
-1.7514;-0.61192;2.0189
-1.7519;-0.61092;2.0274
-1.7525;-0.60942;2.036
-1.7531;-0.60743;2.0447
-1.7538;-0.60495;2.0534
-1.7546;-0.602;2.0621
-1.7554;-0.59858;2.0708
-1.7563;-0.59471;2.0794
-1.7573;-0.59041;2.0878
-1.7583;-0.58569;2.0961
-1.7593;-0.58056;2.1043
-1.7604;-0.57506;2.1122
-1.7615;-0.56921;2.1199
-1.7627;-0.56301;2.1273
-1.7639;-0.55651;2.1344
-1.7651;-0.54973;2.1412
-1.7664;-0.54268;2.1476
-1.7676;-0.53541;2.1537
-1.7689;-0.52793;2.1593
-1.7702;-0.52029;2.1645
-1.7714;-0.5125;2.1693
-1.7727;-0.5046;2.1736
-1.774;-0.49663;2.1774
-1.7752;-0.4886;2.1807
-1.7765;-0.48056;2.1835
-1.7777;-0.47253;2.1858
-1.7788;-0.46455;2.1876
-1.78;-0.45665;2.1888
-1.7811;-0.44886;2.1894
-1.7821;-0.44121;2.1895
-1.7832;-0.43373;2.1891
-1.7841;-0.42645;2.1881
-1.785;-0.4194;2.1866
-1.7859;-0.41261;2.1846
-1.7867;-0.4061;2.182
-1.7874;-0.3999;2.1789
-1.7881;-0.39403;2.1753
-1.7887;-0.38852;2.1712
-1.7521;-0.58042;1.9307
-1.7524;-0.5857;1.9352
-1.7528;-0.59057;1.9402
-1.7533;-0.59503;1.9457
-1.7538;-0.59905;1.9515
-1.7544;-0.60262;1.9578
-1.7551;-0.60572;1.9644
-1.7558;-0.60834;1.9714
-1.7566;-0.61047;1.9787
-1.7574;-0.61211;1.9862
-1.7583;-0.61324;1.994
-1.7593;-0.61387;2.0021
-1.7603;-0.61398;2.0103
-1.7613;-0.61358;2.0187
-1.7623;-0.61268;2.0272
-1.7634;-0.61126;2.0358
-1.7646;-0.60935;2.0445
-1.7657;-0.60694;2.0532
-1.7669;-0.60405;2.0619
-1.768;-0.60069;2.0705
-1.7692;-0.59687;2.0791
-1.7704;-0.59261;2.0876
-1.7716;-0.58792;2.0959
-1.7728;-0.58282;2.104
-1.7739;-0.57733;2.112
-1.7751;-0.57148;2.1196
-1.7762;-0.56528;2.1271
-1.7774;-0.55877;2.1342
-1.7784;-0.55196;2.141
-1.7795;-0.54489;2.1474
-1.7805;-0.53757;2.1534
-1.7815;-0.53005;2.1591
-1.7824;-0.52235;2.1643
-1.7833;-0.51449;2.1691
-1.7842;-0.50652;2.1734
-1.785;-0.49847;2.1772
-1.7857;-0.49035;2.1805
-1.7863;-0.48222;2.1833
-1.7869;-0.47409;2.1856
-1.7875;-0.466;2.1874
-1.788;-0.45799;2.1886
-1.7884;-0.45008;2.1893
-1.7887;-0.44231;2.1894
-1.7889;-0.4347;2.189
-1.7891;-0.42729;2.188
-1.7892;-0.42011;2.1865
-1.7893;-0.41318;2.1845
-1.7892;-0.40653;2.1819
-1.7891;-0.40018;2.1789
-1.7889;-0.39418;2.1753
-1.7887;-0.38852;2.1712
-1.7521;-0.58042;1.9307
-1.7532;-0.58576;1.9351
-1.7545;-0.59069;1.9401
-1.7558;-0.5952;1.9454
-1.7572;-0.59927;1.9512
-1.7586;-0.60289;1.9574
-1.7601;-0.60605;1.9639
-1.7616;-0.60872;1.9708
-1.7631;-0.61091;1.978
-1.7647;-0.61259;1.9855
-1.7663;-0.61377;1.9932
-1.7679;-0.61444;2.0012
-1.7695;-0.6146;2.0094
-1.7711;-0.61424;2.0177
-1.7727;-0.61337;2.0262
-1.7744;-0.61199;2.0348
-1.776;-0.61011;2.0434
-1.7775;-0.60773;2.052
-1.7791;-0.60487;2.0607
-1.7806;-0.60153;2.0693
-1.782;-0.59773;2.0778
-1.7835;-0.59348;2.0863
-1.7848;-0.5888;2.0946
-1.7862;-0.58372;2.1027
-1.7874;-0.57823;2.1106
-1.7886;-0.57238;2.1183
-1.7897;-0.56618;2.1257
-1.7907;-0.55966;2.1328
-1.7917;-0.55285;2.1396
-1.7926;-0.54576;2.1461
-1.7934;-0.53843;2.1522
-1.7941;-0.53089;2.1578
-1.7947;-0.52316;2.1631
-1.7952;-0.51528;2.1679
-1.7956;-0.50728;2.1723
-1.7959;-0.49919;2.1761
-1.7961;-0.49105;2.1795
-1.7962;-0.48287;2.1824
-1.7962;-0.47471;2.1847
-1.7961;-0.46658;2.1865
-1.7959;-0.45852;2.1878
-1.7956;-0.45056;2.1886
-1.7952;-0.44274;2.1888
-1.7947;-0.43508;2.1884
-1.7941;-0.42762;2.1876
-1.7934;-0.42038;2.1861
-1.7926;-0.4134;2.1842
-1.7918;-0.40669;2.1817
-1.7908;-0.4003;2.1787
-1.7898;-0.39423;2.1752
-1.7887;-0.38852;2.1712
-1.7521;-0.58042;1.9307
-1.7541;-0.58572;1.935
-1.7561;-0.59063;1.9398
-1.7583;-0.59511;1.945
-1.7605;-0.59915;1.9506
-1.7627;-0.60274;1.9566
-1.7649;-0.60587;1.963
-1.7672;-0.60852;1.9698
-1.7695;-0.61067;1.9769
-1.7718;-0.61233;1.9842
-1.774;-0.61349;1.9918
-1.7763;-0.61413;1.9997
-1.7785;-0.61426;2.0077
-1.7808;-0.61389;2.016
-1.7829;-0.613;2.0243
-1.785;-0.6116;2.0328
-1.7871;-0.6097;2.0414
-1.7891;-0.60731;2.0499
-1.791;-0.60443;2.0585
-1.7929;-0.60108;2.0671
-1.7946;-0.59727;2.0756
-1.7963;-0.59301;2.084
-1.7978;-0.58833;2.0922
-1.7993;-0.58323;2.1003
-1.8006;-0.57775;2.1082
-1.8018;-0.5719;2.1159
-1.8029;-0.5657;2.1233
-1.8039;-0.55918;2.1305
-1.8047;-0.55237;2.1373
-1.8054;-0.54529;2.1438
-1.8059;-0.53797;2.1499
-1.8063;-0.53044;2.1556
-1.8066;-0.52272;2.1609
-1.8067;-0.51486;2.1658
-1.8067;-0.50688;2.1702
-1.8066;-0.4988;2.1742
-1.8063;-0.49067;2.1777
-1.8058;-0.48252;2.1806
-1.8052;-0.47437;2.1831
-1.8045;-0.46627;2.185
-1.8037;-0.45823;2.1864
-1.8027;-0.4503;2.1873
-1.8016;-0.44251;2.1876
-1.8003;-0.43488;2.1874
-1.799;-0.42744;2.1867
-1.7975;-0.42023;2.1854
-1.7959;-0.41328;2.1836
-1.7942;-0.4066;2.1812
-1.7925;-0.40024;2.1784
-1.7906;-0.3942;2.175
-1.7887;-0.38852;2.1712
-1.7521;-0.58042;1.9307
-1.7549;-0.58561;1.9348
-1.7577;-0.59039;1.9393
-1.7607;-0.59476;1.9443
-1.7636;-0.59869;1.9498
-1.7666;-0.60217;1.9556
-1.7696;-0.60518;1.9618
-1.7726;-0.60772;1.9683
-1.7756;-0.60978;1.9752
-1.7786;-0.61133;1.9824
-1.7815;-0.61239;1.9898
-1.7844;-0.61294;1.9975
-1.7872;-0.61299;2.0054
-1.79;-0.61253;2.0135
-1.7927;-0.61156;2.0217
-1.7953;-0.61009;2.03
-1.7978;-0.60813;2.0385
-1.8002;-0.60568;2.0469
-1.8025;-0.60275;2.0554
-1.8047;-0.59935;2.0639
-1.8067;-0.5955;2.0723
-1.8086;-0.59121;2.0806
-1.8103;-0.5865;2.0889
-1.8119;-0.58139;2.0969
-1.8133;-0.57589;2.1048
-1.8145;-0.57003;2.1125
-1.8156;-0.56384;2.1199
-1.8165;-0.55733;2.1271
-1.8172;-0.55054;2.1339
-1.8177;-0.54348;2.1405
-1.818;-0.5362;2.1466
-1.8182;-0.5287;2.1524
-1.8181;-0.52104;2.1578
-1.8179;-0.51323;2.1628
-1.8175;-0.5053;2.1673
-1.8168;-0.4973;2.1714
-1.8161;-0.48924;2.175
-1.8151;-0.48116;2.1781
-1.8139;-0.4731;2.1807
-1.8126;-0.46508;2.1828
-1.8111;-0.45714;2.1844
-1.8095;-0.44931;2.1855
-1.8077;-0.44161;2.186
-1.8057;-0.43408;2.186
-1.8036;-0.42676;2.1854
-1.8014;-0.41966;2.1843
-1.7991;-0.41282;2.1827
-1.7966;-0.40625;2.1806
-1.7941;-0.4;2.178
-1.7914;-0.39408;2.1748
-1.7887;-0.38852;2.1712
-1.7521;-0.58042;1.9307
-1.7556;-0.58541;1.9345
-1.7592;-0.58999;1.9388
-1.7629;-0.59416;1.9435
-1.7666;-0.59789;1.9487
-1.7703;-0.60118;1.9542
-1.774;-0.604;1.9602
-1.7777;-0.60635;1.9665
-1.7814;-0.60823;1.9731
-1.785;-0.60961;1.98
-1.7886;-0.6105;1.9872
-1.7921;-0.6109;1.9947
-1.7955;-0.61079;2.0024
-1.7988;-0.61019;2.0103
-1.802;-0.60909;2.0183
-1.8051;-0.60749;2.0265
-1.808;-0.60542;2.0348
-1.8108;-0.60286;2.0431
-1.8134;-0.59984;2.0514
-1.8159;-0.59636;2.0598
-1.8181;-0.59244;2.0681
-1.8202;-0.5881;2.0764
-1.8221;-0.58334;2.0845
-1.8238;-0.5782;2.0926
-1.8253;-0.57268;2.1004
-1.8265;-0.56682;2.1081
-1.8276;-0.56063;2.1155
-1.8284;-0.55415;2.1227
-1.829;-0.54738;2.1296
-1.8293;-0.54037;2.1362
-1.8294;-0.53314;2.1425
-1.8293;-0.52572;2.1483
-1.829;-0.51813;2.1539
-1.8284;-0.51041;2.159
-1.8276;-0.50259;2.1636
-1.8266;-0.4947;2.1679
-1.8253;-0.48676;2.1716
-1.8238;-0.47882;2.1749
-1.8222;-0.4709;2.1777
-1.8203;-0.46303;2.18
-1.8182;-0.45525;2.1818
-1.8159;-0.44758;2.1831
-1.8135;-0.44006;2.1839
-1.8108;-0.43272;2.1841
-1.8081;-0.42558;2.1838
-1.8051;-0.41867;2.183
-1.8021;-0.41202;2.1816
-1.7989;-0.40565;2.1798
-1.7956;-0.3996;2.1774
-1.7922;-0.39388;2.1745
-1.7887;-0.38852;2.1712
-1.7521;-0.58042;1.9307
-1.7563;-0.58512;1.9342
-1.7606;-0.58942;1.9381
-1.765;-0.59331;1.9425
-1.7694;-0.59677;1.9474
-1.7738;-0.59978;1.9526
-1.7781;-0.60234;1.9582
-1.7825;-0.60443;1.9642
-1.7868;-0.60605;1.9705
-1.791;-0.60719;1.9772
-1.7951;-0.60785;1.9841
-1.7992;-0.60802;1.9913
-1.8031;-0.6077;1.9988
-1.8069;-0.6069;2.0064
-1.8106;-0.60561;2.0142
-1.8141;-0.60384;2.0222
-1.8174;-0.60161;2.0303
-1.8205;-0.59891;2.0384
-1.8235;-0.59576;2.0467
-1.8262;-0.59217;2.0549
-1.8287;-0.58815;2.0631
-1.831;-0.58373;2.0713
-1.833;-0.57891;2.0793
-1.8348;-0.57372;2.0873
-1.8364;-0.56818;2.0951
-1.8377;-0.56231;2.1028
-1.8387;-0.55613;2.1102
-1.8394;-0.54967;2.1175
-1.8399;-0.54295;2.1244
-1.8401;-0.536;2.1311
-1.84;-0.52885;2.1374
-1.8397;-0.52152;2.1434
-1.8391;-0.51405;2.1491
-1.8382;-0.50646;2.1543
-1.837;-0.49878;2.1592
-1.8356;-0.49105;2.1636
-1.8339;-0.48329;2.1676
-1.832;-0.47553;2.1711
-1.8298;-0.46781;2.1741
-1.8274;-0.46016;2.1767
-1.8247;-0.4526;2.1787
-1.8219;-0.44517;2.1803
-1.8188;-0.43789;2.1813
-1.8156;-0.4308;2.1818
-1.8122;-0.42391;2.1818
-1.8086;-0.41727;2.1813
-1.8048;-0.41089;2.1803
-1.801;-0.40481;2.1788
-1.797;-0.39903;2.1767
-1.7929;-0.3936;2.1742
-1.7887;-0.38852;2.1712
-1.7521;-0.58042;1.9307
-1.757;-0.58476;1.9338
-1.7619;-0.5887;1.9374
-1.7669;-0.59224;1.9414
-1.7719;-0.59534;1.9458
-1.7769;-0.59801;1.9507
-1.7818;-0.60023;1.956
-1.7867;-0.60199;1.9616
-1.7916;-0.60329;1.9676
-1.7964;-0.60412;1.9739
-1.801;-0.60448;1.9805
-1.8056;-0.60436;1.9874
-1.81;-0.60377;1.9946
-1.8142;-0.60271;2.002
-1.8183;-0.60119;2.0095
-1.8222;-0.5992;2.0173
-1.8259;-0.59676;2.0251
-1.8294;-0.59388;2.0331
-1.8326;-0.59056;2.0411
-1.8356;-0.58683;2.0492
-1.8383;-0.58269;2.0573
-1.8408;-0.57817;2.0653
-1.8429;-0.57327;2.0733
-1.8448;-0.56803;2.0813
-1.8464;-0.56245;2.089
-1.8477;-0.55657;2.0967
-1.8487;-0.5504;2.1041
-1.8494;-0.54398;2.1114
-1.8498;-0.53731;2.1184
-1.8499;-0.53044;2.1252
-1.8496;-0.52339;2.1316
-1.849;-0.51619;2.1377
-1.8482;-0.50886;2.1435
-1.847;-0.50143;2.149
-1.8455;-0.49393;2.154
-1.8437;-0.4864;2.1586
-1.8417;-0.47886;2.1628
-1.8393;-0.47135;2.1666
-1.8367;-0.46388;2.1699
-1.8338;-0.4565;2.1728
-1.8307;-0.44923;2.1751
-1.8273;-0.44209;2.177
-1.8237;-0.43512;2.1784
-1.8199;-0.42835;2.1792
-1.8159;-0.4218;2.1796
-1.8117;-0.4155;2.1794
-1.8073;-0.40947;2.1788
-1.8028;-0.40373;2.1776
-1.7982;-0.39832;2.176
-1.7935;-0.39324;2.1738
-1.7887;-0.38852;2.1712
-1.7521;-0.58042;1.9307
-1.7575;-0.58433;1.9334
-1.763;-0.58784;1.9365
-1.7685;-0.59095;1.9401
-1.7741;-0.59363;1.9441
-1.7796;-0.59588;1.9486
-1.7851;-0.5977;1.9534
-1.7905;-0.59906;1.9587
-1.7959;-0.59998;1.9643
-1.8011;-0.60044;1.9703
-1.8062;-0.60044;1.9765
-1.8112;-0.59998;1.9831
-1.816;-0.59907;1.9899
-1.8207;-0.5977;1.997
-1.8251;-0.59589;2.0043
-1.8294;-0.59364;2.0117
-1.8334;-0.59096;2.0194
-1.8371;-0.58785;2.0271
-1.8406;-0.58434;2.0349
-1.8438;-0.58044;2.0428
-1.8467;-0.57615;2.0508
-1.8493;-0.57151;2.0587
-1.8516;-0.56652;2.0666
-1.8536;-0.56121;2.0745
-1.8553;-0.55559;2.0822
-1.8566;-0.5497;2.0899
-1.8576;-0.54354;2.0973
-1.8582;-0.53716;2.1046
-1.8585;-0.53056;2.1117
-1.8584;-0.52378;2.1185
-1.858;-0.51685;2.1251
-1.8573;-0.50979;2.1314
-1.8562;-0.50263;2.1374
-1.8547;-0.4954;2.143
-1.853;-0.48813;2.1482
-1.8509;-0.48084;2.1531
-1.8485;-0.47357;2.1576
-1.8458;-0.46634;2.1616
-1.8427;-0.45918;2.1652
-1.8394;-0.45212;2.1684
-1.8359;-0.44518;2.1711
-1.832;-0.43841;2.1733
-1.8279;-0.43181;2.1751
-1.8236;-0.42542;2.1763
-1.8191;-0.41927;2.1771
-1.8144;-0.41337;2.1773
-1.8095;-0.40776;2.1771
-1.8045;-0.40244;2.1764
-1.7993;-0.39745;2.1751
-1.7941;-0.39281;2.1734
-1.7887;-0.38852;2.1712
-1.7521;-0.58042;1.9307
-1.758;-0.58383;1.9329
-1.764;-0.58685;1.9356
-1.7699;-0.58947;1.9387
-1.7759;-0.59166;1.9423
-1.7819;-0.59344;1.9463
-1.7878;-0.59479;1.9507
-1.7937;-0.5957;1.9555
-1.7995;-0.59617;1.9607
-1.8051;-0.5962;1.9663
-1.8106;-0.59579;1.9721
-1.816;-0.59494;1.9783
-1.8212;-0.59366;1.9848
-1.8262;-0.59194;1.9916
-1.8309;-0.5898;1.9985
-1.8354;-0.58724;2.0057
-1.8397;-0.58428;2.0131
-1.8437;-0.58093;2.0206
-1.8474;-0.57719;2.0282
-1.8508;-0.57309;2.0359
-1.8538;-0.56864;2.0437
-1.8566;-0.56385;2.0515
-1.859;-0.55876;2.0593
-1.861;-0.55336;2.0671
-1.8627;-0.5477;2.0748
-1.8641;-0.54179;2.0824
-1.865;-0.53565;2.0899
-1.8656;-0.52931;2.0972
-1.8659;-0.5228;2.1044
-1.8657;-0.51613;2.1113
-1.8652;-0.50934;2.118
-1.8642;-0.50244;2.1245
-1.863;-0.49548;2.1306
-1.8613;-0.48848;2.1364
-1.8593;-0.48146;2.1419
-1.8569;-0.47445;2.1471
-1.8542;-0.46748;2.1518
-1.8512;-0.46057;2.1562
-1.8479;-0.45376;2.1601
-1.8442;-0.44708;2.1637
-1.8403;-0.44054;2.1667
-1.836;-0.43417;2.1693
-1.8316;-0.428;2.1715
-1.8268;-0.42206;2.1731
-1.8219;-0.41636;2.1743
-1.8167;-0.41093;2.175
-1.8114;-0.40579;2.1752
-1.8059;-0.40096;2.175
-1.8003;-0.39646;2.1742
-1.7945;-0.39231;2.1729
-1.7887;-0.38852;2.1712
-1.7521;-0.58042;1.9307
-1.7584;-0.58328;1.9324
-1.7647;-0.58575;1.9346
-1.7711;-0.58781;1.9372
-1.7774;-0.58947;1.9403
-1.7838;-0.59072;1.9438
-1.7901;-0.59154;1.9478
-1.7963;-0.59195;1.9521
-1.8024;-0.59193;1.9569
-1.8083;-0.59148;1.962
-1.8142;-0.59061;1.9675
-1.8198;-0.58933;1.9733
-1.8253;-0.58763;1.9794
-1.8305;-0.58552;1.9858
-1.8355;-0.58301;1.9924
-1.8403;-0.58012;1.9993
-1.8448;-0.57684;2.0064
-1.8489;-0.57321;2.0136
-1.8528;-0.56922;2.021
-1.8564;-0.5649;2.0285
-1.8596;-0.56026;2.0361
-1.8624;-0.55532;2.0438
-1.8649;-0.5501;2.0515
-1.867;-0.54463;2.0592
-1.8687;-0.53891;2.0669
-1.8701;-0.53298;2.0745
-1.871;-0.52686;2.082
-1.8716;-0.52057;2.0893
-1.8718;-0.51414;2.0966
-1.8715;-0.5076;2.1036
-1.8709;-0.50096;2.1105
-1.8698;-0.49425;2.1171
-1.8684;-0.48751;2.1234
-1.8666;-0.48076;2.1295
-1.8644;-0.47402;2.1352
-1.8618;-0.46732;2.1407
-1.8589;-0.46069;2.1457
-1.8556;-0.45415;2.1504
-1.852;-0.44774;2.1547
-1.848;-0.44146;2.1586
-1.8438;-0.43536;2.1621
-1.8393;-0.42945;2.1651
-1.8345;-0.42376;2.1677
-1.8294;-0.41831;2.1698
-1.8241;-0.41312;2.1714
-1.8186;-0.40821;2.1726
-1.8129;-0.4036;2.1733
-1.807;-0.39931;2.1735
-1.801;-0.39536;2.1732
-1.7949;-0.39176;2.1724
-1.7887;-0.38852;2.1712
-1.7521;-0.58042;1.9307
-1.7586;-0.58268;1.9319
-1.7653;-0.58455;1.9335
-1.7719;-0.58602;1.9357
-1.7785;-0.58709;1.9382
-1.7851;-0.58776;1.9413
-1.7917;-0.58802;1.9447
-1.7982;-0.58787;1.9486
-1.8045;-0.58731;1.9529
-1.8107;-0.58635;1.9576
-1.8168;-0.58499;1.9626
-1.8227;-0.58322;1.968
-1.8283;-0.58107;1.9737
-1.8338;-0.57854;1.9797
-1.839;-0.57564;1.986
-1.8439;-0.57237;1.9926
-1.8485;-0.56876;1.9993
-1.8528;-0.56482;2.0063
-1.8568;-0.56056;2.0135
-1.8605;-0.556;2.0208
-1.8638;-0.55115;2.0282
-1.8667;-0.54605;2.0358
-1.8693;-0.5407;2.0433
-1.8714;-0.53513;2.051
-1.8732;-0.52936;2.0586
-1.8745;-0.52341;2.0661
-1.8755;-0.51731;2.0737
-1.876;-0.51108;2.0811
-1.8761;-0.50474;2.0884
-1.8758;-0.49832;2.0956
-1.8751;-0.49185;2.1026
-1.874;-0.48535;2.1093
-1.8724;-0.47885;2.1159
-1.8705;-0.47237;2.1222
-1.8681;-0.46593;2.1282
-1.8654;-0.45957;2.1339
-1.8623;-0.45331;2.1393
-1.8588;-0.44717;2.1443
-1.855;-0.44118;2.149
-1.8509;-0.43536;2.1533
-1.8464;-0.42973;2.1572
-1.8416;-0.42432;2.1606
-1.8366;-0.41915;2.1636
-1.8313;-0.41423;2.1662
-1.8257;-0.40959;2.1684
-1.82;-0.40525;2.17
-1.814;-0.40122;2.1712
-1.8079;-0.39752;2.1719
-1.8016;-0.39416;2.1722
-1.7952;-0.39116;2.1719
-1.7887;-0.38852;2.1712
-1.7521;-0.58042;1.9307
-1.7588;-0.58204;1.9313
-1.7656;-0.58327;1.9325
-1.7724;-0.58411;1.9341
-1.7792;-0.58456;1.9361
-1.786;-0.58461;1.9386
-1.7927;-0.58427;1.9416
-1.7993;-0.58353;1.945
-1.8059;-0.58241;1.9488
-1.8122;-0.58089;1.953
-1.8184;-0.579;1.9576
-1.8244;-0.57673;1.9625
-1.8302;-0.5741;1.9678
-1.8358;-0.57111;1.9735
-1.8411;-0.56779;1.9794
-1.8461;-0.56413;1.9856
-1.8509;-0.56016;1.9921
-1.8553;-0.55589;1.9988
-1.8594;-0.55134;2.0058
-1.8631;-0.54652;2.0129
-1.8664;-0.54147;2.0201
-1.8694;-0.53618;2.0275
-1.872;-0.53069;2.0349
-1.8742;-0.52502;2.0425
-1.876;-0.51919;2.05
-1.8773;-0.51322;2.0576
-1.8783;-0.50714;2.0651
-1.8788;-0.50097;2.0726
-1.8789;-0.49473;2.08
-1.8785;-0.48846;2.0873
-1.8778;-0.48216;2.0944
-1.8766;-0.47588;2.1014
-1.8749;-0.46963;2.1082
-1.8729;-0.46344;2.1147
-1.8705;-0.45733;2.121
-1.8677;-0.45133;2.127
-1.8645;-0.44546;2.1327
-1.8609;-0.43975;2.1381
-1.8569;-0.43421;2.1432
-1.8527;-0.42887;2.1478
-1.848;-0.42375;2.1521
-1.8431;-0.41886;2.156
-1.8379;-0.41424;2.1595
-1.8325;-0.4099;2.1626
-1.8268;-0.40584;2.1652
-1.8208;-0.4021;2.1674
-1.8147;-0.39869;2.1691
-1.8084;-0.39561;2.1703
-1.8019;-0.39288;2.1711
-1.7954;-0.39052;2.1714
-1.7887;-0.38852;2.1712
-1.7521;-0.58042;1.9307
-1.7589;-0.58137;1.9308
-1.7658;-0.58194;1.9314
-1.7726;-0.58212;1.9324
-1.7795;-0.58191;1.934
-1.7864;-0.58132;1.9359
-1.7931;-0.58035;1.9384
-1.7998;-0.579;1.9413
-1.8064;-0.57728;1.9446
-1.8128;-0.57519;1.9483
-1.8191;-0.57274;1.9525
-1.8252;-0.56995;1.957
-1.831;-0.56681;1.9619
-1.8366;-0.56336;1.9672
-1.842;-0.55959;1.9727
-1.847;-0.55552;1.9786
-1.8518;-0.55118;1.9848
-1.8563;-0.54657;1.9912
-1.8604;-0.54171;1.9979
-1.8641;-0.53663;2.0048
-1.8675;-0.53135;2.0119
-1.8705;-0.52587;2.0191
-1.8731;-0.52024;2.0264
-1.8753;-0.51446;2.0339
-1.8771;-0.50857;2.0414
-1.8784;-0.50258;2.0489
-1.8794;-0.49652;2.0565
-1.8799;-0.49041;2.064
-1.88;-0.48428;2.0715
-1.8796;-0.47815;2.0789
-1.8788;-0.47204;2.0862
-1.8776;-0.46599;2.0933
-1.876;-0.46;2.1003
-1.8739;-0.45412;2.1071
-1.8714;-0.44835;2.1137
-1.8686;-0.44272;2.12
-1.8653;-0.43726;2.1261
-1.8617;-0.43199;2.1318
-1.8577;-0.42692;2.1372
-1.8534;-0.42208;2.1423
-1.8487;-0.41749;2.1471
-1.8437;-0.41316;2.1514
-1.8385;-0.40911;2.1554
-1.8329;-0.40536;2.1589
-1.8272;-0.40193;2.162
-1.8212;-0.39881;2.1647
-1.815;-0.39604;2.1669
-1.8086;-0.39362;2.1687
-1.8021;-0.39155;2.17
-1.7954;-0.38985;2.1708
-1.7887;-0.38852;2.1712
-1.7521;-0.58042;1.9307
-1.7588;-0.58069;1.9302
-1.7657;-0.58057;1.9303
-1.7725;-0.58007;1.9308
-1.7794;-0.5792;1.9318
-1.7862;-0.57795;1.9333
-1.7929;-0.57633;1.9352
-1.7996;-0.57435;1.9376
-1.8061;-0.57202;1.9404
-1.8125;-0.56934;1.9437
-1.8187;-0.56632;1.9474
-1.8248;-0.56298;1.9515
-1.8306;-0.55933;1.956
-1.8362;-0.55539;1.9609
-1.8415;-0.55117;1.9661
-1.8466;-0.54668;1.9717
-1.8513;-0.54195;1.9775
-1.8557;-0.53699;1.9837
-1.8598;-0.53182;1.9901
-1.8636;-0.52647;1.9968
-1.8669;-0.52095;2.0037
-1.8699;-0.51529;2.0107
-1.8725;-0.50951;2.018
-1.8747;-0.50362;2.0253
-1.8765;-0.49767;2.0328
-1.8778;-0.49165;2.0403
-1.8788;-0.48562;2.0479
-1.8793;-0.47957;2.0555
-1.8794;-0.47355;2.063
-1.879;-0.46757;2.0705
-1.8782;-0.46165;2.078
-1.877;-0.45583;2.0853
-1.8754;-0.45012;2.0925
-1.8734;-0.44454;2.0996
-1.8709;-0.43912;2.1064
-1.8681;-0.43388;2.113
-1.8649;-0.42885;2.1194
-1.8612;-0.42403;2.1255
-1.8573;-0.41944;2.1313
-1.853;-0.41512;2.1368
-1.8484;-0.41107;2.142
-1.8434;-0.40731;2.1468
-1.8382;-0.40385;2.1512
-1.8327;-0.40071;2.1552
-1.827;-0.3979;2.1588
-1.821;-0.39544;2.162
-1.8148;-0.39332;2.1648
-1.8085;-0.39157;2.1671
-1.802;-0.39018;2.1689
-1.7954;-0.38916;2.1703
-1.7887;-0.38852;2.1712
-1.7521;-0.58042;1.9307
-1.7587;-0.57999;1.9297
-1.7654;-0.57918;1.9292
-1.7721;-0.578;1.9292
-1.7788;-0.57645;1.9297
-1.7855;-0.57454;1.9307
-1.7921;-0.57227;1.9321
-1.7986;-0.56965;1.934
-1.805;-0.5667;1.9364
-1.8113;-0.56342;1.9392
-1.8174;-0.55983;1.9424
-1.8233;-0.55595;1.9461
-1.829;-0.55178;1.9502
-1.8345;-0.54734;1.9547
-1.8398;-0.54266;1.9596
-1.8447;-0.53775;1.9648
-1.8494;-0.53263;1.9704
-1.8537;-0.52732;1.9763
-1.8578;-0.52184;1.9825
-1.8614;-0.51621;1.9889
-1.8648;-0.51045;1.9956
-1.8677;-0.5046;2.0025
-1.8703;-0.49866;2.0097
-1.8724;-0.49267;2.0169
-1.8742;-0.48665;2.0243
-1.8756;-0.48061;2.0318
-1.8765;-0.4746;2.0394
-1.877;-0.46862;2.0471
-1.8771;-0.4627;2.0547
-1.8768;-0.45687;2.0624
-1.8761;-0.45115;2.0699
-1.8749;-0.44556;2.0775
-1.8733;-0.44013;2.0849
-1.8714;-0.43487;2.0921
-1.869;-0.4298;2.0993
-1.8662;-0.42495;2.1062
-1.8631;-0.42034;2.1129
-1.8596;-0.41598;2.1193
-1.8557;-0.41189;2.1255
-1.8515;-0.40808;2.1314
-1.847;-0.40458;2.137
-1.8422;-0.40139;2.1422
-1.8371;-0.39853;2.1471
-1.8317;-0.39601;2.1516
-1.8261;-0.39384;2.1557
-1.8203;-0.39203;2.1594
-1.8143;-0.39058;2.1627
-1.8081;-0.3895;2.1655
-1.8017;-0.3888;2.1679
-1.7952;-0.38847;2.1698
-1.7887;-0.38852;2.1712
-1.7521;-0.58042;1.9307
-1.7585;-0.5793;1.9292
-1.7649;-0.57781;1.9282
-1.7714;-0.57594;1.9277
-1.7778;-0.57372;1.9277
-1.7842;-0.57114;1.9281
-1.7906;-0.56822;1.9291
-1.7969;-0.56498;1.9305
-1.8031;-0.56141;1.9324
-1.8092;-0.55754;1.9348
-1.8151;-0.55338;1.9376
-1.8208;-0.54895;1.9409
-1.8263;-0.54426;1.9446
-1.8316;-0.53934;1.9488
-1.8367;-0.5342;1.9533
-1.8415;-0.52887;1.9582
-1.846;-0.52336;1.9635
-1.8503;-0.5177;1.9691
-1.8542;-0.5119;1.9751
-1.8578;-0.506;1.9813
-1.861;-0.50001;1.9879
-1.8639;-0.49396;1.9946
-1.8664;-0.48788;2.0016
-1.8685;-0.48178;2.0088
-1.8703;-0.47569;2.0162
-1.8716;-0.46964;2.0237
-1.8726;-0.46364;2.0313
-1.8731;-0.45773;2.039
-1.8732;-0.45192;2.0467
-1.873;-0.44624;2.0545
-1.8723;-0.44071;2.0622
-1.8712;-0.43536;2.0699
-1.8698;-0.43019;2.0775
-1.8679;-0.42525;2.085
-1.8657;-0.42053;2.0924
-1.863;-0.41607;2.0996
-1.86;-0.41188;2.1066
-1.8567;-0.40797;2.1134
-1.853;-0.40437;2.1199
-1.849;-0.40108;2.1262
-1.8447;-0.39813;2.1322
-1.8401;-0.39551;2.1379
-1.8352;-0.39324;2.1432
-1.83;-0.39134;2.1481
-1.8247;-0.3898;2.1527
-1.8191;-0.38863;2.1569
-1.8133;-0.38785;2.1606
-1.8073;-0.38744;2.164
-1.8012;-0.38742;2.1668
-1.795;-0.38778;2.1692
-1.7887;-0.38852;2.1712
-1.7521;-0.58042;1.9307
-1.7581;-0.57863;1.9287
-1.7642;-0.57646;1.9272
-1.7703;-0.57393;1.9263
-1.7764;-0.57105;1.9258
-1.7825;-0.56782;1.9258
-1.7886;-0.56427;1.9262
-1.7946;-0.5604;1.9272
-1.8004;-0.55623;1.9287
-1.8062;-0.55178;1.9307
-1.8118;-0.54706;1.9331
-1.8173;-0.5421;1.936
-1.8225;-0.53691;1.9393
-1.8276;-0.53151;1.9431
-1.8324;-0.52592;1.9473
-1.837;-0.52018;1.952
-1.8414;-0.51429;1.957
-1.8454;-0.50828;1.9624
-1.8492;-0.50218;1.9681
-1.8526;-0.49601;1.9741
-1.8557;-0.48979;1.9805
-1.8585;-0.48356;1.9872
-1.8609;-0.47732;1.994
-1.863;-0.47112;2.0012
-1.8647;-0.46497;2.0085
-1.8661;-0.45889;2.016
-1.867;-0.45292;2.0236
-1.8676;-0.44707;2.0313
-1.8678;-0.44136;2.0391
-1.8676;-0.43583;2.047
-1.867;-0.43049;2.0548
-1.8661;-0.42537;2.0627
-1.8648;-0.42047;2.0705
-1.863;-0.41583;2.0782
-1.861;-0.41146;2.0858
-1.8586;-0.40738;2.0933
-1.8558;-0.4036;2.1006
-1.8527;-0.40014;2.1078
-1.8492;-0.39702;2.1147
-1.8455;-0.39424;2.1213
-1.8414;-0.39181;2.1277
-1.8371;-0.38975;2.1337
-1.8325;-0.38807;2.1395
-1.8277;-0.38676;2.1449
-1.8226;-0.38584;2.1499
-1.8173;-0.38531;2.1545
-1.8119;-0.38518;2.1587
-1.8063;-0.38543;2.1625
-1.8005;-0.38607;2.1659
-1.7946;-0.38711;2.1688
-1.7887;-0.38852;2.1712
-1.7521;-0.58042;1.9307
-1.7577;-0.57798;1.9283
-1.7633;-0.57517;1.9263
-1.769;-0.57199;1.9249
-1.7747;-0.56848;1.924
-1.7804;-0.56463;1.9235
-1.786;-0.56046;1.9236
-1.7915;-0.556;1.9242
-1.797;-0.55125;1.9252
-1.8024;-0.54624;1.9268
-1.8077;-0.54098;1.9289
-1.8128;-0.53551;1.9314
-1.8177;-0.52983;1.9344
-1.8225;-0.52397;1.9379
-1.827;-0.51796;1.9418
-1.8313;-0.51181;1.9461
-1.8354;-0.50556;1.9509
-1.8392;-0.49922;1.9561
-1.8428;-0.49282;1.9616
-1.8461;-0.48639;1.9675
-1.849;-0.47996;1.9737
-1.8517;-0.47354;1.9802
-1.854;-0.46717;1.987
-1.856;-0.46086;1.994
-1.8577;-0.45465;2.0013
-1.859;-0.44855;2.0088
-1.86;-0.4426;2.0164
-1.8606;-0.43681;2.0242
-1.8609;-0.43121;2.0321
-1.8608;-0.42582;2.04
-1.8603;-0.42066;2.048
-1.8595;-0.41575;2.056
-1.8584;-0.41111;2.064
-1.8569;-0.40677;2.0719
-1.855;-0.40273;2.0798
-1.8528;-0.39901;2.0875
-1.8503;-0.39563;2.0951
-1.8475;-0.3926;2.1025
-1.8444;-0.38994;2.1097
-1.841;-0.38764;2.1167
-1.8373;-0.38573;2.1235
-1.8333;-0.38421;2.1299
-1.8291;-0.38308;2.136
-1.8247;-0.38236;2.1418
-1.82;-0.38204;2.1472
-1.8152;-0.38212;2.1523
-1.8101;-0.3826;2.1569
-1.805;-0.38349;2.1612
-1.7996;-0.38478;2.165
-1.7942;-0.38646;2.1683
-1.7887;-0.38852;2.1712
-1.7521;-0.58042;1.9307
-1.7571;-0.57737;1.9279
-1.7623;-0.57394;1.9255
-1.7674;-0.57016;1.9237
-1.7726;-0.56605;1.9224
-1.7777;-0.56161;1.9215
-1.7829;-0.55686;1.9212
-1.788;-0.55184;1.9214
-1.793;-0.54654;1.9221
-1.7979;-0.541;1.9233
-1.8027;-0.53524;1.925
-1.8074;-0.52928;1.9273
-1.8119;-0.52314;1.93
-1.8163;-0.51684;1.9331
-1.8205;-0.51042;1.9368
-1.8245;-0.5039;1.9409
-1.8283;-0.4973;1.9454
-1.8318;-0.49065;1.9504
-1.8351;-0.48398;1.9557
-1.8382;-0.47731;1.9614
-1.841;-0.47066;1.9675
-1.8435;-0.46407;1.9739
-1.8457;-0.45756;1.9806
-1.8476;-0.45116;1.9876
-1.8493;-0.44489;1.9948
-1.8506;-0.43878;2.0023
-1.8516;-0.43284;2.0099
-1.8522;-0.42711;2.0177
-1.8526;-0.42161;2.0257
-1.8526;-0.41635;2.0337
-1.8523;-0.41136;2.0418
-1.8517;-0.40666;2.05
-1.8507;-0.40227;2.0581
-1.8495;-0.3982;2.0662
-1.8479;-0.39448;2.0743
-1.846;-0.3911;2.0823
-1.8438;-0.3881;2.0901
-1.8414;-0.38548;2.0978
-1.8386;-0.38325;2.1053
-1.8356;-0.38141;2.1126
-1.8323;-0.37999;2.1196
-1.8288;-0.37897;2.1264
-1.825;-0.37838;2.1329
-1.8211;-0.3782;2.139
-1.8169;-0.37844;2.1448
-1.8126;-0.3791;2.1503
-1.808;-0.38017;2.1553
-1.8034;-0.38166;2.1599
-1.7986;-0.38355;2.1641
-1.7937;-0.38584;2.1679
-1.7887;-0.38852;2.1712
-1.7521;-0.58042;1.9307
-1.7565;-0.5768;1.9275
-1.761;-0.57281;1.9248
-1.7656;-0.56847;1.9226
-1.7702;-0.56379;1.9209
-1.7747;-0.55881;1.9198
-1.7793;-0.55353;1.9191
-1.7838;-0.54798;1.919
-1.7883;-0.54218;1.9193
-1.7927;-0.53615;1.9202
-1.797;-0.52992;1.9217
-1.8012;-0.5235;1.9236
-1.8053;-0.51694;1.926
-1.8092;-0.51024;1.9289
-1.813;-0.50345;1.9324
-1.8166;-0.49658;1.9362
-1.8201;-0.48966;1.9406
-1.8233;-0.48272;1.9453
-1.8263;-0.47579;1.9505
-1.8292;-0.46889;1.9561
-1.8317;-0.46205;1.962
-1.8341;-0.4553;1.9683
-1.8362;-0.44867;1.975
-1.838;-0.44218;1.9819
-1.8396;-0.43585;1.9891
-1.8408;-0.42972;1.9965
-1.8419;-0.4238;2.0042
-1.8426;-0.41813;2.012
-1.843;-0.41271;2.02
-1.8432;-0.40758;2.0281
-1.8431;-0.40275;2.0363
-1.8426;-0.39824;2.0446
-1.8419;-0.39408;2.0529
-1.8409;-0.39027;2.0612
-1.8397;-0.38683;2.0694
-1.8381;-0.38378;2.0776
-1.8363;-0.38112;2.0857
-1.8343;-0.37888;2.0936
-1.832;-0.37705;2.1014
-1.8294;-0.37564;2.1089
-1.8266;-0.37466;2.1162
-1.8236;-0.37412;2.1233
-1.8204;-0.37401;2.1301
-1.8169;-0.37434;2.1366
-1.8133;-0.37511;2.1427
-1.8096;-0.3763;2.1485
-1.8056;-0.37792;2.1539
-1.8016;-0.37996;2.1589
-1.7974;-0.38242;2.1634
-1.7931;-0.38527;2.1675
-1.7887;-0.38852;2.1712
-1.7521;-0.58042;1.9307
-1.7558;-0.57628;1.9272
-1.7597;-0.57178;1.9242
-1.7636;-0.56693;1.9217
-1.7675;-0.56176;1.9197
-1.7714;-0.55628;1.9182
-1.7753;-0.55052;1.9173
-1.7792;-0.54449;1.9169
-1.7831;-0.53823;1.917
-1.7869;-0.53176;1.9176
-1.7906;-0.5251;1.9188
-1.7943;-0.51828;1.9205
-1.7979;-0.51133;1.9227
-1.8013;-0.50427;1.9254
-1.8047;-0.49714;1.9286
-1.8079;-0.48995;1.9323
-1.8109;-0.48274;1.9364
-1.8138;-0.47554;1.941
-1.8165;-0.46837;1.9461
-1.8191;-0.46127;1.9515
-1.8214;-0.45426;1.9574
-1.8236;-0.44737;1.9636
-1.8255;-0.44062;1.9702
-1.8273;-0.43405;1.977
-1.8288;-0.42768;1.9842
-1.83;-0.42153;1.9916
-1.831;-0.41563;1.9993
-1.8318;-0.41;2.0072
-1.8324;-0.40467;2.0152
-1.8327;-0.39965;2.0234
-1.8328;-0.39496;2.0317
-1.8326;-0.39063;2.0401
-1.8321;-0.38667;2.0485
-1.8315;-0.38309;2.0569
-1.8305;-0.37992;2.0653
-1.8294;-0.37715;2.0736
-1.828;-0.37481;2.0819
-1.8264;-0.37291;2.09
-1.8245;-0.37144;2.098
-1.8225;-0.37042;2.1058
-1.8202;-0.36985;2.1134
-1.8178;-0.36973;2.1207
-1.8151;-0.37007;2.1278
-1.8123;-0.37085;2.1345
-1.8093;-0.37209;2.1409
-1.8062;-0.37377;2.147
-1.8029;-0.37588;2.1527
-1.7995;-0.37843;2.158
-1.796;-0.38139;2.1628
-1.7924;-0.38476;2.1672
-1.7887;-0.38852;2.1712
-1.7521;-0.58042;1.9307
-1.7551;-0.57583;1.9269
-1.7582;-0.57088;1.9237
-1.7614;-0.56558;1.921
-1.7645;-0.55997;1.9187
-1.7678;-0.55405;1.917
-1.771;-0.54787;1.9158
-1.7742;-0.54143;1.9152
-1.7774;-0.53477;1.9151
-1.7806;-0.5279;1.9155
-1.7837;-0.52087;1.9165
-1.7868;-0.5137;1.918
-1.7898;-0.5064;1.92
-1.7927;-0.49903;1.9225
-1.7956;-0.49159;1.9255
-1.7983;-0.48413;1.9291
-1.801;-0.47666;1.9331
-1.8035;-0.46923;1.9376
-1.8059;-0.46186;1.9425
-1.8081;-0.45458;1.9479
-1.8102;-0.44742;1.9536
-1.8122;-0.4404;1.9598
-1.814;-0.43355;1.9663
-1.8156;-0.42691;1.9731
-1.817;-0.4205;1.9803
-1.8182;-0.41433;1.9877
-1.8193;-0.40845;1.9954
-1.8202;-0.40286;2.0033
-1.8208;-0.3976;2.0113
-1.8213;-0.39267;2.0196
-1.8216;-0.38811;2.0279
-1.8216;-0.38394;2.0364
-1.8215;-0.38015;2.0449
-1.8211;-0.37678;2.0534
-1.8206;-0.37384;2.062
-1.8199;-0.37133;2.0705
-1.8189;-0.36927;2.0789
-1.8178;-0.36766;2.0872
-1.8165;-0.36651;2.0953
-1.815;-0.36583;2.1033
-1.8133;-0.36562;2.1111
-1.8115;-0.36588;2.1186
-1.8095;-0.3666;2.1258
-1.8073;-0.36779;2.1328
-1.805;-0.36944;2.1395
-1.8026;-0.37154;2.1458
-1.8;-0.37409;2.1517
-1.7973;-0.37708;2.1572
-1.7945;-0.38049;2.1623
-1.7916;-0.38431;2.167
-1.7887;-0.38852;2.1712
-1.7521;-0.58042;1.9307
-1.7543;-0.57545;1.9268
-1.7566;-0.57011;1.9233
-1.759;-0.56444;1.9204
-1.7614;-0.55845;1.918
-1.7639;-0.55217;1.9161
-1.7664;-0.54562;1.9148
-1.7689;-0.53883;1.9139
-1.7714;-0.53183;1.9137
-1.7739;-0.52464;1.9139
-1.7763;-0.51729;1.9147
-1.7788;-0.50981;1.9161
-1.7812;-0.50223;1.918
-1.7836;-0.49459;1.9204
-1.7859;-0.4869;1.9233
-1.7882;-0.4792;1.9267
-1.7904;-0.47152;1.9306
-1.7925;-0.46389;1.935
-1.7946;-0.45635;1.9398
-1.7965;-0.44892;1.9451
-1.7983;-0.44162;1.9508
-1.8001;-0.4345;1.9569
-1.8017;-0.42757;1.9634
-1.8032;-0.42087;1.9702
-1.8045;-0.41442;1.9773
-1.8057;-0.40824;1.9847
-1.8068;-0.40237;1.9924
-1.8077;-0.39682;2.0003
-1.8085;-0.39161;2.0084
-1.8092;-0.38677;2.0167
-1.8097;-0.38232;2.0251
-1.81;-0.37827;2.0337
-1.8102;-0.37464;2.0422
-1.8102;-0.37145;2.0509
-1.81;-0.36869;2.0595
-1.8097;-0.3664;2.0681
-1.8093;-0.36457;2.0766
-1.8087;-0.36322;2.085
-1.8079;-0.36234;2.0933
-1.807;-0.36195;2.1014
-1.806;-0.36204;2.1093
-1.8048;-0.36261;2.117
-1.8034;-0.36367;2.1244
-1.802;-0.3652;2.1316
-1.8004;-0.3672;2.1384
-1.7987;-0.36966;2.1449
-1.7969;-0.37258;2.151
-1.795;-0.37594;2.1567
-1.793;-0.37972;2.162
-1.7909;-0.38393;2.1668
-1.7887;-0.38852;2.1712
-1.7521;-0.58042;1.9307
-1.7535;-0.57514;1.9266
-1.755;-0.5695;1.9231
-1.7566;-0.56352;1.92
-1.7582;-0.55724;1.9175
-1.7598;-0.55066;1.9155
-1.7615;-0.54382;1.914
-1.7633;-0.53675;1.9131
-1.7651;-0.52948;1.9127
-1.7668;-0.52202;1.9129
-1.7687;-0.51442;1.9136
-1.7705;-0.5067;1.9149
-1.7723;-0.49889;1.9166
-1.7741;-0.49102;1.919
-1.7759;-0.48313;1.9218
-1.7776;-0.47524;1.9251
-1.7794;-0.46739;1.929
-1.7811;-0.45961;1.9333
-1.7827;-0.45193;1.9381
-1.7843;-0.44437;1.9433
-1.7859;-0.43697;1.949
-1.7874;-0.42976;1.9551
-1.7888;-0.42277;1.9615
-1.7902;-0.41602;1.9683
-1.7914;-0.40954;1.9754
-1.7926;-0.40335;1.9828
-1.7937;-0.39749;1.9905
-1.7948;-0.39196;1.9984
-1.7957;-0.38681;2.0066
-1.7965;-0.38204;2.0149
-1.7972;-0.37767;2.0233
-1.7978;-0.37373;2.0319
-1.7983;-0.37022;2.0405
-1.7987;-0.36716;2.0492
-1.799;-0.36457;2.0579
-1.7991;-0.36245;2.0665
-1.7992;-0.36081;2.0751
-1.7991;-0.35965;2.0836
-1.799;-0.359;2.092
-1.7987;-0.35883;2.1002
-1.7983;-0.35917;2.1082
-1.7978;-0.35999;2.116
-1.7971;-0.36131;2.1235
-1.7964;-0.36311;2.1307
-1.7956;-0.3654;2.1377
-1.7947;-0.36815;2.1443
-1.7936;-0.37136;2.1505
-1.7925;-0.37502;2.1563
-1.7913;-0.37911;2.1617
-1.79;-0.38362;2.1667
-1.7887;-0.38852;2.1712
-1.7521;-0.58042;1.9307
-1.7527;-0.57492;1.9266
-1.7533;-0.56905;1.923
-1.754;-0.56285;1.9199
-1.7548;-0.55634;1.9173
-1.7557;-0.54954;1.9153
-1.7566;-0.54249;1.9137
-1.7576;-0.53522;1.9128
-1.7586;-0.52774;1.9123
-1.7597;-0.52009;1.9125
-1.7608;-0.5123;1.9131
-1.7619;-0.50439;1.9143
-1.7631;-0.49642;1.9161
-1.7643;-0.48839;1.9184
-1.7655;-0.48035;1.9212
-1.7668;-0.47232;1.9245
-1.768;-0.46434;1.9283
-1.7693;-0.45645;1.9326
-1.7706;-0.44866;1.9373
-1.7719;-0.44101;1.9426
-1.7731;-0.43354;1.9482
-1.7744;-0.42627;1.9542
-1.7756;-0.41922;1.9607
-1.7768;-0.41243;1.9675
-1.778;-0.40593;1.9746
-1.7792;-0.39974;1.982
-1.7803;-0.39388;1.9897
-1.7814;-0.38838;1.9976
-1.7825;-0.38326;2.0057
-1.7835;-0.37854;2.0141
-1.7844;-0.37424;2.0225
-1.7853;-0.37037;2.0311
-1.7862;-0.36695;2.0398
-1.7869;-0.364;2.0485
-1.7876;-0.36152;2.0572
-1.7883;-0.35952;2.0658
-1.7888;-0.35802;2.0745
-1.7893;-0.35702;2.083
-1.7898;-0.35652;2.0914
-1.7901;-0.35653;2.0996
-1.7904;-0.35704;2.1077
-1.7906;-0.35806;2.1155
-1.7907;-0.35957;2.1231
-1.7907;-0.36158;2.1304
-1.7906;-0.36407;2.1374
-1.7905;-0.36704;2.144
-1.7903;-0.37047;2.1503
-1.79;-0.37435;2.1561
-1.7896;-0.37866;2.1616
-1.7892;-0.38339;2.1666
-1.7887;-0.38852;2.1712
-1.7521;-0.58042;1.9307
-1.7518;-0.57477;1.9266
-1.7516;-0.56876;1.923
-1.7515;-0.56242;1.9199
-1.7515;-0.55577;1.9174
-1.7515;-0.54884;1.9153
-1.7516;-0.54166;1.9138
-1.7518;-0.53425;1.9129
-1.752;-0.52664;1.9125
-1.7524;-0.51887;1.9126
-1.7528;-0.51096;1.9133
-1.7532;-0.50295;1.9145
-1.7538;-0.49486;1.9162
-1.7544;-0.48673;1.9185
-1.7551;-0.4786;1.9213
-1.7558;-0.47048;1.9247
-1.7566;-0.46242;1.9285
-1.7574;-0.45445;1.9328
-1.7583;-0.4466;1.9376
-1.7592;-0.4389;1.9428
-1.7602;-0.43138;1.9484
-1.7612;-0.42406;1.9545
-1.7623;-0.41699;1.9609
-1.7634;-0.41018;1.9677
-1.7645;-0.40366;1.9748
-1.7656;-0.39747;1.9822
-1.7668;-0.39161;1.9899
-1.768;-0.38613;1.9979
-1.7692;-0.38103;2.006
-1.7703;-0.37634;2.0143
-1.7715;-0.37208;2.0228
-1.7727;-0.36826;2.0313
-1.7739;-0.36489;2.04
-1.775;-0.362;2.0487
-1.7762;-0.3596;2.0574
-1.7773;-0.35769;2.066
-1.7784;-0.35627;2.0747
-1.7795;-0.35537;2.0832
-1.7805;-0.35497;2.0916
-1.7815;-0.35508;2.0998
-1.7824;-0.35571;2.1078
-1.7833;-0.35684;2.1157
-1.7841;-0.35848;2.1232
-1.7849;-0.36061;2.1305
-1.7856;-0.36323;2.1375
-1.7863;-0.36633;2.1441
-1.7869;-0.3699;2.1503
-1.7875;-0.37392;2.1562
-1.7879;-0.37837;2.1616
-1.7883;-0.38325;2.1666
-1.7887;-0.38852;2.1712
-1.7521;-0.58042;1.9307
-1.751;-0.57472;1.9267
-1.7499;-0.56865;1.9232
-1.749;-0.56225;1.9202
-1.7481;-0.55555;1.9177
-1.7473;-0.54856;1.9157
-1.7466;-0.54133;1.9143
-1.746;-0.53386;1.9134
-1.7455;-0.52621;1.9131
-1.7451;-0.51838;1.9133
-1.7448;-0.51043;1.9141
-1.7446;-0.50237;1.9153
-1.7445;-0.49424;1.9172
-1.7446;-0.48607;1.9195
-1.7447;-0.4779;1.9224
-1.7449;-0.46975;1.9258
-1.7452;-0.46166;1.9296
-1.7456;-0.45366;1.934
-1.7461;-0.44579;1.9388
-1.7467;-0.43806;1.944
-1.7474;-0.43052;1.9497
-1.7482;-0.42319;1.9558
-1.749;-0.4161;1.9622
-1.75;-0.40928;1.969
-1.751;-0.40276;1.9762
-1.7521;-0.39657;1.9836
-1.7533;-0.39071;1.9913
-1.7546;-0.38523;1.9992
-1.7559;-0.38014;2.0073
-1.7573;-0.37547;2.0156
-1.7587;-0.37122;2.024
-1.7602;-0.36742;2.0326
-1.7617;-0.36408;2.0412
-1.7632;-0.36121;2.0498
-1.7648;-0.35884;2.0585
-1.7664;-0.35696;2.0671
-1.768;-0.35558;2.0757
-1.7696;-0.35471;2.0842
-1.7712;-0.35435;2.0925
-1.7729;-0.35451;2.1007
-1.7745;-0.35518;2.1086
-1.7761;-0.35636;2.1164
-1.7776;-0.35804;2.1239
-1.7792;-0.36023;2.1311
-1.7807;-0.3629;2.138
-1.7821;-0.36605;2.1445
-1.7836;-0.36968;2.1507
-1.7849;-0.37375;2.1564
-1.7862;-0.37826;2.1618
-1.7875;-0.38319;2.1667
-1.7887;-0.38852;2.1712
-1.7521;-0.58042;1.9307
-1.7501;-0.57475;1.9268
-1.7483;-0.56871;1.9235
-1.7465;-0.56234;1.9206
-1.7448;-0.55567;1.9183
-1.7432;-0.54871;1.9165
-1.7418;-0.5415;1.9152
-1.7404;-0.53407;1.9145
-1.7392;-0.52644;1.9143
-1.7381;-0.51864;1.9146
-1.7371;-0.51071;1.9155
-1.7362;-0.50268;1.9169
-1.7355;-0.49457;1.9188
-1.7349;-0.48643;1.9213
-1.7345;-0.47827;1.9242
-1.7342;-0.47015;1.9277
-1.734;-0.46207;1.9316
-1.734;-0.45409;1.9361
-1.7341;-0.44622;1.9409
-1.7344;-0.43851;1.9463
-1.7348;-0.43098;1.952
-1.7354;-0.42366;1.9581
-1.7361;-0.41658;1.9646
-1.7369;-0.40977;1.9714
-1.7378;-0.40325;1.9785
-1.7389;-0.39705;1.986
-1.7401;-0.3912;1.9936
-1.7415;-0.38571;2.0016
-1.7429;-0.38062;2.0097
-1.7445;-0.37593;2.0179
-1.7461;-0.37168;2.0263
-1.7479;-0.36787;2.0348
-1.7497;-0.36452;2.0434
-1.7516;-0.36164;2.0519
-1.7536;-0.35925;2.0605
-1.7557;-0.35735;2.0691
-1.7578;-0.35595;2.0775
-1.76;-0.35506;2.0859
-1.7622;-0.35468;2.0941
-1.7644;-0.35482;2.1022
-1.7667;-0.35546;2.11
-1.769;-0.35662;2.1177
-1.7713;-0.35827;2.125
-1.7735;-0.36043;2.1321
-1.7758;-0.36308;2.1388
-1.7781;-0.3662;2.1452
-1.7803;-0.3698;2.1513
-1.7825;-0.37384;2.1569
-1.7846;-0.37832;2.1621
-1.7867;-0.38322;2.1669
-1.7887;-0.38852;2.1712
-1.7521;-0.58042;1.9307
-1.7493;-0.57486;1.9271
-1.7467;-0.56894;1.9239
-1.7441;-0.56269;1.9213
-1.7417;-0.55613;1.9192
-1.7393;-0.54929;1.9175
-1.7371;-0.54219;1.9165
-1.735;-0.53486;1.9159
-1.7331;-0.52734;1.9159
-1.7313;-0.51964;1.9164
-1.7296;-0.51181;1.9175
-1.7281;-0.50387;1.919
-1.7268;-0.49585;1.9211
-1.7257;-0.48779;1.9238
-1.7247;-0.47971;1.9269
-1.7239;-0.47165;1.9305
-1.7233;-0.46365;1.9345
-1.7229;-0.45572;1.9391
-1.7226;-0.44791;1.944
-1.7226;-0.44024;1.9494
-1.7227;-0.43275;1.9552
-1.7231;-0.42546;1.9614
-1.7236;-0.41841;1.9679
-1.7243;-0.41161;1.9748
-1.7252;-0.40511;1.982
-1.7262;-0.39891;1.9894
-1.7275;-0.39306;1.9971
-1.7289;-0.38756;2.0049
-1.7304;-0.38245;2.013
-1.7322;-0.37774;2.0212
-1.734;-0.37345;2.0296
-1.7361;-0.3696;2.038
-1.7382;-0.3662;2.0465
-1.7405;-0.36327;2.0549
-1.7429;-0.36082;2.0634
-1.7454;-0.35886;2.0718
-1.748;-0.35739;2.0802
-1.7507;-0.35642;2.0884
-1.7535;-0.35596;2.0965
-1.7563;-0.356;2.1044
-1.7592;-0.35656;2.1121
-1.7622;-0.35761;2.1195
-1.7651;-0.35917;2.1267
-1.7681;-0.36122;2.1335
-1.7711;-0.36376;2.1401
-1.7741;-0.36678;2.1463
-1.7771;-0.37026;2.1521
-1.7801;-0.37419;2.1575
-1.783;-0.37856;2.1625
-1.7859;-0.38334;2.1671
-1.7887;-0.38852;2.1712
-1.7521;-0.58042;1.9307
-1.7486;-0.57506;1.9273
-1.7452;-0.56935;1.9245
-1.7419;-0.56329;1.9221
-1.7387;-0.55693;1.9202
-1.7356;-0.55028;1.9189
-1.7327;-0.54337;1.9181
-1.7299;-0.53623;1.9178
-1.7273;-0.52889;1.918
-1.7248;-0.52136;1.9188
-1.7225;-0.5137;1.9201
-1.7205;-0.50591;1.9218
-1.7186;-0.49805;1.9241
-1.7169;-0.49013;1.927
-1.7154;-0.48219;1.9302
-1.7142;-0.47425;1.934
-1.7131;-0.46636;1.9382
-1.7123;-0.45854;1.9429
-1.7117;-0.45082;1.948
-1.7114;-0.44323;1.9535
-1.7113;-0.43581;1.9594
-1.7114;-0.42858;1.9657
-1.7118;-0.42156;1.9723
-1.7123;-0.4148;1.9792
-1.7132;-0.40831;1.9863
-1.7142;-0.40213;1.9938
-1.7155;-0.39626;2.0014
-1.7169;-0.39075;2.0093
-1.7186;-0.38561;2.0173
-1.7205;-0.38085;2.0255
-1.7226;-0.37651;2.0337
-1.7249;-0.37259;2.0421
-1.7273;-0.36911;2.0504
-1.73;-0.36609;2.0588
-1.7328;-0.36353;2.0671
-1.7357;-0.36145;2.0754
-1.7388;-0.35986;2.0836
-1.742;-0.35876;2.0916
-1.7453;-0.35816;2.0995
-1.7487;-0.35805;2.1072
-1.7522;-0.35845;2.1146
-1.7557;-0.35934;2.1219
-1.7593;-0.36072;2.1288
-1.763;-0.36259;2.1354
-1.7667;-0.36495;2.1417
-1.7704;-0.36777;2.1476
-1.7741;-0.37106;2.1532
-1.7778;-0.37479;2.1584
-1.7815;-0.37896;2.1631
-1.7851;-0.38354;2.1674
-1.7887;-0.38852;2.1712
-1.7521;-0.58042;1.9307
-1.7479;-0.57535;1.9277
-1.7438;-0.56991;1.9251
-1.7398;-0.56414;1.9231
-1.7359;-0.55805;1.9216
-1.7322;-0.55168;1.9205
-1.7286;-0.54503;1.92
-1.7251;-0.53815;1.92
-1.7219;-0.53106;1.9206
-1.7189;-0.52378;1.9216
-1.716;-0.51635;1.9232
-1.7134;-0.50879;1.9252
-1.711;-0.50114;1.9278
-1.7088;-0.49342;1.9308
-1.7068;-0.48566;1.9343
-1.7052;-0.4779;1.9383
-1.7037;-0.47017;1.9427
-1.7026;-0.46249;1.9476
-1.7017;-0.4549;1.9528
-1.7011;-0.44743;1.9585
-1.7007;-0.4401;1.9645
-1.7006;-0.43294;1.9708
-1.7008;-0.426;1.9775
-1.7013;-0.41928;1.9844
-1.702;-0.41282;1.9916
-1.7031;-0.40664;1.9991
-1.7043;-0.40077;2.0067
-1.7059;-0.39523;2.0146
-1.7077;-0.39004;2.0225
-1.7097;-0.38522;2.0306
-1.712;-0.3808;2.0388
-1.7145;-0.37678;2.047
-1.7173;-0.37319;2.0552
-1.7202;-0.37004;2.0634
-1.7234;-0.36734;2.0716
-1.7267;-0.3651;2.0797
-1.7302;-0.36334;2.0876
-1.7338;-0.36205;2.0955
-1.7376;-0.36125;2.1031
-1.7416;-0.36093;2.1105
-1.7456;-0.3611;2.1177
-1.7498;-0.36175;2.1247
-1.754;-0.36289;2.1313
-1.7583;-0.36451;2.1377
-1.7626;-0.36661;2.1437
-1.767;-0.36917;2.1493
-1.7714;-0.37218;2.1545
-1.7757;-0.37564;2.1593
-1.7801;-0.37952;2.1637
-1.7844;-0.38382;2.1677
-1.7887;-0.38852;2.1712
-1.7521;-0.58042;1.9307
-1.7472;-0.57571;1.928
-1.7425;-0.57063;1.9259
-1.7379;-0.56522;1.9242
-1.7334;-0.55948;1.9231
-1.729;-0.55345;1.9224
-1.7249;-0.54715;1.9223
-1.7209;-0.5406;1.9226
-1.7171;-0.53382;1.9235
-1.7135;-0.52686;1.9249
-1.7101;-0.51972;1.9268
-1.7069;-0.51245;1.9291
-1.7041;-0.50506;1.932
-1.7014;-0.4976;1.9353
-1.6991;-0.49008;1.939
-1.697;-0.48254;1.9432
-1.6952;-0.47501;1.9479
-1.6937;-0.46752;1.9529
-1.6926;-0.46009;1.9583
-1.6917;-0.45276;1.9641
-1.6911;-0.44556;1.9703
-1.6909;-0.4385;1.9767
-1.6909;-0.43163;1.9835
-1.6913;-0.42497;1.9905
-1.692;-0.41854;1.9977
-1.693;-0.41238;2.0052
-1.6943;-0.40649;2.0128
-1.6959;-0.40092;2.0206
-1.6978;-0.39567;2.0285
-1.7;-0.39078;2.0365
-1.7024;-0.38625;2.0446
-1.7052;-0.38212;2.0527
-1.7082;-0.37838;2.0607
-1.7114;-0.37507;2.0688
-1.7148;-0.37219;2.0767
-1.7185;-0.36975;2.0846
-1.7224;-0.36776;2.0923
-1.7265;-0.36623;2.0999
-1.7307;-0.36517;2.1073
-1.7352;-0.36459;2.1144
-1.7397;-0.36447;2.1213
-1.7444;-0.36483;2.128
-1.7491;-0.36566;2.1343
-1.754;-0.36696;2.1403
-1.7589;-0.36872;2.1459
-1.7639;-0.37094;2.1512
-1.7689;-0.37361;2.156
-1.7739;-0.37671;2.1605
-1.7788;-0.38024;2.1645
-1.7838;-0.38419;2.1681
-1.7887;-0.38852;2.1712
-1.7521;-0.58042;1.9307
-1.7467;-0.57614;1.9285
-1.7414;-0.57149;1.9268
-1.7362;-0.5665;1.9255
-1.7312;-0.56119;1.9248
-1.7263;-0.55557;1.9245
-1.7216;-0.54968;1.9248
-1.7171;-0.54352;1.9256
-1.7128;-0.53714;1.9268
-1.7087;-0.53054;1.9285
-1.7049;-0.52376;1.9308
-1.7013;-0.51683;1.9335
-1.698;-0.50977;1.9366
-1.695;-0.50261;1.9402
-1.6923;-0.49538;1.9443
-1.6899;-0.48811;1.9488
-1.6878;-0.48082;1.9536
-1.686;-0.47354;1.9589
-1.6846;-0.46631;1.9645
-1.6835;-0.45915;1.9705
-1.6827;-0.45209;1.9768
-1.6823;-0.44516;1.9833
-1.6822;-0.43839;1.9902
-1.6825;-0.43179;1.9973
-1.6832;-0.42541;2.0045
-1.6841;-0.41925;2.012
-1.6855;-0.41336;2.0197
-1.6871;-0.40774;2.0274
-1.6891;-0.40243;2.0352
-1.6914;-0.39744;2.0432
-1.694;-0.39279;2.0511
-1.6969;-0.38851;2.059
-1.7001;-0.38461;2.0669
-1.7036;-0.38109;2.0748
-1.7074;-0.37799;2.0825
-1.7114;-0.37531;2.0901
-1.7156;-0.37306;2.0976
-1.72;-0.37125;2.1049
-1.7247;-0.36988;2.112
-1.7295;-0.36897;2.1188
-1.7345;-0.36851;2.1254
-1.7396;-0.36851;2.1316
-1.7449;-0.36897;2.1376
-1.7502;-0.36988;2.1432
-1.7556;-0.37125;2.1484
-1.7611;-0.37306;2.1533
-1.7667;-0.37532;2.1577
-1.7722;-0.378;2.1618
-1.7777;-0.38111;2.1654
-1.7832;-0.38462;2.1685
-1.7887;-0.38852;2.1712
-1.7521;-0.58042;1.9307
-1.7462;-0.57664;1.9289
-1.7405;-0.57248;1.9277
-1.7348;-0.56799;1.9269
-1.7293;-0.56316;1.9266
-1.724;-0.55802;1.9268
-1.7189;-0.55259;1.9275
-1.7139;-0.54689;1.9287
-1.7092;-0.54094;1.9304
-1.7047;-0.53478;1.9325
-1.7005;-0.52841;1.9352
-1.6965;-0.52187;1.9382
-1.6929;-0.51518;1.9417
-1.6895;-0.50837;1.9457
-1.6865;-0.50147;1.95
-1.6838;-0.4945;1.9548
-1.6814;-0.48749;1.9599
-1.6794;-0.48047;1.9654
-1.6778;-0.47347;1.9713
-1.6765;-0.4665;1.9774
-1.6756;-0.45961;1.9838
-1.675;-0.45282;1.9906
-1.6749;-0.44615;1.9975
-1.6751;-0.43963;2.0046
-1.6757;-0.43329;2.012
-1.6767;-0.42716;2.0195
-1.678;-0.42125;2.0271
-1.6797;-0.41558;2.0348
-1.6817;-0.41019;2.0426
-1.6841;-0.4051;2.0504
-1.6869;-0.40031;2.0582
-1.69;-0.39586;2.066
-1.6934;-0.39176;2.0737
-1.6971;-0.38802;2.0813
-1.7011;-0.38467;2.0888
-1.7053;-0.3817;2.0962
-1.7098;-0.37915;2.1033
-1.7146;-0.37701;2.1103
-1.7196;-0.37529;2.1171
-1.7247;-0.37401;2.1235
-1.7301;-0.37316;2.1297
-1.7356;-0.37275;2.1356
-1.7413;-0.37278;2.1412
-1.747;-0.37325;2.1464
-1.7529;-0.37416;2.1512
-1.7588;-0.37551;2.1556
-1.7648;-0.37728;2.1596
-1.7708;-0.37948;2.1632
-1.7768;-0.3821;2.1663
-1.7828;-0.38511;2.169
-1.7887;-0.38852;2.1712
-1.7521;-0.58042;1.9307
-1.7458;-0.57719;1.9294
-1.7397;-0.57359;1.9287
-1.7337;-0.56964;1.9284
-1.7278;-0.56535;1.9286
-1.7221;-0.56074;1.9293
-1.7166;-0.55583;1.9305
-1.7113;-0.55064;1.9321
-1.7063;-0.54519;1.9342
-1.7015;-0.5395;1.9368
-1.6969;-0.53359;1.9398
-1.6927;-0.52748;1.9433
-1.6888;-0.52121;1.9472
-1.6851;-0.5148;1.9515
-1.6819;-0.50826;1.9562
-1.6789;-0.50163;1.9612
-1.6764;-0.49493;1.9666
-1.6742;-0.48819;1.9724
-1.6723;-0.48144;1.9784
-1.6709;-0.47469;1.9848
-1.6699;-0.46799;1.9914
-1.6692;-0.46135;1.9982
-1.669;-0.4548;2.0053
-1.6691;-0.44837;2.0125
-1.6697;-0.44209;2.0199
-1.6706;-0.43597;2.0274
-1.672;-0.43004;2.035
-1.6737;-0.42432;2.0427
-1.6758;-0.41884;2.0504
-1.6783;-0.41363;2.0581
-1.6812;-0.40869;2.0657
-1.6844;-0.40405;2.0733
-1.6879;-0.39973;2.0809
-1.6918;-0.39574;2.0883
-1.696;-0.3921;2.0955
-1.7004;-0.38883;2.1026
-1.7052;-0.38594;2.1095
-1.7102;-0.38343;2.1161
-1.7154;-0.38132;2.1225
-1.7209;-0.37962;2.1286
-1.7266;-0.37834;2.1344
-1.7324;-0.37747;2.1399
-1.7384;-0.37702;2.145
-1.7445;-0.377;2.1497
-1.7507;-0.3774;2.1541
-1.757;-0.37823;2.158
-1.7633;-0.37947;2.1616
-1.7697;-0.38113;2.1647
-1.776;-0.3832;2.1673
-1.7824;-0.38567;2.1695
-1.7887;-0.38852;2.1712
-1.7521;-0.58042;1.9307
-1.7456;-0.57779;1.93
-1.7392;-0.57479;1.9297
-1.7329;-0.57143;1.93
-1.7267;-0.56773;1.9307
-1.7208;-0.5637;1.9319
-1.715;-0.55935;1.9335
-1.7095;-0.55472;1.9356
-1.7041;-0.5498;1.9382
-1.6991;-0.54463;1.9413
-1.6943;-0.53921;1.9447
-1.6899;-0.53359;1.9486
-1.6857;-0.52777;1.9529
-1.6819;-0.52177;1.9575
-1.6784;-0.51564;1.9626
-1.6753;-0.50937;1.9679
-1.6726;-0.50301;1.9737
-1.6703;-0.49658;1.9797
-1.6683;-0.4901;1.986
-1.6668;-0.48359;1.9925
-1.6656;-0.47709;1.9993
-1.6649;-0.47062;2.0063
-1.6646;-0.46421;2.0135
-1.6647;-0.45787;2.0208
-1.6653;-0.45164;2.0282
-1.6662;-0.44554;2.0357
-1.6676;-0.43959;2.0433
-1.6693;-0.43382;2.0509
-1.6715;-0.42825;2.0585
-1.674;-0.4229;2.0661
-1.677;-0.41779;2.0736
-1.6803;-0.41295;2.0811
-1.6839;-0.40839;2.0884
-1.6879;-0.40413;2.0955
-1.6922;-0.40019;2.1025
-1.6969;-0.39658;2.1093
-1.7018;-0.39331;2.1159
-1.707;-0.39041;2.1222
-1.7124;-0.38788;2.1282
-1.7181;-0.38572;2.1339
-1.7239;-0.38396;2.1393
-1.73;-0.3826;2.1443
-1.7362;-0.38163;2.149
-1.7426;-0.38108;2.1533
-1.749;-0.38093;2.1572
-1.7556;-0.38119;2.1606
-1.7622;-0.38185;2.1636
-1.7688;-0.38293;2.1662
-1.7755;-0.3844;2.1683
-1.7821;-0.38627;2.17
-1.7887;-0.38852;2.1712
-1.7521;-0.58042;1.9307
-1.7454;-0.57843;1.9305
-1.7388;-0.57607;1.9308
-1.7323;-0.57334;1.9316
-1.726;-0.57026;1.9328
-1.7199;-0.56685;1.9345
-1.714;-0.5631;1.9367
-1.7083;-0.55905;1.9393
-1.7028;-0.55471;1.9423
-1.6976;-0.55008;1.9458
-1.6927;-0.5452;1.9497
-1.6881;-0.54008;1.954
-1.6838;-0.53474;1.9587
-1.6799;-0.5292;1.9638
-1.6763;-0.52348;1.9692
-1.6731;-0.51762;1.9749
-1.6702;-0.51161;1.9809
-1.6678;-0.50551;1.9872
-1.6658;-0.49932;1.9937
-1.6642;-0.49307;2.0005
-1.663;-0.48678;2.0074
-1.6622;-0.48049;2.0146
-1.6619;-0.47421;2.0219
-1.662;-0.46798;2.0293
-1.6625;-0.46181;2.0367
-1.6634;-0.45573;2.0443
-1.6648;-0.44976;2.0518
-1.6665;-0.44393;2.0594
-1.6687;-0.43826;2.0669
-1.6713;-0.43277;2.0744
-1.6743;-0.42748;2.0818
-1.6777;-0.42242;2.089
-1.6814;-0.41761;2.0961
-1.6855;-0.41306;2.103
-1.6899;-0.40879;2.1098
-1.6946;-0.40482;2.1162
-1.6996;-0.40116;2.1225
-1.7049;-0.39783;2.1284
-1.7105;-0.39485;2.134
-1.7163;-0.39222;2.1394
-1.7223;-0.38995;2.1443
-1.7285;-0.38806;2.1489
-1.7349;-0.38654;2.1531
-1.7414;-0.38541;2.1569
-1.748;-0.38468;2.1603
-1.7547;-0.38434;2.1633
-1.7615;-0.38439;2.1658
-1.7683;-0.38484;2.1678
-1.7751;-0.38568;2.1694
-1.7819;-0.38691;2.1705
-1.7887;-0.38852;2.1712
-1.7521;-0.58042;1.9307
-1.7453;-0.5791;1.931
-1.7387;-0.5774;1.9319
-1.7321;-0.57533;1.9332
-1.7258;-0.57291;1.935
-1.7196;-0.57013;1.9372
-1.7136;-0.56702;1.9399
-1.7078;-0.56358;1.943
-1.7023;-0.55983;1.9465
-1.697;-0.55579;1.9505
-1.692;-0.55146;1.9548
-1.6874;-0.54686;1.9596
-1.683;-0.54202;1.9646
-1.6791;-0.53696;1.9701
-1.6754;-0.53168;1.9758
-1.6722;-0.52622;1.9819
-1.6693;-0.5206;1.9882
-1.6668;-0.51483;1.9948
-1.6648;-0.50894;2.0015
-1.6631;-0.50296;2.0085
-1.6619;-0.4969;2.0157
-1.6611;-0.4908;2.023
-1.6608;-0.48467;2.0304
-1.6609;-0.47854;2.0379
-1.6614;-0.47243;2.0454
-1.6623;-0.46637;2.0529
-1.6637;-0.46038;2.0605
-1.6654;-0.45448;2.068
-1.6676;-0.44871;2.0754
-1.6702;-0.44307;2.0828
-1.6732;-0.4376;2.09
-1.6766;-0.43232;2.0971
-1.6804;-0.42724;2.104
-1.6845;-0.42238;2.1106
-1.6889;-0.41777;2.1171
-1.6937;-0.41343;2.1232
-1.6988;-0.40936;2.1291
-1.7041;-0.40559;2.1347
-1.7097;-0.40213;2.14
-1.7156;-0.399;2.1449
-1.7217;-0.3962;2.1494
-1.7279;-0.39376;2.1535
-1.7343;-0.39167;2.1573
-1.7409;-0.38995;2.1606
-1.7476;-0.3886;2.1635
-1.7544;-0.38762;2.1659
-1.7612;-0.38703;2.1679
-1.7681;-0.38683;2.1694
-1.775;-0.38701;2.1705
-1.7819;-0.38758;2.1711
-1.7887;-0.38852;2.1712
-1.7521;-0.58042;1.9307
-1.7454;-0.57978;1.9316
-1.7387;-0.57877;1.933
-1.7322;-0.57738;1.9348
-1.7259;-0.57562;1.9371
-1.7197;-0.57351;1.9399
-1.7138;-0.57104;1.943
-1.708;-0.56824;1.9467
-1.7025;-0.5651;1.9507
-1.6973;-0.56164;1.9551
-1.6924;-0.55788;1.9599
-1.6878;-0.55383;1.9651
-1.6834;-0.5495;1.9706
-1.6795;-0.54492;1.9764
-1.6759;-0.5401;1.9825
-1.6727;-0.53506;1.9889
-1.6698;-0.52982;1.9955
-1.6674;-0.52441;2.0023
-1.6653;-0.51883;2.0094
-1.6637;-0.51312;2.0166
-1.6625;-0.5073;2.0239
-1.6617;-0.50138;2.0313
-1.6614;-0.4954;2.0388
-1.6614;-0.48938;2.0464
-1.6619;-0.48333;2.054
-1.6629;-0.47729;2.0616
-1.6642;-0.47128;2.0691
-1.666;-0.46532;2.0766
-1.6682;-0.45944;2.0839
-1.6708;-0.45366;2.0911
-1.6738;-0.44799;2.0982
-1.6772;-0.44248;2.1051
-1.6809;-0.43712;2.1118
-1.685;-0.43196;2.1182
-1.6894;-0.427;2.1244
-1.6942;-0.42227;2.1302
-1.6992;-0.41778;2.1358
-1.7045;-0.41356;2.141
-1.7101;-0.40961;2.1459
-1.716;-0.40597;2.1504
-1.722;-0.40263;2.1545
-1.7282;-0.39961;2.1582
-1.7346;-0.39693;2.1614
-1.7412;-0.3946;2.1643
-1.7478;-0.39262;2.1667
-1.7546;-0.391;2.1686
-1.7614;-0.38975;2.1701
-1.7682;-0.38888;2.1711
-1.7751;-0.38838;2.1716
-1.7819;-0.38826;2.1716
-1.7887;-0.38852;2.1712
-1.7521;-0.58042;1.9307
-1.7455;-0.58048;1.9321
-1.739;-0.58015;1.934
-1.7327;-0.57945;1.9364
-1.7265;-0.57837;1.9392
-1.7205;-0.57692;1.9425
-1.7146;-0.57511;1.9462
-1.709;-0.57294;1.9503
-1.7037;-0.57042;1.9548
-1.6985;-0.56756;1.9596
-1.6937;-0.56437;1.9649
-1.6892;-0.56087;1.9704
-1.685;-0.55706;1.9763
-1.6812;-0.55297;1.9825
-1.6776;-0.54861;1.989
-1.6745;-0.54399;1.9957
-1.6717;-0.53915;2.0026
-1.6694;-0.53408;2.0097
-1.6674;-0.52882;2.017
-1.6658;-0.52338;2.0244
-1.6647;-0.51779;2.0319
-1.6639;-0.51207;2.0395
-1.6636;-0.50624;2.0472
-1.6637;-0.50033;2.0548
-1.6642;-0.49435;2.0624
-1.6652;-0.48833;2.07
-1.6665;-0.4823;2.0775
-1.6683;-0.47628;2.085
-1.6705;-0.47029;2.0922
-1.673;-0.46435;2.0993
-1.676;-0.45849;2.1063
-1.6793;-0.45274;2.113
-1.683;-0.44711;2.1194
-1.687;-0.44163;2.1256
-1.6914;-0.43632;2.1315
-1.696;-0.4312;2.1371
-1.701;-0.42629;2.1423
-1.7062;-0.4216;2.1472
-1.7117;-0.41717;2.1517
-1.7174;-0.413;2.1558
-1.7233;-0.40912;2.1595
-1.7295;-0.40553;2.1627
-1.7357;-0.40225;2.1655
-1.7421;-0.3993;2.1679
-1.7487;-0.39668;2.1698
-1.7553;-0.39441;2.1712
-1.7619;-0.3925;2.1722
-1.7686;-0.39095;2.1726
-1.7753;-0.38976;2.1726
-1.782;-0.38895;2.1722
-1.7887;-0.38852;2.1712
-1.7521;-0.58042;1.9307
-1.7457;-0.58117;1.9326
-1.7395;-0.58153;1.935
-1.7334;-0.58151;1.9379
-1.7275;-0.5811;1.9412
-1.7217;-0.58031;1.945
-1.7161;-0.57915;1.9492
-1.7107;-0.57761;1.9537
-1.7056;-0.5757;1.9587
-1.7007;-0.57344;1.964
-1.696;-0.57082;1.9697
-1.6917;-0.56786;1.9756
-1.6877;-0.56458;1.9819
-1.684;-0.56097;1.9885
-1.6807;-0.55707;1.9953
-1.6777;-0.55288;2.0023
-1.6751;-0.54842;2.0095
-1.6728;-0.5437;2.0169
-1.671;-0.53875;2.0244
-1.6695;-0.53359;2.032
-1.6684;-0.52824;2.0397
-1.6678;-0.52271;2.0474
-1.6675;-0.51703;2.0552
-1.6676;-0.51122;2.0629
-1.6682;-0.50531;2.0706
-1.6691;-0.49931;2.0782
-1.6705;-0.49326;2.0857
-1.6722;-0.48717;2.093
-1.6743;-0.48107;2.1002
-1.6769;-0.47498;2.1072
-1.6797;-0.46894;2.114
-1.683;-0.46295;2.1205
-1.6866;-0.45705;2.1268
-1.6905;-0.45125;2.1328
-1.6947;-0.44559;2.1384
-1.6992;-0.44008;2.1437
-1.704;-0.43475;2.1486
-1.7091;-0.42961;2.1531
-1.7144;-0.42469;2.1573
-1.7199;-0.42;2.161
-1.7257;-0.41557;2.1642
-1.7316;-0.41141;2.1671
-1.7376;-0.40754;2.1694
-1.7438;-0.40397;2.1714
-1.7501;-0.40072;2.1728
-1.7565;-0.3978;2.1737
-1.7629;-0.39523;2.1742
-1.7694;-0.393;2.1742
-1.7758;-0.39114;2.1737
-1.7823;-0.38964;2.1727
-1.7887;-0.38852;2.1712
-1.7521;-0.58042;1.9307
-1.7461;-0.58184;1.9331
-1.7402;-0.58287;1.936
-1.7345;-0.58352;1.9394
-1.7288;-0.58377;1.9432
-1.7234;-0.58363;1.9474
-1.7181;-0.5831;1.952
-1.7131;-0.58219;1.957
-1.7082;-0.58088;1.9624
-1.7036;-0.5792;1.9681
-1.6993;-0.57714;1.9742
-1.6953;-0.57471;1.9806
-1.6915;-0.57193;1.9872
-1.6881;-0.56881;1.9941
-1.685;-0.56535;2.0012
-1.6822;-0.56157;2.0085
-1.6798;-0.55749;2.016
-1.6777;-0.55312;2.0237
-1.676;-0.54848;2.0314
-1.6747;-0.54358;2.0392
-1.6737;-0.53845;2.047
-1.6731;-0.53311;2.0549
-1.6729;-0.52758;2.0628
-1.6731;-0.52188;2.0706
-1.6737;-0.51603;2.0783
-1.6747;-0.51006;2.0859
-1.676;-0.50398;2.0934
-1.6777;-0.49783;2.1007
-1.6798;-0.49162;2.1078
-1.6822;-0.48539;2.1147
-1.685;-0.47915;2.1214
-1.6881;-0.47294;2.1277
-1.6916;-0.46677;2.1338
-1.6953;-0.46067;2.1395
-1.6994;-0.45466;2.1449
-1.7037;-0.44877;2.1499
-1.7083;-0.44302;2.1545
-1.7131;-0.43744;2.1588
-1.7182;-0.43204;2.1625
-1.7235;-0.42685;2.1659
-1.7289;-0.42189;2.1688
-1.7345;-0.41717;2.1712
-1.7403;-0.41272;2.1732
-1.7462;-0.40855;2.1746
-1.7522;-0.40468;2.1756
-1.7582;-0.40112;2.1761
-1.7643;-0.3979;2.1761
-1.7704;-0.39502;2.1756
-1.7765;-0.39249;2.1746
-1.7826;-0.39032;2.1732
-1.7887;-0.38852;2.1712
-1.7521;-0.58042;1.9307
-1.7465;-0.58249;1.9336
-1.7411;-0.58417;1.9369
-1.7358;-0.58546;1.9407
-1.7306;-0.58634;1.9449
-1.7256;-0.58683;1.9496
-1.7207;-0.58691;1.9546
-1.7161;-0.58659;1.9601
-1.7116;-0.58586;1.9659
-1.7074;-0.58474;1.972
-1.7035;-0.58322;1.9784
-1.6998;-0.5813;1.9851
-1.6963;-0.57901;1.9921
-1.6932;-0.57634;1.9993
-1.6904;-0.57332;2.0068
-1.6879;-0.56994;2.0144
-1.6857;-0.56622;2.0221
-1.6839;-0.56218;2.0299
-1.6824;-0.55783;2.0379
-1.6812;-0.5532;2.0459
-1.6804;-0.54829;2.0539
-1.68;-0.54313;2.0619
-1.6799;-0.53774;2.0698
-1.6801;-0.53214;2.0777
-1.6807;-0.52635;2.0855
-1.6817;-0.5204;2.0931
-1.683;-0.5143;2.1006
-1.6847;-0.50809;2.1078
-1.6867;-0.50178;2.1149
-1.6891;-0.49541;2.1217
-1.6917;-0.48899;2.1282
-1.6947;-0.48255;2.1344
-1.698;-0.47612;2.1403
-1.7015;-0.46973;2.1458
-1.7053;-0.46339;2.151
-1.7094;-0.45714;2.1557
-1.7137;-0.45099;2.1601
-1.7183;-0.44498;2.164
-1.723;-0.43912;2.1675
-1.728;-0.43344;2.1705
-1.7331;-0.42796;2.173
-1.7383;-0.42271;2.1751
-1.7437;-0.4177;2.1766
-1.7492;-0.41295;2.1777
-1.7548;-0.40849;2.1783
-1.7604;-0.40432;2.1783
-1.7661;-0.40047;2.1779
-1.7717;-0.39695;2.177
-1.7774;-0.39378;2.1755
-1.7831;-0.39097;2.1736
-1.7887;-0.38852;2.1712
-1.7521;-0.58042;1.9307
-1.7471;-0.5831;1.934
-1.7422;-0.5854;1.9377
-1.7374;-0.58729;1.9419
-1.7327;-0.58878;1.9466
-1.7282;-0.58985;1.9516
-1.7238;-0.59051;1.957
-1.7197;-0.59075;1.9628
-1.7157;-0.59057;1.969
-1.7119;-0.58997;1.9755
-1.7084;-0.58896;1.9823
-1.7051;-0.58753;1.9893
-1.7021;-0.5857;1.9966
-1.6994;-0.58347;2.0041
-1.6969;-0.58085;2.0118
-1.6947;-0.57784;2.0196
-1.6929;-0.57447;2.0276
-1.6913;-0.57074;2.0357
-1.69;-0.56668;2.0438
-1.6891;-0.56229;2.0519
-1.6884;-0.55759;2.0601
-1.6881;-0.5526;2.0682
-1.6882;-0.54734;2.0762
-1.6885;-0.54184;2.0842
-1.6892;-0.53611;2.092
-1.6902;-0.53017;2.0996
-1.6915;-0.52406;2.1071
-1.6931;-0.51779;2.1143
-1.695;-0.51138;2.1213
-1.6972;-0.50487;2.128
-1.6998;-0.49829;2.1344
-1.7025;-0.49164;2.1405
-1.7056;-0.48497;2.1462
-1.7089;-0.4783;2.1515
-1.7125;-0.47165;2.1565
-1.7162;-0.46505;2.161
-1.7202;-0.45852;2.1651
-1.7244;-0.4521;2.1687
-1.7288;-0.44581;2.1719
-1.7334;-0.43967;2.1746
-1.738;-0.43371;2.1768
-1.7429;-0.42795;2.1786
-1.7478;-0.42241;2.1798
-1.7528;-0.41711;2.1805
-1.7579;-0.41208;2.1807
-1.763;-0.40734;2.1804
-1.7682;-0.4029;2.1795
-1.7733;-0.39879;2.1782
-1.7785;-0.39501;2.1763
-1.7836;-0.39158;2.174
-1.7887;-0.38852;2.1712
