-2.0824;-0.80253;1.533
-2.1119;-0.80287;1.5081
-2.1412;-0.8016;1.4831
-2.17;-0.79873;1.458
-2.1983;-0.79427;1.4328
-2.2259;-0.78823;1.4077
-2.2528;-0.78065;1.3829
-2.2788;-0.77154;1.3583
-2.3038;-0.76095;1.3341
-2.3278;-0.74892;1.3104
-2.3507;-0.7355;1.2872
-2.3722;-0.72073;1.2647
-2.3925;-0.70468;1.243
-2.4113;-0.68741;1.2221
-2.4286;-0.66899;1.2022
-2.4444;-0.64949;1.1832
-2.4586;-0.62899;1.1654
-2.471;-0.60757;1.1486
-2.4818;-0.58531;1.1331
-2.4908;-0.5623;1.1189
-2.498;-0.53863;1.106
-2.5033;-0.5144;1.0944
-2.5068;-0.4897;1.0843
-2.5085;-0.46463;1.0757
-2.5082;-0.43929;1.0686
-2.5061;-0.41377;1.0629
-2.5022;-0.38818;1.0589
-2.4964;-0.36263;1.0564
-2.4887;-0.3372;1.0555
-2.4793;-0.312;1.0562
-2.4681;-0.28713;1.0584
-2.4552;-0.26269;1.0622
-2.4406;-0.23877;1.0676
-2.4244;-0.21548;1.0745
-2.4067;-0.19289;1.0829
-2.3875;-0.1711;1.0928
-2.367;-0.1502;1.1041
-2.3451;-0.13027;1.1169
-2.322;-0.11139;1.1309
-2.2977;-0.093625;1.1462
-2.2724;-0.077053;1.1628
-2.2462;-0.061739;1.1805
-2.2191;-0.047742;1.1993
-2.1913;-0.035118;1.2191
-2.1629;-0.023917;1.2399
-2.1339;-0.014182;1.2615
-2.1046;-0.0059527;1.2838
-2.075;0.00073894;1.3069
-2.0452;0.0058664;1.3305
-2.0154;0.0094096;1.3546
-1.9857;0.011354;1.3792
-2.0824;-0.80253;1.533
-2.1142;-0.80202;1.5113
-2.1456;-0.7999;1.4893
-2.1766;-0.79619;1.4672
-2.2071;-0.7909;1.4451
-2.2368;-0.78405;1.423
-2.2658;-0.77566;1.4011
-2.2939;-0.76578;1.3793
-2.3209;-0.75443;1.3579
-2.3468;-0.74167;1.3368
-2.3714;-0.72754;1.3163
-2.3948;-0.7121;1.2962
-2.4167;-0.69541;1.2769
-2.4371;-0.67754;1.2582
-2.4559;-0.65856;1.2403
-2.473;-0.63854;1.2232
-2.4884;-0.61756;1.2071
-2.502;-0.5957;1.1919
-2.5138;-0.57305;1.1778
-2.5237;-0.54971;1.1648
-2.5316;-0.52575;1.153
-2.5376;-0.50129;1.1423
-2.5416;-0.4764;1.1329
-2.5436;-0.4512;1.1247
-2.5435;-0.42577;1.1179
-2.5415;-0.40023;1.1124
-2.5375;-0.37467;1.1082
-2.5314;-0.34919;1.1054
-2.5235;-0.32389;1.104
-2.5135;-0.29888;1.104
-2.5017;-0.27425;1.1054
-2.4881;-0.2501;1.1082
-2.4726;-0.22652;1.1123
-2.4554;-0.20361;1.1178
-2.4366;-0.18146;1.1247
-2.4162;-0.16015;1.1328
-2.3942;-0.13977;1.1422
-2.3709;-0.1204;1.1529
-2.3462;-0.10212;1.1647
-2.3202;-0.084992;1.1777
-2.2932;-0.069093;1.1918
-2.2651;-0.054482;1.207
-2.2361;-0.041217;1.2231
-2.2063;-0.029352;1.2401
-2.1759;-0.018931;1.258
-2.1448;-0.009997;1.2767
-2.1134;-0.0025846;1.2961
-2.0816;0.0032767;1.3161
-2.0496;0.0075639;1.3367
-2.0176;0.01026;1.3577
-1.9857;0.011354;1.3792
-2.0824;-0.80253;1.533
-2.1159;-0.80116;1.5147
-2.149;-0.7982;1.4962
-2.1817;-0.79364;1.4775
-2.2139;-0.78751;1.4587
-2.2453;-0.77984;1.44
-2.2759;-0.77065;1.4212
-2.3055;-0.75998;1.4027
-2.3341;-0.74787;1.3843
-2.3614;-0.73437;1.3662
-2.3875;-0.71954;1.3485
-2.4122;-0.70342;1.3312
-2.4354;-0.68609;1.3144
-2.457;-0.66762;1.2981
-2.477;-0.64807;1.2825
-2.4951;-0.62752;1.2676
-2.5115;-0.60606;1.2534
-2.526;-0.58377;1.24
-2.5386;-0.56073;1.2274
-2.5491;-0.53705;1.2158
-2.5576;-0.5128;1.2051
-2.5641;-0.4881;1.1954
-2.5685;-0.46302;1.1867
-2.5707;-0.43769;1.1791
-2.5708;-0.41218;1.1726
-2.5689;-0.38661;1.1672
-2.5648;-0.36108;1.163
-2.5586;-0.33568;1.1598
-2.5503;-0.31052;1.1579
-2.54;-0.28569;1.1572
-2.5277;-0.2613;1.1576
-2.5135;-0.23744;1.1592
-2.4974;-0.2142;1.162
-2.4794;-0.19168;1.1659
-2.4597;-0.16996;1.171
-2.4383;-0.14913;1.1772
-2.4153;-0.12928;1.1845
-2.3908;-0.11047;1.1929
-2.3649;-0.092796;1.2023
-2.3377;-0.076312;1.2127
-2.3093;-0.061089;1.2241
-2.2798;-0.047186;1.2364
-2.2493;-0.034658;1.2495
-2.218;-0.023554;1.2635
-2.1859;-0.013918;1.2782
-2.1533;-0.0057893;1.2937
-2.1202;0.00080162;1.3097
-2.0867;0.0058281;1.3264
-2.0531;0.0092704;1.3436
-2.0193;0.011115;1.3612
-1.9857;0.011354;1.3792
-2.0824;-0.80253;1.533
-2.1171;-0.80032;1.5184
-2.1514;-0.79651;1.5036
-2.1853;-0.79111;1.4886
-2.2186;-0.78416;1.4735
-2.2511;-0.77568;1.4583
-2.2828;-0.76569;1.4431
-2.3136;-0.75424;1.428
-2.3432;-0.74138;1.4129
-2.3716;-0.72715;1.3981
-2.3986;-0.71161;1.3834
-2.4243;-0.69483;1.3691
-2.4484;-0.67687;1.3551
-2.4708;-0.65779;1.3414
-2.4915;-0.63768;1.3283
-2.5105;-0.61662;1.3156
-2.5275;-0.59468;1.3035
-2.5426;-0.57196;1.292
-2.5557;-0.54854;1.2812
-2.5667;-0.52452;1.271
-2.5756;-0.49999;1.2616
-2.5824;-0.47505;1.2529
-2.587;-0.44979;1.2451
-2.5895;-0.42432;1.2381
-2.5897;-0.39873;1.2319
-2.5878;-0.37314;1.2266
-2.5837;-0.34763;1.2222
-2.5774;-0.32231;1.2188
-2.5689;-0.29728;1.2163
-2.5584;-0.27264;1.2147
-2.5457;-0.24848;1.2141
-2.5311;-0.22491;1.2144
-2.5145;-0.20201;1.2157
-2.496;-0.17987;1.2179
-2.4757;-0.15858;1.2211
-2.4536;-0.13823;1.2252
-2.4299;-0.11889;1.2302
-2.4046;-0.10065;1.2362
-2.3778;-0.083572;1.2429
-2.3497;-0.067723;1.2506
-2.3204;-0.053169;1.259
-2.2899;-0.039966;1.2682
-2.2584;-0.028166;1.2781
-2.226;-0.017817;1.2888
-2.1929;-0.0089581;1.3001
-2.1591;-0.0016253;1.312
-2.1249;0.0041527;1.3245
-2.0903;0.0083531;1.3375
-2.0554;0.010959;1.351
-2.0205;0.011961;1.3649
-1.9857;0.011354;1.3792
-2.0824;-0.80253;1.533
-2.1177;-0.79949;1.5224
-2.1527;-0.79486;1.5115
-2.1872;-0.78866;1.5004
-2.2211;-0.7809;1.4892
-2.2543;-0.77162;1.4778
-2.2866;-0.76086;1.4663
-2.3179;-0.74865;1.4548
-2.3481;-0.73506;1.4433
-2.377;-0.72012;1.4318
-2.4046;-0.7039;1.4205
-2.4308;-0.68647;1.4092
-2.4553;-0.66789;1.3982
-2.4782;-0.64823;1.3874
-2.4994;-0.62757;1.3768
-2.5187;-0.606;1.3666
-2.5361;-0.5836;1.3567
-2.5515;-0.56046;1.3473
-2.5649;-0.53667;1.3382
-2.5762;-0.51232;1.3296
-2.5853;-0.48751;1.3215
-2.5923;-0.46234;1.314
-2.5971;-0.4369;1.307
-2.5996;-0.4113;1.3006
-2.5999;-0.38564;1.2948
-2.598;-0.36002;1.2896
-2.5938;-0.33453;1.2851
-2.5875;-0.30929;1.2813
-2.5789;-0.28439;1.2782
-2.5682;-0.25993;1.2757
-2.5554;-0.23601;1.274
-2.5406;-0.21271;1.273
-2.5237;-0.19013;1.2727
-2.5049;-0.16837;1.2732
-2.4843;-0.1475;1.2743
-2.4619;-0.12762;1.2762
-2.4377;-0.10879;1.2788
-2.412;-0.091087;1.2821
-2.3848;-0.07459;1.2861
-2.3562;-0.05936;1.2907
-2.3264;-0.045457;1.296
-2.2954;-0.032935;1.302
-2.2633;-0.021845;1.3085
-2.2304;-0.01223;1.3156
-2.1967;-0.004128;1.3233
-2.1623;0.0024292;1.3315
-2.1274;0.0074157;1.3402
-2.0922;0.010812;1.3493
-2.0567;0.012604;1.3589
-2.0212;0.012785;1.3689
-1.9857;0.011354;1.3792
-2.0824;-0.80253;1.533
-2.1178;-0.7987;1.5265
-2.1529;-0.79329;1.5197
-2.1874;-0.7863;1.5127
-2.2214;-0.77778;1.5055
-2.2547;-0.76774;1.4981
-2.2871;-0.75623;1.4905
-2.3185;-0.74331;1.4827
-2.3487;-0.72901;1.4749
-2.3777;-0.71339;1.467
-2.4054;-0.69652;1.459
-2.4316;-0.67846;1.4511
-2.4562;-0.65929;1.4431
-2.4792;-0.63907;1.4352
-2.5004;-0.6179;1.4274
-2.5198;-0.59584;1.4197
-2.5372;-0.573;1.4122
-2.5527;-0.54946;1.4048
-2.5661;-0.52531;1.3976
-2.5774;-0.50064;1.3907
-2.5866;-0.47556;1.384
-2.5936;-0.45017;1.3776
-2.5983;-0.42456;1.3715
-2.6009;-0.39884;1.3657
-2.6012;-0.3731;1.3603
-2.5993;-0.34746;1.3553
-2.5951;-0.322;1.3506
-2.5888;-0.29683;1.3464
-2.5802;-0.27206;1.3426
-2.5695;-0.24777;1.3393
-2.5567;-0.22406;1.3364
-2.5418;-0.20103;1.334
-2.5249;-0.17877;1.3321
-2.5061;-0.15736;1.3307
-2.4854;-0.1369;1.3298
-2.4629;-0.11745;1.3293
-2.4387;-0.099108;1.3294
-2.413;-0.081931;1.3299
-2.3857;-0.065992;1.331
-2.3571;-0.051354;1.3326
-2.3271;-0.038074;1.3346
-2.2961;-0.026205;1.3371
-2.264;-0.015795;1.3401
-2.2309;-0.0068825;1.3436
-2.1971;0.00049556;1.3475
-2.1627;0.0063104;1.3518
-2.1278;0.010539;1.3565
-2.0924;0.013165;1.3616
-2.0569;0.014178;1.3671
-2.0212;0.013574;1.373
-1.9857;0.011354;1.3792
-2.0824;-0.80253;1.533
-2.1173;-0.79796;1.5307
-2.1519;-0.79181;1.5282
-2.186;-0.78409;1.5253
-2.2195;-0.77484;1.5222
-2.2523;-0.76409;1.5188
-2.2843;-0.75189;1.5152
-2.3152;-0.73828;1.5114
-2.3451;-0.72332;1.5073
-2.3737;-0.70707;1.503
-2.4009;-0.68958;1.4986
-2.4267;-0.67094;1.4939
-2.451;-0.65121;1.4892
-2.4736;-0.63047;1.4842
-2.4945;-0.6088;1.4792
-2.5136;-0.5863;1.4741
-2.5308;-0.56304;1.4689
-2.546;-0.53912;1.4637
-2.5592;-0.51463;1.4584
-2.5703;-0.48967;1.4532
-2.5793;-0.46434;1.4479
-2.5862;-0.43874;1.4427
-2.5909;-0.41297;1.4375
-2.5933;-0.38713;1.4324
-2.5936;-0.36133;1.4274
-2.5917;-0.33566;1.4225
-2.5875;-0.31022;1.4177
-2.5812;-0.28513;1.4131
-2.5727;-0.26046;1.4087
-2.5621;-0.23634;1.4044
-2.5494;-0.21284;1.4004
-2.5347;-0.19006;1.3965
-2.518;-0.16809;1.3929
-2.4994;-0.14702;1.3896
-2.4789;-0.12694;1.3865
-2.4567;-0.10791;1.3837
-2.4329;-0.090015;1.3812
-2.4074;-0.073329;1.379
-2.3805;-0.057914;1.377
-2.3522;-0.043832;1.3754
-2.3227;-0.031138;1.3741
-2.292;-0.019882;1.3732
-2.2603;-0.010109;1.3725
-2.2277;-0.0018579;1.3722
-2.1943;0.0048397;1.3722
-2.1603;0.009957;1.3726
-2.1259;0.013474;1.3732
-2.091;0.015376;1.3742
-2.0559;0.015657;1.3756
-2.0208;0.014315;1.3772
-1.9857;0.011354;1.3792
-2.0824;-0.80253;1.533
-2.1163;-0.79728;1.535
-2.1498;-0.79045;1.5367
-2.1829;-0.78206;1.538
-2.2155;-0.77214;1.5391
-2.2473;-0.76074;1.5398
-2.2782;-0.74789;1.5402
-2.3082;-0.73366;1.5402
-2.3371;-0.71809;1.5399
-2.3649;-0.70125;1.5393
-2.3913;-0.6832;1.5384
-2.4163;-0.66402;1.5371
-2.4398;-0.64378;1.5355
-2.4617;-0.62256;1.5336
-2.4819;-0.60044;1.5314
-2.5003;-0.57751;1.5289
-2.5169;-0.55387;1.5261
-2.5316;-0.5296;1.5231
-2.5443;-0.50481;1.5198
-2.5551;-0.47958;1.5162
-2.5637;-0.45402;1.5124
-2.5703;-0.42823;1.5083
-2.5747;-0.40231;1.5041
-2.5771;-0.37636;1.4996
-2.5772;-0.35049;1.495
-2.5753;-0.3248;1.4903
-2.5712;-0.29939;1.4854
-2.5649;-0.27436;1.4804
-2.5566;-0.2498;1.4752
-2.5462;-0.22582;1.4701
-2.5338;-0.20251;1.4648
-2.5194;-0.17997;1.4595
-2.5032;-0.15827;1.4543
-2.485;-0.13751;1.449
-2.4651;-0.11777;1.4437
-2.4435;-0.099125;1.4385
-2.4202;-0.081651;1.4334
-2.3955;-0.065415;1.4283
-2.3693;-0.050483;1.4234
-2.3418;-0.036912;1.4186
-2.313;-0.024757;1.414
-2.2832;-0.014066;1.4095
-2.2524;-0.0048797;1.4052
-2.2207;0.0027641;1.401
-2.1883;0.0088359;1.3972
-2.1553;0.013312;1.3935
-2.1218;0.016174;1.3901
-2.0879;0.01741;1.3869
-2.0539;0.017017;1.3841
-2.0197;0.014996;1.3815
-1.9857;0.011354;1.3792
-2.0824;-0.80253;1.533
-2.1147;-0.79667;1.5392
-2.1467;-0.78923;1.5451
-2.1783;-0.78023;1.5506
-2.2093;-0.76972;1.5558
-2.2396;-0.75773;1.5606
-2.2691;-0.74431;1.5649
-2.2976;-0.72951;1.5688
-2.3251;-0.7134;1.5723
-2.3515;-0.69603;1.5753
-2.3766;-0.67748;1.5779
-2.4004;-0.65781;1.58
-2.4227;-0.63711;1.5816
-2.4435;-0.61546;1.5826
-2.4627;-0.59294;1.5832
-2.4801;-0.56964;1.5833
-2.4959;-0.54565;1.5829
-2.5098;-0.52107;1.582
-2.5218;-0.49599;1.5806
-2.5319;-0.47052;1.5787
-2.54;-0.44475;1.5763
-2.5461;-0.41879;1.5734
-2.5502;-0.39274;1.5701
-2.5523;-0.3667;1.5663
-2.5523;-0.34077;1.5621
-2.5503;-0.31506;1.5575
-2.5463;-0.28967;1.5525
-2.5402;-0.26469;1.547
-2.5321;-0.24023;1.5413
-2.5221;-0.21639;1.5352
-2.5101;-0.19325;1.5288
-2.4963;-0.17091;1.522
-2.4806;-0.14946;1.5151
-2.4632;-0.12898;1.5079
-2.444;-0.10955;1.5005
-2.4233;-0.091246;1.4929
-2.401;-0.074147;1.4852
-2.3773;-0.058316;1.4774
-2.3522;-0.043816;1.4694
-2.3259;-0.030704;1.4615
-2.2984;-0.019033;1.4535
-2.2698;-0.008847;1.4455
-2.2404;-0.00018782;1.4375
-2.2101;0.0069109;1.4297
-2.1791;0.012421;1.4219
-2.1476;0.016321;1.4143
-2.1156;0.018596;1.4068
-2.0833;0.019235;1.3995
-2.0507;0.018238;1.3925
-2.0182;0.015608;1.3857
-1.9857;0.011354;1.3792
-2.0824;-0.80253;1.533
-2.1126;-0.79614;1.5433
-2.1426;-0.78817;1.5533
-2.1721;-0.77865;1.5629
-2.201;-0.76761;1.5721
-2.2293;-0.75511;1.5808
-2.2569;-0.74119;1.5891
-2.2835;-0.72591;1.5968
-2.3092;-0.70932;1.6039
-2.3338;-0.69149;1.6105
-2.3572;-0.6725;1.6165
-2.3793;-0.65241;1.6218
-2.4001;-0.63131;1.6265
-2.4194;-0.60928;1.6305
-2.4372;-0.58641;1.6338
-2.4534;-0.56278;1.6364
-2.4679;-0.5385;1.6383
-2.4808;-0.51365;1.6395
-2.4918;-0.48833;1.64
-2.5011;-0.46265;1.6397
-2.5085;-0.4367;1.6387
-2.5141;-0.41059;1.637
-2.5177;-0.38442;1.6346
-2.5195;-0.3583;1.6314
-2.5193;-0.33232;1.6276
-2.5172;-0.30659;1.6231
-2.5132;-0.28122;1.6179
-2.5074;-0.25629;1.6121
-2.4996;-0.23192;1.6057
-2.49;-0.20819;1.5987
-2.4786;-0.1852;1.5912
-2.4655;-0.16304;1.5831
-2.4506;-0.14179;1.5745
-2.4342;-0.12155;1.5654
-2.4161;-0.1024;1.5559
-2.3965;-0.084394;1.546
-2.3755;-0.067621;1.5358
-2.3532;-0.052142;1.5252
-2.3295;-0.038018;1.5144
-2.3048;-0.025306;1.5033
-2.2789;-0.014054;1.492
-2.2521;-0.0043089;1.4806
-2.2244;0.0038923;1.4692
-2.196;0.010517;1.4576
-2.1669;0.015539;1.4461
-2.1373;0.018938;1.4346
-2.1073;0.020702;1.4231
-2.0771;0.020822;1.4118
-2.0466;0.0193;1.4007
-2.0161;0.016139;1.3898
-1.9857;0.011354;1.3792
-2.0824;-0.80253;1.533
-2.1101;-0.79569;1.5473
-2.1375;-0.78728;1.5612
-2.1644;-0.77732;1.5747
-2.1909;-0.76586;1.5878
-2.2168;-0.75293;1.6003
-2.2419;-0.73859;1.6123
-2.2662;-0.7229;1.6236
-2.2896;-0.70592;1.6343
-2.312;-0.68771;1.6443
-2.3332;-0.66835;1.6535
-2.3533;-0.64791;1.662
-2.3722;-0.62648;1.6696
-2.3897;-0.60413;1.6764
-2.4058;-0.58097;1.6823
-2.4204;-0.55707;1.6874
-2.4336;-0.53253;1.6915
-2.4451;-0.50745;1.6947
-2.455;-0.48194;1.6969
-2.4633;-0.45608;1.6983
-2.4698;-0.42998;1.6986
-2.4746;-0.40375;1.698
-2.4777;-0.37748;1.6964
-2.4791;-0.35129;1.6939
-2.4787;-0.32527;1.6905
-2.4765;-0.29953;1.6861
-2.4726;-0.27416;1.6808
-2.467;-0.24928;1.6746
-2.4596;-0.22497;1.6676
-2.4506;-0.20134;1.6597
-2.4399;-0.17848;1.6511
-2.4276;-0.15647;1.6416
-2.4138;-0.1354;1.6315
-2.3985;-0.11536;1.6206
-2.3817;-0.09643;1.6091
-2.3636;-0.078678;1.597
-2.3441;-0.062177;1.5843
-2.3235;-0.046991;1.5711
-2.3017;-0.033181;1.5575
-2.2788;-0.020802;1.5434
-2.255;-0.0099012;1.5291
-2.2303;-0.00052291;1.5144
-2.2048;0.0072963;1.4995
-2.1787;0.013525;1.4844
-2.1519;0.01814;1.4692
-2.1248;0.021122;1.454
-2.0972;0.022459;1.4388
-2.0694;0.022146;1.4236
-2.0415;0.020185;1.4086
-2.0135;0.016583;1.3938
-1.9857;0.011354;1.3792
-2.0824;-0.80253;1.533
-2.1071;-0.79535;1.551
-2.1315;-0.78659;1.5686
-2.1555;-0.77628;1.5858
-2.1791;-0.76447;1.6025
-2.202;-0.75121;1.6186
-2.2243;-0.73655;1.6341
-2.2459;-0.72054;1.6489
-2.2666;-0.70324;1.6629
-2.2864;-0.68473;1.6761
-2.3052;-0.66508;1.6884
-2.3229;-0.64437;1.6998
-2.3395;-0.62268;1.7102
-2.3549;-0.60009;1.7197
-2.3691;-0.57669;1.7281
-2.3819;-0.55258;1.7354
-2.3933;-0.52784;1.7416
-2.4033;-0.50259;1.7467
-2.4119;-0.47691;1.7507
-2.4189;-0.45092;1.7534
-2.4245;-0.4247;1.7551
-2.4285;-0.39837;1.7555
-2.4309;-0.37203;1.7547
-2.4318;-0.34578;1.7528
-2.4311;-0.31973;1.7497
-2.4288;-0.29398;1.7455
-2.425;-0.26862;1.7401
-2.4197;-0.24377;1.7335
-2.4128;-0.21952;1.7259
-2.4044;-0.19597;1.7172
-2.3946;-0.1732;1.7075
-2.3833;-0.15131;1.6968
-2.3707;-0.13038;1.6852
-2.3567;-0.1105;1.6726
-2.3415;-0.091743;1.6592
-2.325;-0.074187;1.645
-2.3074;-0.0579;1.63
-2.2887;-0.042945;1.6144
-2.269;-0.029381;1.5981
-2.2484;-0.017263;1.5813
-2.227;-0.0066385;1.564
-2.2047;0.0024514;1.5462
-2.1818;0.0099704;1.5281
-2.1584;0.015889;1.5097
-2.1344;0.020183;1.4911
-2.11;0.022837;1.4724
-2.0854;0.023839;1.4536
-2.0605;0.023187;1.4348
-2.0355;0.020881;1.416
-2.0105;0.016932;1.3975
-1.9857;0.011354;1.3792
-2.0824;-0.80253;1.533
-2.1037;-0.7951;1.5544
-2.1247;-0.78609;1.5755
-2.1454;-0.77554;1.5961
-2.1656;-0.76349;1.6162
-2.1854;-0.74999;1.6356
-2.2045;-0.73509;1.6543
-2.2229;-0.71885;1.6722
-2.2406;-0.70134;1.6893
-2.2575;-0.68262;1.7054
-2.2735;-0.66276;1.7206
-2.2886;-0.64186;1.7347
-2.3026;-0.61997;1.7477
-2.3156;-0.59721;1.7596
-2.3275;-0.57365;1.7703
-2.3382;-0.54938;1.7797
-2.3478;-0.52451;1.7879
-2.3561;-0.49913;1.7947
-2.3631;-0.47334;1.8002
-2.3688;-0.44725;1.8044
-2.3732;-0.42095;1.8072
-2.3762;-0.39455;1.8086
-2.3779;-0.36815;1.8086
-2.3783;-0.34186;1.8072
-2.3773;-0.31579;1.8044
-2.3749;-0.29003;1.8003
-2.3712;-0.26468;1.7947
-2.3662;-0.23986;1.7879
-2.3598;-0.21564;1.7797
-2.3522;-0.19214;1.7703
-2.3433;-0.16944;1.7596
-2.3332;-0.14763;1.7478
-2.3219;-0.12681;1.7348
-2.3095;-0.10704;1.7206
-2.2959;-0.08841;1.7055
-2.2814;-0.070993;1.6893
-2.2659;-0.054857;1.6722
-2.2494;-0.040066;1.6543
-2.2321;-0.026679;1.6356
-2.2141;-0.014747;1.6162
-2.1953;-0.0043177;1.5962
-2.1758;0.004567;1.5756
-2.1559;0.011873;1.5545
-2.1354;0.01757;1.533
-2.1145;0.021637;1.5113
-2.0934;0.024057;1.4893
-2.072;0.024821;1.4672
-2.0504;0.023926;1.445
-2.0288;0.021376;1.4229
-2.0072;0.01718;1.4009
-1.9857;0.011354;1.3792
-2.0824;-0.80253;1.533
-2.1;-0.79496;1.5575
-2.1173;-0.7858;1.5817
-2.1343;-0.77511;1.6054
-2.1509;-0.76293;1.6284
-2.167;-0.74929;1.6508
-2.1827;-0.73425;1.6725
-2.1977;-0.71788;1.6932
-2.2121;-0.70024;1.7131
-2.2258;-0.68139;1.7319
-2.2387;-0.66142;1.7496
-2.2508;-0.6404;1.7662
-2.2621;-0.61841;1.7815
-2.2724;-0.59554;1.7956
-2.2818;-0.57189;1.8083
-2.2903;-0.54753;1.8197
-2.2977;-0.52258;1.8296
-2.3041;-0.49713;1.838
-2.3094;-0.47127;1.8449
-2.3137;-0.44512;1.8503
-2.3168;-0.41877;1.8541
-2.3188;-0.39233;1.8564
-2.3197;-0.36591;1.8571
-2.3195;-0.3396;1.8562
-2.3181;-0.31351;1.8537
-2.3156;-0.28774;1.8496
-2.312;-0.2624;1.844
-2.3073;-0.23759;1.8369
-2.3016;-0.2134;1.8282
-2.2948;-0.18993;1.8181
-2.2869;-0.16727;1.8066
-2.2781;-0.14551;1.7937
-2.2682;-0.12474;1.7794
-2.2575;-0.10504;1.7639
-2.2459;-0.086481;1.7472
-2.2334;-0.069145;1.7293
-2.2202;-0.053098;1.7103
-2.2062;-0.038402;1.6903
-2.1915;-0.025115;1.6694
-2.1763;-0.013291;1.6477
-2.1604;-0.0029755;1.6252
-2.1441;0.0057906;1.602
-2.1273;0.012973;1.5783
-2.1102;0.018542;1.5541
-2.0927;0.022478;1.5294
-2.075;0.024763;1.5045
-2.0572;0.025389;1.4795
-2.0393;0.024354;1.4543
-2.0213;0.021662;1.4291
-2.0034;0.017323;1.404
-1.9857;0.011354;1.3792
-2.0824;-0.80253;1.533
-2.096;-0.79492;1.5603
-2.1093;-0.78573;1.5871
-2.1224;-0.775;1.6135
-2.1351;-0.76278;1.6392
-2.1473;-0.74911;1.6642
-2.1592;-0.73404;1.6883
-2.1706;-0.71763;1.7116
-2.1814;-0.69996;1.7339
-2.1916;-0.68108;1.755
-2.2012;-0.66108;1.775
-2.2102;-0.64003;1.7937
-2.2184;-0.61801;1.8111
-2.226;-0.59512;1.8271
-2.2327;-0.57144;1.8416
-2.2387;-0.54706;1.8546
-2.2439;-0.52209;1.866
-2.2482;-0.49662;1.8758
-2.2518;-0.47075;1.884
-2.2544;-0.44458;1.8904
-2.2562;-0.41822;1.8952
-2.2571;-0.39177;1.8982
-2.2571;-0.36533;1.8995
-2.2562;-0.33902;1.899
-2.2545;-0.31293;1.8968
-2.2519;-0.28716;1.8928
-2.2484;-0.26182;1.8871
-2.2441;-0.23701;1.8797
-2.239;-0.21283;1.8706
-2.233;-0.18936;1.8599
-2.2263;-0.16672;1.8476
-2.2188;-0.14497;1.8338
-2.2106;-0.12421;1.8185
-2.2016;-0.10453;1.8017
-2.1921;-0.085989;1.7836
-2.1819;-0.068674;1.7642
-2.1711;-0.052649;1.7435
-2.1597;-0.037977;1.7218
-2.1479;-0.024716;1.699
-2.1356;-0.012919;1.6752
-2.123;-0.0026329;1.6506
-2.1099;0.0061029;1.6251
-2.0966;0.013253;1.5991
-2.083;0.01879;1.5724
-2.0693;0.022692;1.5453
-2.0554;0.024943;1.5179
-2.0414;0.025534;1.4902
-2.0273;0.024464;1.4624
-2.0133;0.021735;1.4345
-1.9994;0.01736;1.4067
-1.9857;0.011354;1.3792
-2.0824;-0.80253;1.533
-2.0918;-0.79499;1.5625
-2.1009;-0.78587;1.5917
-2.1098;-0.77522;1.6203
-2.1183;-0.76306;1.6482
-2.1266;-0.74946;1.6754
-2.1345;-0.73445;1.7017
-2.142;-0.71811;1.7271
-2.149;-0.7005;1.7513
-2.1556;-0.68169;1.7745
-2.1617;-0.66174;1.7963
-2.1674;-0.64075;1.8168
-2.1724;-0.61878;1.8359
-2.177;-0.59594;1.8535
-2.181;-0.57231;1.8695
-2.1844;-0.54797;1.8839
-2.1872;-0.52304;1.8966
-2.1894;-0.49761;1.9076
-2.191;-0.47177;1.9168
-2.192;-0.44563;1.9242
-2.1923;-0.41929;1.9297
-2.192;-0.39286;1.9333
-2.1911;-0.36644;1.9351
-2.1896;-0.34014;1.935
-2.1875;-0.31405;1.933
-2.1847;-0.28829;1.9291
-2.1814;-0.26295;1.9233
-2.1775;-0.23813;1.9157
-2.173;-0.21394;1.9063
-2.168;-0.19046;1.8951
-2.1624;-0.16779;1.8821
-2.1563;-0.14602;1.8675
-2.1498;-0.12523;1.8513
-2.1428;-0.10551;1.8335
-2.1354;-0.086941;1.8142
-2.1275;-0.069586;1.7935
-2.1193;-0.053517;1.7715
-2.1108;-0.038798;1.7482
-2.1019;-0.025488;1.7238
-2.0928;-0.013638;1.6983
-2.0835;-0.0032954;1.6719
-2.0739;0.005499;1.6446
-2.0642;0.01271;1.6165
-2.0544;0.018311;1.5879
-2.0445;0.022277;1.5587
-2.0346;0.024595;1.5291
-2.0247;0.025254;1.4992
-2.0148;0.024252;1.4692
-2.0049;0.021594;1.4391
-1.9952;0.017289;1.409
-1.9857;0.011354;1.3792
-2.0824;-0.80253;1.533
-2.0874;-0.79517;1.5643
-2.0922;-0.78623;1.5953
-2.0967;-0.77574;1.6257
-2.1011;-0.76376;1.6554
-2.1051;-0.75033;1.6843
-2.1089;-0.73549;1.7123
-2.1123;-0.71931;1.7393
-2.1155;-0.70186;1.7652
-2.1183;-0.6832;1.7899
-2.1209;-0.6634;1.8132
-2.123;-0.64254;1.8352
-2.1248;-0.62071;1.8556
-2.1263;-0.598;1.8745
-2.1274;-0.57448;1.8917
-2.1281;-0.55026;1.9072
-2.1285;-0.52542;1.921
-2.1284;-0.50008;1.9329
-2.1281;-0.47432;1.9429
-2.1273;-0.44825;1.951
-2.1262;-0.42197;1.9571
-2.1247;-0.39559;1.9612
-2.1228;-0.36921;1.9634
-2.1206;-0.34293;1.9636
-2.1181;-0.31687;1.9617
-2.1152;-0.29111;1.9579
-2.112;-0.26576;1.9521
-2.1085;-0.24093;1.9443
-2.1047;-0.2167;1.9346
-2.1006;-0.19319;1.923
-2.0963;-0.17047;1.9096
-2.0917;-0.14864;1.8943
-2.0869;-0.12778;1.8774
-2.0818;-0.10798;1.8588
-2.0766;-0.089321;1.8386
-2.0713;-0.071867;1.8168
-2.0657;-0.055689;1.7937
-2.0601;-0.040854;1.7692
-2.0543;-0.027418;1.7435
-2.0485;-0.015435;1.7167
-2.0426;-0.0049525;1.6888
-2.0367;0.0039883;1.66
-2.0307;0.011352;1.6304
-2.0248;0.01711;1.6001
-2.0189;0.021239;1.5693
-2.0131;0.023723;1.538
-2.0074;0.024553;1.5064
-2.0017;0.023724;1.4746
-1.9962;0.02124;1.4427
-1.9908;0.017112;1.4108
-1.9857;0.011354;1.3792
-2.0824;-0.80253;1.533
-2.0829;-0.79545;1.5657
-2.0833;-0.78679;1.5979
-2.0835;-0.77658;1.6296
-2.0834;-0.76487;1.6606
-2.0832;-0.75171;1.6907
-2.0828;-0.73714;1.72
-2.0822;-0.72122;1.7482
-2.0814;-0.70401;1.7753
-2.0804;-0.68559;1.8011
-2.0792;-0.66602;1.8255
-2.0779;-0.64539;1.8485
-2.0764;-0.62377;1.87
-2.0747;-0.60125;1.8898
-2.0728;-0.57792;1.9079
-2.0708;-0.55387;1.9242
-2.0687;-0.52919;1.9386
-2.0664;-0.50399;1.9512
-2.064;-0.47836;1.9618
-2.0614;-0.4524;1.9704
-2.0588;-0.42622;1.977
-2.0561;-0.39992;1.9815
-2.0532;-0.3736;1.9839
-2.0503;-0.34737;1.9843
-2.0474;-0.32132;1.9826
-2.0444;-0.29557;1.9788
-2.0413;-0.27022;1.9729
-2.0382;-0.24536;1.965
-2.0351;-0.22109;1.9551
-2.032;-0.19751;1.9432
-2.0289;-0.17472;1.9294
-2.0258;-0.15279;1.9138
-2.0228;-0.13183;1.8963
-2.0198;-0.1119;1.8771
-2.0168;-0.093093;1.8562
-2.014;-0.075481;1.8338
-2.0112;-0.059131;1.8098
-2.0085;-0.04411;1.7845
-2.0058;-0.030476;1.7578
-2.0033;-0.018282;1.73
-2.001;-0.0075782;1.7011
-1.9987;0.0015948;1.6712
-1.9966;0.0092002;1.6405
-1.9947;0.015208;1.609
-1.9929;0.019595;1.577
-1.9912;0.022343;1.5445
-1.9897;0.023442;1.5116
-1.9884;0.022887;1.4785
-1.9873;0.020681;1.4453
-1.9864;0.016831;1.4121
-1.9857;0.011354;1.3792
-2.0824;-0.80253;1.533
-2.0785;-0.79583;1.5664
-2.0744;-0.78754;1.5995
-2.0702;-0.77771;1.6319
-2.0658;-0.76638;1.6637
-2.0613;-0.75357;1.6947
-2.0567;-0.73936;1.7247
-2.052;-0.72379;1.7536
-2.0472;-0.70692;1.7814
-2.0424;-0.68883;1.8079
-2.0375;-0.66958;1.833
-2.0326;-0.64924;1.8566
-2.0278;-0.62791;1.8786
-2.0229;-0.60566;1.899
-2.0181;-0.58258;1.9176
-2.0134;-0.55876;1.9344
-2.0087;-0.5343;1.9493
-2.0042;-0.50929;1.9623
-1.9997;-0.48383;1.9732
-1.9954;-0.45802;1.9822
-1.9913;-0.43197;1.989
-1.9873;-0.40577;1.9937
-1.9835;-0.37954;1.9964
-1.9799;-0.35336;1.9969
-1.9765;-0.32736;1.9952
-1.9734;-0.30162;1.9914
-1.9705;-0.27625;1.9856
-1.9678;-0.25136;1.9776
-1.9654;-0.22703;1.9675
-1.9633;-0.20337;1.9555
-1.9614;-0.18047;1.9415
-1.9598;-0.15841;1.9255
-1.9586;-0.13729;1.9077
-1.9576;-0.1172;1.8882
-1.9569;-0.098196;1.8669
-1.9565;-0.08037;1.844
-1.9565;-0.063789;1.8196
-1.9567;-0.048516;1.7937
-1.9573;-0.034613;1.7665
-1.9581;-0.022135;1.7381
-1.9592;-0.011131;1.7085
-1.9607;-0.0016439;1.678
-1.9624;0.0062884;1.6466
-1.9644;0.012635;1.6144
-1.9667;0.01737;1.5817
-1.9693;0.020475;1.5484
-1.9721;0.021939;1.5147
-1.9751;0.021754;1.4809
-1.9784;0.019923;1.4469
-1.9819;0.016452;1.4129
-1.9857;0.011354;1.3792
-2.0824;-0.80253;1.533
-2.0741;-0.7963;1.5667
-2.0656;-0.78849;1.6
-2.057;-0.77912;1.6327
-2.0484;-0.76825;1.6648
-2.0396;-0.7559;1.696
-2.0309;-0.74213;1.7262
-2.0221;-0.72699;1.7554
-2.0135;-0.71055;1.7834
-2.0048;-0.69286;1.8101
-1.9963;-0.674;1.8355
-1.988;-0.65404;1.8593
-1.9798;-0.63306;1.8815
-1.9719;-0.61114;1.9021
-1.9642;-0.58838;1.9209
-1.9567;-0.56485;1.9378
-1.9496;-0.54065;1.9529
-1.9428;-0.51588;1.966
-1.9364;-0.49064;1.9771
-1.9303;-0.46502;1.9861
-1.9247;-0.43913;1.993
-1.9195;-0.41306;1.9978
-1.9147;-0.38693;2.0005
-1.9104;-0.36083;2.001
-1.9066;-0.33487;1.9994
-1.9033;-0.30914;1.9957
-1.9006;-0.28376;1.9898
-1.8983;-0.25882;1.9818
-1.8966;-0.23442;1.9717
-1.8954;-0.21066;1.9596
-1.8948;-0.18762;1.9455
-1.8947;-0.16541;1.9295
-1.8952;-0.1441;1.9116
-1.8962;-0.12379;1.8919
-1.8978;-0.10455;1.8705
-1.8999;-0.086459;1.8474
-1.9025;-0.069588;1.8228
-1.9057;-0.054002;1.7968
-1.9093;-0.039765;1.7694
-1.9135;-0.026933;1.7408
-1.9181;-0.015555;1.711
-1.9232;-0.0056767;1.6803
-1.9287;0.0026626;1.6486
-1.9346;0.0094301;1.6162
-1.9409;0.014599;1.5832
-1.9476;0.01815;1.5497
-1.9547;0.020067;1.5158
-1.962;0.020344;1.4816
-1.9697;0.01898;1.4474
-1.9775;0.015979;1.4132
-1.9857;0.011354;1.3792
-2.0824;-0.80253;1.533
-2.0698;-0.79686;1.5664
-2.0571;-0.7896;1.5995
-2.0443;-0.78079;1.6319
-2.0315;-0.77046;1.6637
-2.0186;-0.75865;1.6946
-2.0059;-0.7454;1.7246
-1.9932;-0.73078;1.7536
-1.9807;-0.71483;1.7813
-1.9684;-0.69762;1.8078
-1.9564;-0.67923;1.8329
-1.9447;-0.65971;1.8565
-1.9333;-0.63915;1.8786
-1.9223;-0.61762;1.8989
-1.9118;-0.59523;1.9175
-1.9017;-0.57204;1.9343
-1.8922;-0.54816;1.9492
-1.8832;-0.52367;1.9622
-1.8749;-0.49868;1.9732
-1.8671;-0.47329;1.9821
-1.86;-0.44758;1.9889
-1.8536;-0.42167;1.9937
-1.848;-0.39566;1.9963
-1.843;-0.36965;1.9968
-1.8388;-0.34374;1.9951
-1.8354;-0.31803;1.9914
-1.8327;-0.29264;1.9855
-1.8309;-0.26764;1.9775
-1.8298;-0.24315;1.9675
-1.8296;-0.21927;1.9554
-1.8302;-0.19608;1.9414
-1.8315;-0.17367;1.9255
-1.8337;-0.15215;1.9077
-1.8366;-0.13158;1.8881
-1.8404;-0.11206;1.8668
-1.8449;-0.093651;1.8439
-1.8501;-0.076437;1.8195
-1.8561;-0.060483;1.7936
-1.8628;-0.045851;1.7664
-1.8701;-0.032599;1.738
-1.8781;-0.02078;1.7085
-1.8867;-0.01044;1.678
-1.8959;-0.00162;1.6466
-1.9057;0.0056452;1.6144
-1.9159;0.011327;1.5816
-1.9266;0.015403;1.5483
-1.9378;0.017856;1.5147
-1.9493;0.018678;1.4808
-1.9611;0.017866;1.4469
-1.9733;0.015421;1.4129
-1.9857;0.011354;1.3792
-2.0824;-0.80253;1.533
-2.0657;-0.79749;1.5656
-2.049;-0.79087;1.5979
-2.0322;-0.78268;1.6295
-2.0153;-0.77297;1.6605
-1.9986;-0.76177;1.6907
-1.982;-0.74913;1.7199
-1.9656;-0.73508;1.7482
-1.9495;-0.7197;1.7752
-1.9337;-0.70304;1.801
-1.9183;-0.68517;1.8254
-1.9033;-0.66615;1.8484
-1.8889;-0.64607;1.8699
-1.8751;-0.625;1.8897
-1.8618;-0.60302;1.9077
-1.8493;-0.58022;1.924
-1.8375;-0.5567;1.9385
-1.8264;-0.53253;1.951
-1.8162;-0.50783;1.9616
-1.8068;-0.48269;1.9702
-1.7984;-0.4572;1.9768
-1.7908;-0.43147;1.9813
-1.7843;-0.40559;1.9838
-1.7787;-0.37968;1.9842
-1.7741;-0.35383;1.9824
-1.7705;-0.32815;1.9786
-1.768;-0.30273;1.9728
-1.7666;-0.27768;1.9649
-1.7661;-0.25309;1.955
-1.7668;-0.22906;1.9431
-1.7685;-0.2057;1.9293
-1.7712;-0.18308;1.9136
-1.775;-0.1613;1.8962
-1.7798;-0.14044;1.8769
-1.7856;-0.12059;1.8561
-1.7924;-0.10183;1.8336
-1.8002;-0.084229;1.8097
-1.8088;-0.067854;1.7844
-1.8184;-0.052773;1.7577
-1.8288;-0.039045;1.7299
-1.84;-0.026724;1.701
-1.852;-0.015858;1.6711
-1.8647;-0.0064917;1.6404
-1.8781;0.0013395;1.609
-1.8921;0.0076041;1.5769
-1.9066;0.012278;1.5444
-1.9216;0.015341;1.5115
-1.9371;0.016783;1.4785
-1.953;0.016598;1.4453
-1.9692;0.014786;1.4121
-1.9857;0.011354;1.3792
-2.0824;-0.80253;1.533
-2.0619;-0.79819;1.5643
-2.0414;-0.79227;1.5952
-2.0208;-0.78478;1.6256
-2.0003;-0.77575;1.6553
-1.9798;-0.76523;1.6842
-1.9597;-0.75324;1.7122
-1.9398;-0.73984;1.7392
-1.9202;-0.72509;1.7651
-1.9012;-0.70903;1.7898
-1.8826;-0.69174;1.8131
-1.8647;-0.67328;1.8351
-1.8474;-0.65372;1.8555
-1.8308;-0.63314;1.8744
-1.8151;-0.61163;1.8916
-1.8002;-0.58926;1.9071
-1.7862;-0.56613;1.9208
-1.7733;-0.54233;1.9327
-1.7613;-0.51795;1.9427
-1.7504;-0.49308;1.9507
-1.7407;-0.46783;1.9569
-1.7321;-0.44229;1.961
-1.7247;-0.41657;1.9632
-1.7185;-0.39077;1.9633
-1.7135;-0.36499;1.9615
-1.7099;-0.33932;1.9577
-1.7075;-0.31388;1.9518
-1.7064;-0.28876;1.9441
-1.7065;-0.26407;1.9344
-1.708;-0.23989;1.9228
-1.7108;-0.21632;1.9093
-1.7148;-0.19347;1.8941
-1.7201;-0.17141;1.8772
-1.7267;-0.15024;1.8586
-1.7344;-0.13003;1.8384
-1.7433;-0.11087;1.8167
-1.7534;-0.09284;1.7935
-1.7646;-0.076001;1.7691
-1.7769;-0.060424;1.7434
-1.7901;-0.046169;1.7165
-1.8044;-0.033293;1.6887
-1.8195;-0.021847;1.6599
-1.8355;-0.011876;1.6303
-1.8522;-0.0034191;1.6001
-1.8697;0.0034899;1.5692
-1.8879;0.008824;1.5379
-1.9066;0.012562;1.5063
-1.9258;0.014689;1.4745
-1.9454;0.015197;1.4426
-1.9654;0.014084;1.4108
-1.9857;0.011354;1.3792
-2.0824;-0.80253;1.533
-2.0584;-0.79895;1.5625
-2.0344;-0.79378;1.5916
-2.0104;-0.78704;1.6202
-1.9864;-0.77875;1.6481
-1.9627;-0.76895;1.6753
-1.9392;-0.75768;1.7016
-1.9161;-0.74498;1.7269
-1.8935;-0.7309;1.7512
-1.8714;-0.7155;1.7743
-1.8499;-0.69883;1.7961
-1.8292;-0.68097;1.8166
-1.8093;-0.66198;1.8357
-1.7903;-0.64194;1.8533
-1.7723;-0.62092;1.8693
-1.7552;-0.59902;1.8837
-1.7393;-0.57632;1.8964
-1.7246;-0.5529;1.9074
-1.711;-0.52886;1.9165
-1.6988;-0.5043;1.9239
-1.6878;-0.4793;1.9294
-1.6782;-0.45398;1.933
-1.6701;-0.42842;1.9348
-1.6633;-0.40274;1.9347
-1.6581;-0.37703;1.9327
-1.6543;-0.35139;1.9288
-1.652;-0.32592;1.923
-1.6512;-0.30073;1.9154
-1.652;-0.27592;1.906
-1.6542;-0.25157;1.8948
-1.6579;-0.2278;1.8819
-1.6632;-0.20469;1.8673
-1.6698;-0.18233;1.851
-1.678;-0.16081;1.8333
-1.6875;-0.14022;1.814
-1.6984;-0.12063;1.7933
-1.7106;-0.10214;1.7713
-1.7241;-0.084795;1.748
-1.7388;-0.068682;1.7236
-1.7547;-0.053858;1.6981
-1.7717;-0.040384;1.6717
-1.7897;-0.028311;1.6444
-1.8087;-0.017687;1.6164
-1.8286;-0.0085555;1.5878
-1.8493;-0.00095094;1.5586
-1.8707;0.0050962;1.529
-1.8927;0.009562;1.4991
-1.9154;0.012429;1.4691
-1.9384;0.013685;1.439
-1.9619;0.013327;1.409
-1.9857;0.011354;1.3792
-2.0824;-0.80253;1.533
-2.0553;-0.79975;1.5602
-2.0282;-0.79538;1.5871
-2.0011;-0.78943;1.6134
-1.9741;-0.78193;1.6391
-1.9474;-0.7729;1.6641
-1.9209;-0.76238;1.6882
-1.895;-0.75041;1.7115
-1.8696;-0.73705;1.7337
-1.8448;-0.72233;1.7548
-1.8208;-0.70633;1.7748
-1.7976;-0.6891;1.7935
-1.7754;-0.67071;1.8108
-1.7542;-0.65124;1.8268
-1.7341;-0.63076;1.8413
-1.7151;-0.60935;1.8543
-1.6975;-0.58709;1.8657
-1.6811;-0.56408;1.8755
-1.6662;-0.54041;1.8836
-1.6527;-0.51616;1.8901
-1.6407;-0.49144;1.8948
-1.6302;-0.46634;1.8978
-1.6214;-0.44096;1.8991
-1.6142;-0.4154;1.8986
-1.6086;-0.38976;1.8964
-1.6047;-0.36415;1.8924
-1.6025;-0.33866;1.8867
-1.602;-0.31339;1.8794
-1.6033;-0.28845;1.8703
-1.6062;-0.26393;1.8596
-1.6108;-0.23993;1.8473
-1.6171;-0.21655;1.8335
-1.625;-0.19387;1.8182
-1.6345;-0.17199;1.8014
-1.6456;-0.15099;1.7833
-1.6583;-0.13096;1.7639
-1.6724;-0.11197;1.7433
-1.688;-0.094097;1.7215
-1.7049;-0.077417;1.6987
-1.7231;-0.061992;1.675
-1.7425;-0.047884;1.6503
-1.7631;-0.035148;1.625
-1.7848;-0.023835;1.5989
-1.8075;-0.013989;1.5723
-1.831;-0.0056484;1.5452
-1.8554;0.0011529;1.5178
-1.8804;0.0063885;1.4901
-1.9061;0.010038;1.4623
-1.9322;0.012086;1.4345
-1.9588;0.012526;1.4067
-1.9857;0.011354;1.3792
-2.0824;-0.80253;1.533
-2.0526;-0.80058;1.5575
-2.0228;-0.79704;1.5817
-1.9931;-0.79191;1.6053
-1.9635;-0.78522;1.6283
-1.9341;-0.77699;1.6507
-1.9052;-0.76726;1.6723
-1.8768;-0.75606;1.6931
-1.849;-0.74343;1.7129
-1.8219;-0.72944;1.7317
-1.7956;-0.71412;1.7494
-1.7703;-0.69755;1.7659
-1.7461;-0.67979;1.7813
-1.723;-0.6609;1.7953
-1.7011;-0.64097;1.808
-1.6805;-0.62007;1.8193
-1.6613;-0.59828;1.8292
-1.6436;-0.5757;1.8376
-1.6274;-0.5524;1.8445
-1.6129;-0.52849;1.8499
-1.6;-0.50405;1.8537
-1.5888;-0.47918;1.856
-1.5793;-0.45398;1.8567
-1.5717;-0.42855;1.8557
-1.5659;-0.40299;1.8533
-1.5619;-0.3774;1.8492
-1.5598;-0.35189;1.8436
-1.5596;-0.32654;1.8365
-1.5612;-0.30147;1.8278
-1.5647;-0.27677;1.8177
-1.5701;-0.25254;1.8062
-1.5772;-0.22887;1.7933
-1.5862;-0.20587;1.7791
-1.597;-0.18361;1.7635
-1.6095;-0.16218;1.7468
-1.6236;-0.14168;1.7289
-1.6394;-0.12218;1.71
-1.6567;-0.10376;1.69
-1.6756;-0.086492;1.6691
-1.6958;-0.070442;1.6474
-1.7174;-0.055676;1.6249
-1.7402;-0.042251;1.6018
-1.7642;-0.030221;1.5781
-1.7892;-0.019633;1.5539
-1.8153;-0.010528;1.5293
-1.8421;-0.0029435;1.5044
-1.8698;0.0030918;1.4794
-1.898;0.0075537;1.4542
-1.9269;0.010425;1.4291
-1.9561;0.011693;1.404
-1.9857;0.011354;1.3792
-2.0824;-0.80253;1.533
-2.0504;-0.80144;1.5544
-2.0184;-0.79874;1.5755
-1.9864;-0.79445;1.596
-1.9547;-0.78859;1.616
-1.9232;-0.78118;1.6354
-1.8922;-0.77224;1.6541
-1.8617;-0.76182;1.672
-1.8319;-0.74996;1.6891
-1.8029;-0.73669;1.7052
-1.7749;-0.72208;1.7203
-1.7478;-0.70618;1.7344
-1.7219;-0.68906;1.7474
-1.6972;-0.67078;1.7593
-1.6738;-0.65141;1.7699
-1.6519;-0.63103;1.7794
-1.6315;-0.60972;1.7875
-1.6126;-0.58757;1.7943
-1.5954;-0.56466;1.7998
-1.58;-0.54108;1.804
-1.5663;-0.51693;1.8067
-1.5545;-0.49229;1.8081
-1.5446;-0.46728;1.8081
-1.5366;-0.44199;1.8067
-1.5306;-0.41651;1.8039
-1.5265;-0.39095;1.7998
-1.5245;-0.3654;1.7943
-1.5245;-0.33998;1.7874
-1.5265;-0.31478;1.7793
-1.5304;-0.28989;1.7699
-1.5364;-0.26542;1.7592
-1.5444;-0.24147;1.7473
-1.5542;-0.21812;1.7343
-1.566;-0.19547;1.7202
-1.5796;-0.17362;1.7051
-1.595;-0.15264;1.6889
-1.6122;-0.13262;1.6719
-1.631;-0.11363;1.654
-1.6514;-0.095763;1.6353
-1.6733;-0.079075;1.6159
-1.6966;-0.063637;1.5959
-1.7213;-0.049508;1.5753
-1.7472;-0.036746;1.5543
-1.7742;-0.025399;1.5328
-1.8022;-0.015514;1.5111
-1.8312;-0.0071286;1.4891
-1.861;-0.00027623;1.4671
-1.8914;0.005016;1.4449
-1.9224;0.0087272;1.4229
-1.9539;0.010843;1.4009
-1.9857;0.011354;1.3792
-2.0824;-0.80253;1.533
-2.0487;-0.80229;1.551
-2.015;-0.80045;1.5686
-1.9813;-0.797;1.5858
-1.9479;-0.79198;1.6024
-1.9147;-0.78539;1.6185
-1.8821;-0.77726;1.6339
-1.8501;-0.76762;1.6487
-1.8187;-0.75652;1.6626
-1.7883;-0.74399;1.6758
-1.7588;-0.73009;1.6881
-1.7304;-0.71486;1.6995
-1.7031;-0.69838;1.7099
-1.6772;-0.6807;1.7193
-1.6527;-0.6619;1.7277
-1.6297;-0.64204;1.735
-1.6083;-0.62122;1.7412
-1.5886;-0.5995;1.7463
-1.5707;-0.57698;1.7502
-1.5545;-0.55374;1.753
-1.5403;-0.52988;1.7546
-1.528;-0.50548;1.755
-1.5177;-0.48066;1.7542
-1.5095;-0.4555;1.7523
-1.5033;-0.4301;1.7492
-1.4992;-0.40456;1.7449
-1.4972;-0.37899;1.7395
-1.4973;-0.35349;1.733
-1.4996;-0.32815;1.7254
-1.5039;-0.30308;1.7167
-1.5104;-0.27837;1.707
-1.5189;-0.25413;1.6964
-1.5295;-0.23044;1.6847
-1.542;-0.20741;1.6722
-1.5565;-0.18512;1.6588
-1.5729;-0.16365;1.6446
-1.5911;-0.14311;1.6296
-1.611;-0.12356;1.614
-1.6326;-0.10508;1.5978
-1.6558;-0.087754;1.581
-1.6805;-0.07164;1.5637
-1.7066;-0.056804;1.5459
-1.734;-0.043305;1.5278
-1.7625;-0.031197;1.5095
-1.7922;-0.020527;1.4909
-1.8227;-0.011336;1.4722
-1.8542;-0.0036625;1.4534
-1.8863;0.0024645;1.4347
-1.919;0.0070206;1.416
-1.9522;0.0099878;1.3975
-1.9857;0.011354;1.3792
-2.0824;-0.80253;1.533
-2.0475;-0.80314;1.5472
-2.0126;-0.80213;1.5611
-1.9778;-0.79953;1.5746
-1.9431;-0.79533;1.5876
-1.9089;-0.78955;1.6001
-1.8751;-0.78222;1.6121
-1.842;-0.77336;1.6234
-1.8096;-0.76301;1.634
-1.7781;-0.75121;1.644
-1.7476;-0.73801;1.6532
-1.7183;-0.72345;1.6616
-1.6902;-0.7076;1.6692
-1.6634;-0.69052;1.676
-1.6382;-0.67228;1.6819
-1.6144;-0.65294;1.6869
-1.5924;-0.63259;1.691
-1.572;-0.61131;1.6942
-1.5535;-0.58917;1.6965
-1.5369;-0.56627;1.6977
-1.5223;-0.54269;1.6981
-1.5097;-0.51853;1.6975
-1.4991;-0.49389;1.6959
-1.4907;-0.46886;1.6934
-1.4844;-0.44355;1.6899
-1.4802;-0.41804;1.6855
-1.4783;-0.39244;1.6803
-1.4785;-0.36686;1.6741
-1.481;-0.34139;1.6671
-1.4856;-0.31613;1.6592
-1.4924;-0.29119;1.6506
-1.5013;-0.26666;1.6411
-1.5124;-0.24263;1.631
-1.5254;-0.21921;1.6201
-1.5405;-0.19649;1.6086
-1.5576;-0.17456;1.5965
-1.5765;-0.15349;1.5839
-1.5972;-0.13338;1.5707
-1.6197;-0.11431;1.5571
-1.6438;-0.096344;1.5431
-1.6694;-0.07956;1.5287
-1.6965;-0.064024;1.5141
-1.7249;-0.049797;1.4992
-1.7545;-0.036934;1.4842
-1.7852;-0.025487;1.469
-1.8169;-0.0155;1.4538
-1.8495;-0.0070135;1.4387
-1.8827;-6.0384e-05;1.4235
-1.9166;0.0053318;1.4085
-1.951;0.0091417;1.3937
-1.9857;0.011354;1.3792
-2.0824;-0.80253;1.533
-2.0469;-0.80396;1.5433
-2.0113;-0.80378;1.5532
-1.9759;-0.80199;1.5628
-1.9406;-0.79859;1.572
-1.9057;-0.7936;1.5807
-1.8714;-0.78705;1.5889
-1.8377;-0.77895;1.5965
-1.8047;-0.76933;1.6037
-1.7727;-0.75824;1.6102
-1.7417;-0.74572;1.6161
-1.7118;-0.73182;1.6214
-1.6832;-0.71659;1.6261
-1.656;-0.70009;1.6301
-1.6303;-0.68239;1.6334
-1.6062;-0.66356;1.6359
-1.5838;-0.64367;1.6378
-1.5631;-0.6228;1.639
-1.5443;-0.60104;1.6394
-1.5275;-0.57847;1.6392
-1.5126;-0.55517;1.6382
-1.4998;-0.53124;1.6364
-1.4891;-0.50678;1.634
-1.4806;-0.48188;1.6309
-1.4742;-0.45664;1.627
-1.4701;-0.43116;1.6225
-1.4681;-0.40554;1.6174
-1.4684;-0.37987;1.6116
-1.471;-0.35428;1.6052
-1.4757;-0.32884;1.5982
-1.4827;-0.30367;1.5906
-1.4919;-0.27886;1.5825
-1.5031;-0.25451;1.5739
-1.5165;-0.23071;1.5649
-1.5319;-0.20757;1.5554
-1.5493;-0.18517;1.5455
-1.5686;-0.1636;1.5353
-1.5898;-0.14295;1.5248
-1.6127;-0.12329;1.514
-1.6373;-0.10471;1.5029
-1.6634;-0.087273;1.4917
-1.691;-0.071055;1.4803
-1.7199;-0.056118;1.4689
-1.7501;-0.042521;1.4574
-1.7814;-0.030317;1.4458
-1.8137;-0.019555;1.4344
-1.8469;-0.010277;1.423
-1.8808;-0.002519;1.4117
-1.9154;0.0036873;1.4006
-1.9503;0.0083179;1.3898
-1.9857;0.011354;1.3792
-2.0824;-0.80253;1.533
-2.0468;-0.80475;1.5392
-2.0112;-0.80535;1.545
-1.9756;-0.80434;1.5505
-1.9403;-0.80171;1.5556
-1.9053;-0.79749;1.5604
-1.8709;-0.79167;1.5647
-1.8371;-0.78429;1.5686
-1.8041;-0.77538;1.572
-1.772;-0.76497;1.575
-1.7409;-0.7531;1.5776
-1.711;-0.73982;1.5796
-1.6823;-0.72518;1.5812
-1.6551;-0.70924;1.5822
-1.6293;-0.69207;1.5828
-1.6051;-0.67372;1.5828
-1.5827;-0.65428;1.5824
-1.562;-0.63381;1.5815
-1.5431;-0.61241;1.58
-1.5263;-0.59014;1.5781
-1.5114;-0.56711;1.5757
-1.4985;-0.54341;1.5728
-1.4878;-0.51912;1.5695
-1.4793;-0.49434;1.5657
-1.4729;-0.46918;1.5615
-1.4688;-0.44372;1.5569
-1.4668;-0.41807;1.5519
-1.4671;-0.39234;1.5465
-1.4697;-0.36661;1.5407
-1.4745;-0.341;1.5346
-1.4815;-0.31561;1.5282
-1.4906;-0.29053;1.5215
-1.502;-0.26587;1.5146
-1.5154;-0.24172;1.5074
-1.5308;-0.21818;1.5
-1.5483;-0.19533;1.4924
-1.5676;-0.17328;1.4847
-1.5888;-0.1521;1.4769
-1.6118;-0.13189;1.469
-1.6364;-0.11271;1.4611
-1.6626;-0.094655;1.4531
-1.6903;-0.077785;1.4452
-1.7193;-0.062169;1.4373
-1.7496;-0.047868;1.4294
-1.781;-0.034941;1.4217
-1.8133;-0.023436;1.4141
-1.8466;-0.0134;1.4067
-1.8806;-0.0048724;1.3994
-1.9152;0.0021132;1.3924
-1.9503;0.0075292;1.3857
-1.9857;0.011354;1.3792
-2.0824;-0.80253;1.533
-2.0473;-0.80549;1.5349
-2.0121;-0.80683;1.5366
-1.977;-0.80655;1.5379
-1.9422;-0.80465;1.5389
-1.9077;-0.80113;1.5396
-1.8737;-0.79601;1.5399
-1.8403;-0.78932;1.54
-1.8078;-0.78107;1.5396
-1.7761;-0.77129;1.539
-1.7454;-0.76004;1.538
-1.7158;-0.74734;1.5367
-1.6875;-0.73326;1.5351
-1.6606;-0.71785;1.5332
-1.6352;-0.70116;1.531
-1.6113;-0.68327;1.5285
-1.5891;-0.66424;1.5256
-1.5686;-0.64415;1.5226
-1.55;-0.62308;1.5192
-1.5333;-0.60112;1.5156
-1.5186;-0.57834;1.5118
-1.5059;-0.55484;1.5077
-1.4953;-0.53071;1.5035
-1.4868;-0.50605;1.499
-1.4805;-0.48095;1.4944
-1.4764;-0.45552;1.4897
-1.4744;-0.42985;1.4848
-1.4747;-0.40404;1.4798
-1.4772;-0.3782;1.4747
-1.4819;-0.35243;1.4695
-1.4887;-0.32683;1.4643
-1.4977;-0.30151;1.459
-1.5088;-0.27655;1.4537
-1.522;-0.25206;1.4485
-1.5373;-0.22814;1.4432
-1.5544;-0.20488;1.438
-1.5735;-0.18237;1.4329
-1.5944;-0.1607;1.4279
-1.617;-0.13997;1.423
-1.6413;-0.12024;1.4182
-1.6671;-0.10159;1.4136
-1.6944;-0.084108;1.4091
-1.723;-0.067854;1.4049
-1.7528;-0.052893;1.4008
-1.7838;-0.039285;1.3969
-1.8157;-0.027083;1.3933
-1.8485;-0.016335;1.3899
-1.882;-0.0070837;1.3868
-1.9161;0.00063415;1.384
-1.9507;0.0067883;1.3814
-1.9857;0.011354;1.3792
-2.0824;-0.80253;1.533
-2.0483;-0.80617;1.5307
-2.0142;-0.80819;1.5281
-1.9801;-0.80859;1.5252
-1.9463;-0.80735;1.5221
-1.9128;-0.80449;1.5187
-1.8797;-0.80001;1.515
-1.8473;-0.79394;1.5111
-1.8157;-0.7863;1.507
-1.7848;-0.77711;1.5027
-1.755;-0.76642;1.4982
-1.7263;-0.75426;1.4935
-1.6988;-0.74069;1.4887
-1.6726;-0.72576;1.4838
-1.6478;-0.70952;1.4788
-1.6246;-0.69205;1.4736
-1.6029;-0.67341;1.4684
-1.583;-0.65366;1.4632
-1.5649;-0.63291;1.4579
-1.5486;-0.61121;1.4526
-1.5342;-0.58866;1.4473
-1.5218;-0.56535;1.4421
-1.5114;-0.54137;1.4369
-1.5031;-0.51682;1.4318
-1.4969;-0.49179;1.4268
-1.4928;-0.46637;1.4219
-1.4908;-0.44068;1.4171
-1.491;-0.41481;1.4125
-1.4933;-0.38887;1.4081
-1.4978;-0.36295;1.4038
-1.5043;-0.33716;1.3998
-1.513;-0.3116;1.396
-1.5237;-0.28637;1.3924
-1.5364;-0.26157;1.3891
-1.5511;-0.2373;1.386
-1.5677;-0.21366;1.3832
-1.5862;-0.19074;1.3807
-1.6064;-0.16862;1.3785
-1.6283;-0.1474;1.3766
-1.6518;-0.12715;1.375
-1.6768;-0.10797;1.3738
-1.7032;-0.089925;1.3728
-1.7309;-0.073083;1.3722
-1.7598;-0.057515;1.3719
-1.7898;-0.043281;1.372
-1.8208;-0.030437;1.3724
-1.8526;-0.019034;1.3731
-1.8851;-0.0091178;1.3741
-1.9182;-0.00072642;1.3755
-1.9518;0.0061066;1.3772
-1.9857;0.011354;1.3792
-2.0824;-0.80253;1.533
-2.0499;-0.80678;1.5265
-2.0173;-0.80941;1.5197
-1.9848;-0.81041;1.5126
-1.9525;-0.80977;1.5054
-1.9205;-0.8075;1.4979
-1.8889;-0.8036;1.4903
-1.858;-0.79809;1.4825
-1.8277;-0.79099;1.4746
-1.7982;-0.78233;1.4667
-1.7697;-0.77214;1.4587
-1.7422;-0.76047;1.4507
-1.7158;-0.74736;1.4427
-1.6908;-0.73286;1.4348
-1.667;-0.71703;1.427
-1.6448;-0.69993;1.4192
-1.624;-0.68163;1.4117
-1.6049;-0.6622;1.4043
-1.5875;-0.64172;1.3971
-1.5718;-0.62026;1.3901
-1.5579;-0.59792;1.3834
-1.546;-0.57479;1.377
-1.5359;-0.55094;1.3709
-1.5279;-0.52648;1.3651
-1.5218;-0.50151;1.3597
-1.5177;-0.47611;1.3547
-1.5157;-0.4504;1.35
-1.5157;-0.42448;1.3458
-1.5178;-0.39843;1.3421
-1.5219;-0.37238;1.3387
-1.528;-0.34642;1.3359
-1.5362;-0.32065;1.3335
-1.5463;-0.29518;1.3316
-1.5583;-0.27011;1.3302
-1.5722;-0.24553;1.3293
-1.5879;-0.22154;1.3288
-1.6054;-0.19824;1.3289
-1.6245;-0.17572;1.3295
-1.6453;-0.15406;1.3306
-1.6677;-0.13336;1.3322
-1.6914;-0.1137;1.3343
-1.7165;-0.095143;1.3368
-1.7429;-0.077775;1.3398
-1.7704;-0.061662;1.3433
-1.799;-0.046866;1.3472
-1.8285;-0.033447;1.3516
-1.8588;-0.021456;1.3564
-1.8898;-0.010943;1.3615
-1.9213;-0.0019471;1.3671
-1.9533;0.0054951;1.373
-1.9857;0.011354;1.3792
-2.0824;-0.80253;1.533
-2.0519;-0.80731;1.5223
-2.0214;-0.81047;1.5114
-1.991;-0.812;1.5003
-1.9607;-0.81188;1.489
-1.9307;-0.81011;1.4776
-1.9011;-0.80671;1.4661
-1.872;-0.80169;1.4545
-1.8436;-0.79507;1.443
-1.8159;-0.78687;1.4315
-1.7891;-0.77712;1.4201
-1.7633;-0.76587;1.4089
-1.7385;-0.75316;1.3978
-1.7149;-0.73903;1.387
-1.6925;-0.72355;1.3764
-1.6715;-0.70678;1.3662
-1.6519;-0.68878;1.3563
-1.6339;-0.66962;1.3468
-1.6174;-0.64938;1.3377
-1.6025;-0.62814;1.3291
-1.5894;-0.60598;1.321
-1.578;-0.58299;1.3134
-1.5684;-0.55926;1.3064
-1.5607;-0.53488;1.3
-1.5548;-0.50996;1.2942
-1.5508;-0.48458;1.2891
-1.5487;-0.45886;1.2846
-1.5486;-0.43288;1.2807
-1.5503;-0.40675;1.2776
-1.554;-0.38058;1.2752
-1.5595;-0.35448;1.2735
-1.5669;-0.32853;1.2725
-1.5762;-0.30285;1.2722
-1.5873;-0.27753;1.2727
-1.6001;-0.25268;1.2738
-1.6147;-0.22839;1.2757
-1.6309;-0.20477;1.2784
-1.6487;-0.18189;1.2817
-1.668;-0.15986;1.2857
-1.6887;-0.13876;1.2904
-1.7109;-0.11867;1.2957
-1.7343;-0.099681;1.3016
-1.7588;-0.081856;1.3082
-1.7845;-0.065268;1.3154
-1.8112;-0.049984;1.3231
-1.8387;-0.036064;1.3313
-1.867;-0.023563;1.3401
-1.896;-0.01253;1.3492
-1.9255;-0.0030086;1.3588
-1.9554;0.0049633;1.3688
-1.9857;0.011354;1.3792
-2.0824;-0.80253;1.533
-2.0545;-0.80776;1.5184
-2.0265;-0.81136;1.5036
-1.9986;-0.81332;1.4885
-1.9708;-0.81363;1.4734
-1.9433;-0.8123;1.4581
-1.9161;-0.80932;1.4429
-1.8894;-0.8047;1.4277
-1.8632;-0.79847;1.4127
-1.8378;-0.79065;1.3978
-1.8131;-0.78127;1.3831
-1.7892;-0.77037;1.3687
-1.7664;-0.75799;1.3547
-1.7446;-0.74418;1.3411
-1.7239;-0.729;1.3279
-1.7045;-0.7125;1.3152
-1.6863;-0.69475;1.3031
-1.6696;-0.67581;1.2916
-1.6542;-0.65577;1.2807
-1.6404;-0.63471;1.2705
-1.6281;-0.6127;1.2611
-1.6174;-0.58983;1.2524
-1.6084;-0.5662;1.2445
-1.6011;-0.54189;1.2375
-1.5954;-0.51701;1.2313
-1.5915;-0.49165;1.2261
-1.5894;-0.46591;1.2217
-1.5889;-0.43989;1.2182
-1.5903;-0.41369;1.2157
-1.5934;-0.38743;1.2142
-1.5982;-0.3612;1.2136
-1.6048;-0.3351;1.2139
-1.613;-0.30924;1.2152
-1.623;-0.28372;1.2175
-1.6345;-0.25864;1.2207
-1.6476;-0.23411;1.2248
-1.6622;-0.21021;1.2298
-1.6783;-0.18704;1.2358
-1.6959;-0.1647;1.2426
-1.7147;-0.14327;1.2502
-1.7348;-0.12283;1.2587
-1.7561;-0.10347;1.2679
-1.7785;-0.085259;1.2779
-1.8018;-0.068276;1.2886
-1.8262;-0.052585;1.2999
-1.8513;-0.038247;1.3119
-1.8771;-0.02532;1.3244
-1.9036;-0.013854;1.3374
-1.9306;-0.0038941;1.351
-1.958;0.0045197;1.3649
-1.9857;0.011354;1.3792
-2.0824;-0.80253;1.533
-2.0575;-0.80811;1.5147
-2.0325;-0.81206;1.4961
-2.0075;-0.81436;1.4774
-1.9827;-0.81501;1.4586
-1.958;-0.81401;1.4398
-1.9336;-0.81136;1.4211
-1.9097;-0.80706;1.4025
-1.8862;-0.80115;1.3841
-1.8633;-0.79363;1.366
-1.8411;-0.78454;1.3482
-1.8196;-0.77391;1.3309
-1.799;-0.76179;1.314
-1.7793;-0.74823;1.2978
-1.7606;-0.73328;1.2821
-1.743;-0.71699;1.2672
-1.7266;-0.69943;1.253
-1.7113;-0.68068;1.2395
-1.6974;-0.6608;1.227
-1.6847;-0.63987;1.2153
-1.6735;-0.61798;1.2046
-1.6636;-0.59521;1.1949
-1.6553;-0.57165;1.1862
-1.6484;-0.5474;1.1786
-1.643;-0.52255;1.1721
-1.6392;-0.4972;1.1667
-1.6369;-0.47145;1.1624
-1.6363;-0.4454;1.1593
-1.6371;-0.41915;1.1574
-1.6396;-0.39281;1.1567
-1.6436;-0.36647;1.1571
-1.6491;-0.34026;1.1587
-1.6562;-0.31426;1.1615
-1.6647;-0.28859;1.1654
-1.6748;-0.26333;1.1705
-1.6862;-0.2386;1.1768
-1.699;-0.21449;1.1841
-1.7131;-0.19109;1.1925
-1.7285;-0.1685;1.2019
-1.7451;-0.1468;1.2124
-1.7628;-0.12609;1.2238
-1.7816;-0.10644;1.2361
-1.8014;-0.087934;1.2493
-1.8222;-0.07064;1.2633
-1.8437;-0.054628;1.278
-1.866;-0.039963;1.2935
-1.889;-0.0267;1.3096
-1.9125;-0.014894;1.3263
-1.9366;-0.0045898;1.3435
-1.961;0.0041711;1.3612
-1.9857;0.011354;1.3792
-2.0824;-0.80253;1.533
-2.0609;-0.80835;1.5112
-2.0393;-0.81255;1.4892
-2.0177;-0.8151;1.4671
-1.9961;-0.816;1.445
-1.9747;-0.81523;1.4229
-1.9535;-0.81281;1.4009
-1.9326;-0.80875;1.3791
-1.9122;-0.80305;1.3577
-1.8922;-0.79574;1.3366
-1.8728;-0.78686;1.316
-1.854;-0.77643;1.296
-1.8359;-0.7645;1.2765
-1.8186;-0.75111;1.2578
-1.8022;-0.73632;1.2399
-1.7867;-0.72018;1.2228
-1.7721;-0.70277;1.2067
-1.7586;-0.68414;1.1915
-1.7462;-0.66437;1.1774
-1.7349;-0.64354;1.1644
-1.7248;-0.62173;1.1525
-1.7159;-0.59903;1.1418
-1.7082;-0.57553;1.1324
-1.7019;-0.55132;1.1243
-1.6968;-0.52649;1.1174
-1.6931;-0.50115;1.1119
-1.6908;-0.47539;1.1078
-1.6897;-0.44931;1.105
-1.6901;-0.42303;1.1036
-1.6918;-0.39663;1.1036
-1.6949;-0.37023;1.105
-1.6993;-0.34393;1.1078
-1.705;-0.31783;1.1119
-1.712;-0.29205;1.1174
-1.7203;-0.26666;1.1243
-1.7298;-0.24179;1.1324
-1.7405;-0.21753;1.1419
-1.7524;-0.19397;1.1525
-1.7654;-0.1712;1.1644
-1.7795;-0.14932;1.1774
-1.7945;-0.12841;1.1916
-1.8105;-0.10856;1.2067
-1.8274;-0.089836;1.2229
-1.8451;-0.072321;1.2399
-1.8636;-0.056082;1.2579
-1.8827;-0.041183;1.2766
-1.9024;-0.027682;1.296
-1.9226;-0.015634;1.316
-1.9433;-0.0050847;1.3366
-1.9643;0.0039232;1.3577
-1.9857;0.011354;1.3792
-2.0824;-0.80253;1.533
-2.0646;-0.8085;1.5081
-2.0467;-0.81284;1.4831
-2.0288;-0.81553;1.4579
-2.0108;-0.81656;1.4327
-1.993;-0.81594;1.4076
-1.9753;-0.81365;1.3827
-1.9579;-0.80972;1.3581
-1.9407;-0.80415;1.3339
-1.924;-0.79697;1.3101
-1.9076;-0.7882;1.287
-1.8918;-0.77788;1.2645
-1.8765;-0.76606;1.2427
-1.8618;-0.75277;1.2218
-1.8479;-0.73808;1.2019
-1.8346;-0.72203;1.1829
-1.8222;-0.70469;1.165
-1.8105;-0.68614;1.1483
-1.7998;-0.66644;1.1327
-1.79;-0.64566;1.1185
-1.7811;-0.62391;1.1056
-1.7733;-0.60125;1.094
-1.7665;-0.57777;1.0839
-1.7607;-0.55358;1.0753
-1.756;-0.52877;1.0681
-1.7524;-0.50343;1.0625
-1.7499;-0.47767;1.0585
-1.7486;-0.45158;1.056
-1.7483;-0.42527;1.0551
-1.7492;-0.39884;1.0558
-1.7512;-0.3724;1.058
-1.7544;-0.34605;1.0619
-1.7586;-0.3199;1.0672
-1.7639;-0.29405;1.0742
-1.7703;-0.26859;1.0826
-1.7778;-0.24364;1.0925
-1.7862;-0.21929;1.1038
-1.7956;-0.19563;1.1166
-1.806;-0.17276;1.1306
-1.8172;-0.15078;1.146
-1.8294;-0.12975;1.1625
-1.8423;-0.10978;1.1803
-1.856;-0.090936;1.1991
-1.8704;-0.073293;1.2189
-1.8854;-0.056923;1.2397
-1.901;-0.041888;1.2613
-1.9171;-0.02825;1.2837
-1.9337;-0.016062;1.3068
-1.9507;-0.0053709;1.3305
-1.9681;0.0037798;1.3546
-1.9857;0.011354;1.3792
-2.0824;-0.80253;1.533
-2.0686;-0.80853;1.5054
-2.0547;-0.81291;1.4776
-2.0407;-0.81564;1.4498
-2.0267;-0.81671;1.422
-2.0127;-0.81612;1.3943
-1.9988;-0.81387;1.3668
-1.985;-0.80997;1.3397
-1.9714;-0.80443;1.3131
-1.9581;-0.79728;1.287
-1.9451;-0.78854;1.2616
-1.9324;-0.77826;1.237
-1.9201;-0.76646;1.2132
-1.9083;-0.7532;1.1904
-1.897;-0.73853;1.1686
-1.8862;-0.7225;1.148
-1.876;-0.70519;1.1286
-1.8664;-0.68665;1.1104
-1.8575;-0.66696;1.0937
-1.8492;-0.64621;1.0783
-1.8417;-0.62446;1.0645
-1.835;-0.60181;1.0522
-1.8291;-0.57835;1.0415
-1.8239;-0.55416;1.0325
-1.8196;-0.52935;1.0251
-1.8161;-0.50401;1.0194
-1.8135;-0.47825;1.0154
-1.8118;-0.45216;1.0132
-1.8109;-0.42584;1.0127
-1.811;-0.39941;1.014
-1.8119;-0.37296;1.017
-1.8136;-0.3466;1.0217
-1.8163;-0.32043;1.0282
-1.8198;-0.29456;1.0363
-1.8241;-0.26909;1.0461
-1.8293;-0.24411;1.0576
-1.8353;-0.21974;1.0706
-1.8421;-0.19606;1.0851
-1.8496;-0.17316;1.1011
-1.8579;-0.15115;1.1185
-1.8668;-0.1301;1.1372
-1.8764;-0.11009;1.1571
-1.8867;-0.091217;1.1783
-1.8975;-0.073541;1.2006
-1.9088;-0.057137;1.2238
-1.9207;-0.042069;1.248
-1.933;-0.028395;1.273
-1.9457;-0.016171;1.2987
-1.9587;-0.005444;1.325
-1.9721;0.0037432;1.3519
-1.9857;0.011354;1.3792
-2.0824;-0.80253;1.533
-2.0728;-0.80846;1.5031
-2.0631;-0.81277;1.4731
-2.0533;-0.81543;1.443
-2.0434;-0.81643;1.4129
-2.0334;-0.81577;1.3831
-2.0235;-0.81345;1.3535
-2.0136;-0.80949;1.3243
-2.0038;-0.80389;1.2956
-1.9941;-0.79667;1.2676
-1.9846;-0.78788;1.2403
-1.9752;-0.77754;1.2138
-1.9661;-0.76569;1.1884
-1.9573;-0.75238;1.1639
-1.9487;-0.73766;1.1407
-1.9405;-0.72159;1.1186
-1.9327;-0.70423;1.0979
-1.9252;-0.68566;1.0787
-1.9182;-0.66594;1.0609
-1.9117;-0.64516;1.0446
-1.9056;-0.62339;1.03
-1.9001;-0.60072;1.0171
-1.895;-0.57724;1.0059
-1.8906;-0.55304;0.99646
-1.8866;-0.52823;0.98886
-1.8833;-0.50289;0.9831
-1.8806;-0.47712;0.9792
-1.8784;-0.45104;0.97719
-1.8769;-0.42473;0.97706
-1.876;-0.39831;0.97883
-1.8757;-0.37188;0.98248
-1.8761;-0.34555;0.988
-1.8771;-0.31941;0.99537
-1.8786;-0.29357;1.0046
-1.8809;-0.26813;1.0155
-1.8837;-0.2432;1.0282
-1.8871;-0.21887;1.0426
-1.891;-0.19523;1.0586
-1.8956;-0.17239;1.0762
-1.9007;-0.15043;1.0953
-1.9063;-0.12943;1.1158
-1.9124;-0.10949;1.1377
-1.919;-0.090674;1.1608
-1.9261;-0.073062;1.1851
-1.9336;-0.056722;1.2105
-1.9414;-0.04172;1.2368
-1.9497;-0.028115;1.264
-1.9583;-0.01596;1.2919
-1.9671;-0.0053027;1.3205
-1.9763;0.003814;1.3496
-1.9857;0.011354;1.3792
-2.0824;-0.80253;1.533
-2.0772;-0.80829;1.5013
-2.0718;-0.81242;1.4695
-2.0663;-0.8149;1.4376
-2.0607;-0.81573;1.4058
-2.0549;-0.8149;1.3742
-2.0491;-0.81241;1.3429
-2.0432;-0.80829;1.312
-2.0373;-0.80253;1.2817
-2.0314;-0.79516;1.2521
-2.0254;-0.78622;1.2233
-2.0195;-0.77574;1.1955
-2.0137;-0.76376;1.1686
-2.008;-0.75032;1.1429
-2.0023;-0.73549;1.1185
-1.9968;-0.71931;1.0953
-1.9914;-0.70185;1.0736
-1.9862;-0.68319;1.0534
-1.9812;-0.66339;1.0348
-1.9764;-0.64254;1.0178
-1.9718;-0.62071;1.0026
-1.9674;-0.59799;0.98917
-1.9634;-0.57447;0.97758
-1.9596;-0.55025;0.96787
-1.956;-0.52541;0.9601
-1.9529;-0.50007;0.95428
-1.95;-0.47431;0.95044
-1.9474;-0.44824;0.9486
-1.9452;-0.42196;0.94876
-1.9434;-0.39558;0.95092
-1.9419;-0.3692;0.95507
-1.9407;-0.34293;0.96121
-1.94;-0.31686;0.96929
-1.9396;-0.2911;0.9793
-1.9396;-0.26575;0.99119
-1.9399;-0.24092;1.0049
-1.9406;-0.2167;1.0204
-1.9417;-0.19318;1.0376
-1.9432;-0.17046;1.0565
-1.945;-0.14863;1.077
-1.9472;-0.12778;1.0989
-1.9497;-0.10798;1.1223
-1.9525;-0.089315;1.1469
-1.9557;-0.071861;1.1728
-1.9592;-0.055684;1.1998
-1.9629;-0.040849;1.2279
-1.967;-0.027414;1.2568
-1.9713;-0.015431;1.2865
-1.9759;-0.0049493;1.3169
-1.9807;0.003991;1.3478
-1.9857;0.011354;1.3792
-2.0824;-0.80253;1.533
-2.0816;-0.80801;1.5
-2.0807;-0.81186;1.4669
-2.0796;-0.81406;1.4337
-2.0783;-0.81462;1.4006
-2.0768;-0.81352;1.3677
-2.0752;-0.81077;1.3352
-2.0734;-0.80638;1.3031
-2.0714;-0.80038;1.2717
-2.0693;-0.79277;1.2409
-2.0671;-0.7836;1.2111
-2.0647;-0.77289;1.1822
-2.0622;-0.7607;1.1543
-2.0596;-0.74707;1.1277
-2.0569;-0.73204;1.1024
-2.0541;-0.71569;1.0784
-2.0512;-0.69808;1.056
-2.0483;-0.67928;1.0351
-2.0453;-0.65935;1.0159
-2.0422;-0.63838;0.99839
-2.0391;-0.61646;0.98272
-2.036;-0.59366;0.96892
-2.0329;-0.57008;0.95704
-2.0298;-0.54582;0.94714
-2.0267;-0.52096;0.93924
-2.0237;-0.4956;0.93337
-2.0207;-0.46985;0.92958
-2.0177;-0.44381;0.92786
-2.0148;-0.41758;0.92822
-2.012;-0.39126;0.93067
-2.0092;-0.36495;0.93519
-2.0066;-0.33877;0.94177
-2.0041;-0.31282;0.95038
-2.0017;-0.28718;0.96098
-1.9994;-0.26198;0.97354
-1.9972;-0.23731;0.988
-1.9952;-0.21325;1.0043
-1.9934;-0.18992;1.0224
-1.9917;-0.1674;1.0422
-1.9902;-0.14578;1.0636
-1.9888;-0.12515;1.0866
-1.9876;-0.10559;1.1111
-1.9867;-0.087163;1.1369
-1.9859;-0.069959;1.1639
-1.9852;-0.05404;1.1922
-1.9848;-0.039469;1.2214
-1.9846;-0.026303;1.2516
-1.9846;-0.014594;1.2826
-1.9847;-0.0043895;1.3143
-1.9851;0.0042715;1.3465
-1.9857;0.011354;1.3792
-2.0824;-0.80253;1.533
-2.0861;-0.80763;1.4992
-2.0896;-0.8111;1.4653
-2.0929;-0.81293;1.4313
-2.0959;-0.81311;1.3974
-2.0988;-0.81165;1.3638
-2.1013;-0.80855;1.3305
-2.1036;-0.80381;1.2977
-2.1056;-0.79746;1.2656
-2.1073;-0.78953;1.2342
-2.1088;-0.78004;1.2036
-2.1099;-0.76904;1.1741
-2.1108;-0.75656;1.1457
-2.1113;-0.74266;1.1185
-2.1116;-0.72739;1.0926
-2.1115;-0.7108;1.0682
-2.1111;-0.69298;1.0453
-2.1105;-0.67398;1.024
-2.1095;-0.65388;1.0044
-2.1082;-0.63276;0.98662
-2.1066;-0.61071;0.97068
-2.1048;-0.58781;0.95666
-2.1026;-0.56415;0.94461
-2.1002;-0.53982;0.93458
-2.0976;-0.51492;0.9266
-2.0947;-0.48956;0.92071
-2.0915;-0.46382;0.91694
-2.0881;-0.43781;0.9153
-2.0845;-0.41164;0.91579
-2.0807;-0.3854;0.91841
-2.0767;-0.35921;0.92315
-2.0726;-0.33315;0.93
-2.0683;-0.30735;0.93892
-2.0639;-0.28189;0.94989
-2.0593;-0.25688;0.96285
-2.0547;-0.23242;0.97776
-2.0499;-0.2086;0.99455
-2.0451;-0.18552;1.0132
-2.0403;-0.16327;1.0335
-2.0354;-0.14193;1.0556
-2.0305;-0.1216;1.0792
-2.0257;-0.10235;1.1043
-2.0209;-0.084252;1.1308
-2.0161;-0.067386;1.1585
-2.0114;-0.051815;1.1875
-2.0068;-0.037601;1.2175
-2.0023;-0.0248;1.2484
-1.9979;-0.013462;1.2802
-1.9936;-0.0036319;1.3127
-1.9896;0.004651;1.3457
-1.9857;0.011354;1.3792
-2.0824;-0.80253;1.533
-2.0905;-0.80715;1.499
-2.0984;-0.81016;1.4648
-2.106;-0.81152;1.4305
-2.1134;-0.81124;1.3964
-2.1204;-0.80932;1.3625
-2.1271;-0.80577;1.329
-2.1334;-0.80061;1.2959
-2.1394;-0.79384;1.2635
-2.1449;-0.7855;1.2319
-2.15;-0.77562;1.2011
-2.1546;-0.76424;1.1714
-2.1587;-0.75141;1.1428
-2.1624;-0.73717;1.1154
-2.1655;-0.72159;1.0893
-2.1682;-0.70472;1.0648
-2.1703;-0.68662;1.0417
-2.1718;-0.66738;1.0203
-2.1728;-0.64707;1.0006
-2.1733;-0.62577;0.9827
-2.1732;-0.60355;0.96667
-2.1726;-0.58052;0.95258
-2.1714;-0.55675;0.94047
-2.1697;-0.53235;0.93039
-2.1675;-0.50741;0.92239
-2.1647;-0.48203;0.9165
-2.1614;-0.45631;0.91273
-2.1576;-0.43035;0.91111
-2.1533;-0.40425;0.91164
-2.1486;-0.37811;0.91432
-2.1434;-0.35205;0.91914
-2.1377;-0.32615;0.92608
-2.1317;-0.30054;0.93511
-2.1252;-0.27529;0.94619
-2.1184;-0.25052;0.95929
-2.1113;-0.22633;0.97434
-2.1039;-0.2028;0.9913
-2.0962;-0.18003;1.0101
-2.0882;-0.15811;1.0306
-2.08;-0.13713;1.0529
-2.0717;-0.11717;1.0767
-2.0632;-0.098314;1.102
-2.0546;-0.080626;1.1287
-2.0459;-0.064181;1.1567
-2.0372;-0.049044;1.1859
-2.0284;-0.035275;1.2162
-2.0197;-0.022928;1.2474
-2.011;-0.012051;1.2794
-2.0024;-0.0026886;1.3122
-1.994;0.0051236;1.3454
-1.9857;0.011354;1.3792
-2.0824;-0.80253;1.533
-2.0948;-0.8066;1.4992
-2.1069;-0.80904;1.4653
-2.1188;-0.80985;1.4313
-2.1303;-0.80903;1.3974
-2.1414;-0.80658;1.3638
-2.1521;-0.8025;1.3305
-2.1624;-0.79682;1.2978
-2.1721;-0.78956;1.2656
-2.1813;-0.78074;1.2342
-2.1899;-0.7704;1.2037
-2.1979;-0.75858;1.1741
-2.2053;-0.74532;1.1457
-2.2119;-0.73069;1.1185
-2.2179;-0.71474;1.0927
-2.2232;-0.69752;1.0682
-2.2277;-0.67912;1.0453
-2.2314;-0.65959;1.0241
-2.2343;-0.63903;1.0045
-2.2365;-0.6175;0.98669
-2.2379;-0.5951;0.97075
-2.2384;-0.57191;0.95673
-2.2382;-0.54802;0.94468
-2.2372;-0.52353;0.93465
-2.2353;-0.49854;0.92668
-2.2327;-0.47314;0.92079
-2.2292;-0.44744;0.91702
-2.225;-0.42153;0.91537
-2.2201;-0.39551;0.91586
-2.2144;-0.3695;0.91848
-2.208;-0.34359;0.92322
-2.2009;-0.31789;0.93007
-2.1932;-0.29249;0.93899
-2.1848;-0.2675;0.94995
-2.1758;-0.24302;0.96291
-2.1663;-0.21914;0.97782
-2.1562;-0.19595;0.99461
-2.1457;-0.17355;1.0132
-2.1347;-0.15203;1.0336
-2.1234;-0.13147;1.0556
-2.1116;-0.11195;1.0792
-2.0996;-0.09355;1.1043
-2.0873;-0.076343;1.1308
-2.0748;-0.060396;1.1586
-2.0622;-0.045772;1.1875
-2.0494;-0.032528;1.2175
-2.0366;-0.020717;1.2485
-2.0237;-0.010386;1.2802
-2.0109;-0.0015745;1.3127
-1.9982;0.0056818;1.3457
-1.9857;0.011354;1.3792
-2.0824;-0.80253;1.533
-2.0988;-0.80596;1.5
-2.115;-0.80777;1.4669
-2.1309;-0.80796;1.4337
-2.1464;-0.80652;1.4006
-2.1614;-0.80345;1.3677
-2.176;-0.79878;1.3352
-2.19;-0.79251;1.3032
-2.2033;-0.78468;1.2717
-2.216;-0.77532;1.241
-2.228;-0.76445;1.2111
-2.2392;-0.75213;1.1822
-2.2496;-0.7384;1.1544
-2.2592;-0.72332;1.1278
-2.2679;-0.70695;1.1025
-2.2756;-0.68934;1.0785
-2.2824;-0.67058;1.0561
-2.2882;-0.65073;1.0352
-2.293;-0.62988;1.016
-2.2968;-0.6081;0.99853
-2.2995;-0.58548;0.98287
-2.3012;-0.56211;0.96907
-2.3019;-0.53809;0.95719
-2.3015;-0.5135;0.94728
-2.3;-0.48845;0.93938
-2.2975;-0.46303;0.93352
-2.2939;-0.43734;0.92973
-2.2894;-0.41149;0.92801
-2.2838;-0.38558;0.92837
-2.2772;-0.35971;0.93082
-2.2697;-0.33398;0.93533
-2.2612;-0.30849;0.94191
-2.2518;-0.28334;0.95051
-2.2416;-0.25864;0.96111
-2.2306;-0.23448;0.97366
-2.2187;-0.21095;0.98812
-2.2062;-0.18816;1.0044
-2.193;-0.16618;1.0225
-2.1791;-0.14511;1.0423
-2.1647;-0.12502;1.0637
-2.1498;-0.10601;1.0867
-2.1344;-0.088132;1.1111
-2.1186;-0.071472;1.1369
-2.1024;-0.05609;1.164
-2.086;-0.042049;1.1922
-2.0694;-0.029403;1.2215
-2.0527;-0.018202;1.2516
-2.0359;-0.0084908;1.2826
-2.0191;-0.00030704;1.3143
-2.0023;0.0063167;1.3465
-1.9857;0.011354;1.3792
-2.0824;-0.80253;1.533
-2.1026;-0.80526;1.5013
-2.1226;-0.80637;1.4695
-2.1423;-0.80586;1.4376
-2.1615;-0.80374;1.4058
-2.1802;-0.8;1.3742
-2.1983;-0.79467;1.3429
-2.2158;-0.78776;1.3121
-2.2326;-0.7793;1.2818
-2.2485;-0.76933;1.2523
-2.2637;-0.75788;1.2235
-2.2779;-0.74501;1.1956
-2.2912;-0.73075;1.1688
-2.3034;-0.71517;1.1431
-2.3146;-0.69833;1.1186
-2.3247;-0.6803;1.0955
-2.3336;-0.66114;1.0738
-2.3414;-0.64094;1.0536
-2.3479;-0.61976;1.035
-2.3532;-0.59771;1.018
-2.3573;-0.57485;1.0028
-2.36;-0.55129;0.98938
-2.3615;-0.52711;0.97779
-2.3617;-0.50241;0.96809
-2.3606;-0.47729;0.96032
-2.3582;-0.45185;0.9545
-2.3545;-0.42619;0.95066
-2.3496;-0.40041;0.94882
-2.3434;-0.3746;0.94897
-2.336;-0.34888;0.95113
-2.3274;-0.32335;0.95528
-2.3176;-0.2981;0.96141
-2.3067;-0.27323;0.96949
-2.2948;-0.24885;0.97949
-2.2818;-0.22504;0.99137
-2.2678;-0.20191;1.0051
-2.253;-0.17955;1.0206
-2.2372;-0.15803;1.0378
-2.2207;-0.13746;1.0567
-2.2034;-0.1179;1.0771
-2.1854;-0.099436;1.099
-2.1669;-0.082143;1.1224
-2.1478;-0.066087;1.147
-2.1283;-0.051332;1.1729
-2.1084;-0.037935;1.1999
-2.0882;-0.02595;1.2279
-2.0678;-0.015423;1.2569
-2.0473;-0.0063966;1.2865
-2.0267;0.0010937;1.3169
-2.0061;0.0070185;1.3478
-1.9857;0.011354;1.3792
-2.0824;-0.80253;1.533
-2.1061;-0.8045;1.5032
-2.1296;-0.80486;1.4731
-2.1527;-0.8036;1.443
-2.1753;-0.80074;1.413
-2.1974;-0.79627;1.3832
-2.2188;-0.79022;1.3536
-2.2395;-0.78262;1.3244
-2.2593;-0.77349;1.2958
-2.2783;-0.76286;1.2677
-2.2963;-0.75079;1.2405
-2.3133;-0.73732;1.214
-2.3292;-0.72249;1.1886
-2.3439;-0.70638;1.1641
-2.3574;-0.68904;1.1409
-2.3697;-0.67054;1.1189
-2.3806;-0.65096;1.0982
-2.3901;-0.63037;1.0789
-2.3982;-0.60885;1.0611
-2.4049;-0.58649;1.0449
-2.4101;-0.56338;1.0303
-2.4138;-0.5396;1.0174
-2.4161;-0.51526;1.0062
-2.4168;-0.49044;0.99675
-2.416;-0.46525;0.98915
-2.4137;-0.43979;0.98339
-2.41;-0.41415;0.97949
-2.4047;-0.38844;0.97747
-2.398;-0.36275;0.97735
-2.3898;-0.3372;0.97911
-2.3802;-0.31187;0.98275
-2.3693;-0.28688;0.98827
-2.357;-0.26231;0.99563
-2.3435;-0.23828;1.0048
-2.3287;-0.21486;1.0158
-2.3128;-0.19215;1.0285
-2.2958;-0.17025;1.0428
-2.2777;-0.14924;1.0589
-2.2587;-0.1292;1.0764
-2.2388;-0.11021;1.0955
-2.2181;-0.092345;1.116
-2.1967;-0.075679;1.1379
-2.1746;-0.060276;1.161
-2.1519;-0.046195;1.1852
-2.1288;-0.033494;1.2106
-2.1054;-0.022222;1.2369
-2.0816;-0.012423;1.264
-2.0577;-0.0041362;1.292
-2.0336;0.0026057;1.3205
-2.0096;0.007776;1.3496
-1.9857;0.011354;1.3792
-2.0824;-0.80253;1.533
-2.1092;-0.8037;1.5054
-2.1358;-0.80326;1.4777
-2.162;-0.80121;1.4499
-2.1876;-0.79756;1.4221
-2.2127;-0.79233;1.3944
-2.237;-0.78553;1.367
-2.2606;-0.77719;1.3399
-2.2832;-0.76734;1.3133
-2.3049;-0.75603;1.2872
-2.3255;-0.74329;1.2618
-2.3449;-0.72918;1.2372
-2.3632;-0.71376;1.2134
-2.3801;-0.69708;1.1906
-2.3956;-0.67921;1.1689
-2.4098;-0.66022;1.1483
-2.4224;-0.64018;1.1289
-2.4335;-0.61919;1.1107
-2.4431;-0.5973;1.094
-2.451;-0.57463;1.0787
-2.4573;-0.55124;1.0648
-2.4619;-0.52724;1.0526
-2.4648;-0.50272;1.0419
-2.466;-0.47778;1.0328
-2.4655;-0.45252;1.0254
-2.4633;-0.42703;1.0197
-2.4594;-0.40141;1.0158
-2.4539;-0.37578;1.0135
-2.4467;-0.35022;1.013
-2.4378;-0.32484;1.0143
-2.4274;-0.29974;1.0173
-2.4154;-0.27502;1.0221
-2.4019;-0.25077;1.0285
-2.3869;-0.22709;1.0366
-2.3706;-0.20408;1.0464
-2.3529;-0.18183;1.0579
-2.334;-0.16042;1.0708
-2.3139;-0.13994;1.0853
-2.2926;-0.12046;1.1013
-2.2704;-0.10207;1.1187
-2.2472;-0.084845;1.1374
-2.2232;-0.068842;1.1573
-2.1985;-0.054128;1.1785
-2.173;-0.040762;1.2007
-2.1471;-0.028797;1.2239
-2.1207;-0.018278;1.2481
-2.0939;-0.0092494;1.2731
-2.067;-0.0017451;1.2988
-2.0398;0.004205;1.3251
-2.0127;0.0085772;1.3519
-1.9857;0.011354;1.3792
-2.0824;-0.80253;1.533
-2.1119;-0.80287;1.5081
-2.1412;-0.8016;1.4831
-2.17;-0.79873;1.458
-2.1983;-0.79427;1.4328
-2.2259;-0.78823;1.4077
-2.2528;-0.78065;1.3829
-2.2788;-0.77154;1.3583
-2.3038;-0.76095;1.3341
-2.3278;-0.74892;1.3104
-2.3507;-0.7355;1.2872
-2.3722;-0.72073;1.2647
-2.3925;-0.70468;1.243
-2.4113;-0.68741;1.2221
-2.4286;-0.66899;1.2022
-2.4444;-0.64949;1.1832
-2.4586;-0.62899;1.1654
-2.471;-0.60757;1.1486
-2.4818;-0.58531;1.1331
-2.4908;-0.5623;1.1189
-2.498;-0.53863;1.106
-2.5033;-0.5144;1.0944
-2.5068;-0.4897;1.0843
-2.5085;-0.46463;1.0757
-2.5082;-0.43929;1.0686
-2.5061;-0.41377;1.0629
-2.5022;-0.38818;1.0589
-2.4964;-0.36263;1.0564
-2.4887;-0.3372;1.0555
-2.4793;-0.312;1.0562
-2.4681;-0.28713;1.0584
-2.4552;-0.26269;1.0622
-2.4406;-0.23877;1.0676
-2.4244;-0.21548;1.0745
-2.4067;-0.19289;1.0829
-2.3875;-0.1711;1.0928
-2.367;-0.1502;1.1041
-2.3451;-0.13027;1.1169
-2.322;-0.11139;1.1309
-2.2977;-0.093625;1.1462
-2.2724;-0.077053;1.1628
-2.2462;-0.061739;1.1805
-2.2191;-0.047742;1.1993
-2.1913;-0.035118;1.2191
-2.1629;-0.023917;1.2399
-2.1339;-0.014182;1.2615
-2.1046;-0.0059527;1.2838
-2.075;0.00073894;1.3069
-2.0452;0.0058664;1.3305
-2.0154;0.0094096;1.3546
-1.9857;0.011354;1.3792
