-0.11132;-0.14001;1.7149
-0.10365;-0.13791;1.7171
-0.096283;-0.13534;1.72
-0.089257;-0.13231;1.7236
-0.082597;-0.12883;1.7278
-0.076327;-0.12493;1.7326
-0.070474;-0.1206;1.738
-0.065059;-0.11588;1.7441
-0.060105;-0.11078;1.7507
-0.055631;-0.10532;1.7578
-0.051655;-0.099515;1.7654
-0.048192;-0.093397;1.7736
-0.045256;-0.086987;1.7821
-0.042859;-0.080311;1.7911
-0.041009;-0.073395;1.8005
-0.039715;-0.066265;1.8102
-0.038982;-0.058951;1.8202
-0.038812;-0.051481;1.8305
-0.039206;-0.043884;1.841
-0.040162;-0.036191;1.8517
-0.041677;-0.028432;1.8625
-0.043745;-0.020638;1.8734
-0.046357;-0.012838;1.8844
-0.049504;-0.0050652;1.8953
-0.053172;0.0026512;1.9063
-0.057348;0.01028;1.9172
-0.062015;0.017792;1.9279
-0.067154;0.025157;1.9385
-0.072745;0.032346;1.9489
-0.078767;0.039331;1.9591
-0.085195;0.046084;1.9689
-0.092003;0.052578;1.9785
-0.099166;0.058787;1.9877
-0.10665;0.064689;1.9964
-0.11444;0.070258;2.0048
-0.12249;0.075473;2.0127
-0.13077;0.080313;2.0201
-0.13926;0.08476;2.0269
-0.14791;0.088795;2.0333
-0.1567;0.092403;2.039
-0.16558;0.09557;2.0441
-0.17453;0.098283;2.0487
-0.18351;0.10053;2.0525
-0.19248;0.10231;2.0558
-0.20141;0.1036;2.0583
-0.21026;0.10441;2.0602
-0.219;0.10473;2.0614
-0.22759;0.10456;2.062
-0.236;0.1039;2.0618
-0.24419;0.10275;2.0609
-0.25214;0.10113;2.0594
-0.11132;-0.14001;1.7149
-0.10365;-0.13883;1.7178
-0.09629;-0.13718;1.7213
-0.089268;-0.13507;1.7255
-0.082611;-0.1325;1.7303
-0.076345;-0.12948;1.7358
-0.070495;-0.12603;1.7418
-0.065084;-0.12216;1.7484
-0.060133;-0.11788;1.7556
-0.055662;-0.11321;1.7633
-0.051689;-0.10818;1.7715
-0.048229;-0.10279;1.7801
-0.045296;-0.097076;1.7892
-0.042901;-0.091054;1.7986
-0.041054;-0.08475;1.8084
-0.039762;-0.078188;1.8185
-0.039031;-0.071394;1.8289
-0.038862;-0.064395;1.8395
-0.039258;-0.057219;1.8503
-0.040216;-0.049894;1.8612
-0.041732;-0.042448;1.8723
-0.043801;-0.034912;1.8834
-0.046414;-0.027315;1.8945
-0.049561;-0.019686;1.9056
-0.05323;-0.012057;1.9166
-0.057406;-0.004457;1.9275
-0.062072;0.0030841;1.9382
-0.067211;0.010536;1.9487
-0.072802;0.01787;1.959
-0.078823;0.025057;1.969
-0.085249;0.032068;1.9787
-0.092057;0.038875;1.988
-0.099218;0.045453;1.997
-0.10671;0.051774;2.0055
-0.11449;0.057814;2.0135
-0.12254;0.06355;2.021
-0.13082;0.068958;2.028
-0.1393;0.074017;2.0344
-0.14795;0.078707;2.0403
-0.15674;0.083009;2.0456
-0.16562;0.086908;2.0502
-0.17456;0.090387;2.0542
-0.18354;0.093432;2.0575
-0.19251;0.096032;2.0602
-0.20143;0.098176;2.0621
-0.21028;0.099856;2.0634
-0.21901;0.10106;2.064
-0.2276;0.1018;2.0639
-0.236;0.10205;2.0631
-0.2442;0.10183;2.0616
-0.25214;0.10113;2.0594
-0.11132;-0.14001;1.7149
-0.10378;-0.13977;1.7184
-0.096543;-0.13906;1.7225
-0.089646;-0.13787;1.7273
-0.083113;-0.13622;1.7327
-0.076969;-0.13411;1.7388
-0.071238;-0.13154;1.7454
-0.065943;-0.12853;1.7526
-0.061105;-0.12509;1.7603
-0.056744;-0.12124;1.7685
-0.052875;-0.11698;1.7772
-0.049515;-0.11234;1.7863
-0.046677;-0.10733;1.7958
-0.044372;-0.10197;1.8057
-0.042609;-0.096287;1.8159
-0.041395;-0.090302;1.8263
-0.040735;-0.084037;1.837
-0.040631;-0.077517;1.848
-0.041084;-0.070768;1.859
-0.042092;-0.063816;1.8702
-0.043652;-0.056689;1.8814
-0.045756;-0.049416;1.8927
-0.048397;-0.042023;1.904
-0.051564;-0.034542;1.9151
-0.055244;-0.027001;1.9262
-0.059424;-0.019431;1.9371
-0.064087;-0.01186;1.9478
-0.069214;-0.0043195;1.9583
-0.074785;0.0031615;1.9685
-0.080778;0.010553;1.9784
-0.087169;0.017827;1.9879
-0.093934;0.024953;1.997
-0.10104;0.031904;2.0057
-0.10847;0.038652;2.0139
-0.11619;0.045172;2.0216
-0.12417;0.051436;2.0288
-0.13237;0.05742;2.0354
-0.14077;0.063101;2.0415
-0.14933;0.068456;2.0469
-0.15802;0.073465;2.0517
-0.16681;0.078107;2.0559
-0.17565;0.082363;2.0594
-0.18451;0.086218;2.0622
-0.19337;0.089656;2.0643
-0.20217;0.092664;2.0657
-0.2109;0.095229;2.0664
-0.21951;0.097341;2.0664
-0.22798;0.098993;2.0657
-0.23626;0.10018;2.0643
-0.24432;0.10089;2.0622
-0.25214;0.10113;2.0594
-0.11132;-0.14001;1.7149
-0.10402;-0.14071;1.7189
-0.097038;-0.14094;1.7236
-0.090386;-0.14068;1.729
-0.084095;-0.13995;1.7349
-0.078188;-0.13874;1.7415
-0.072691;-0.13705;1.7486
-0.067624;-0.13491;1.7563
-0.063007;-0.13231;1.7645
-0.058859;-0.12926;1.7732
-0.055195;-0.12578;1.7824
-0.052031;-0.12188;1.7919
-0.049379;-0.11758;1.8019
-0.047249;-0.11289;1.8121
-0.04565;-0.10783;1.8227
-0.044588;-0.10242;1.8335
-0.044068;-0.09668;1.8445
-0.04409;-0.090639;1.8557
-0.044656;-0.084317;1.867
-0.045762;-0.077739;1.8784
-0.047406;-0.07093;1.8899
-0.049579;-0.063919;1.9013
-0.052274;-0.056732;1.9127
-0.05548;-0.049398;1.9239
-0.059184;-0.041946;1.9351
-0.063372;-0.034405;1.946
-0.068026;-0.026805;1.9567
-0.07313;-0.019175;1.9671
-0.078662;-0.011547;1.9772
-0.084601;-0.0039503;1.987
-0.090923;0.0035855;1.9963
-0.097604;0.01103;2.0053
-0.10462;0.018355;2.0137
-0.11193;0.025531;2.0217
-0.11953;0.032529;2.0291
-0.12736;0.039321;2.036
-0.13542;0.045882;2.0423
-0.14365;0.052186;2.0479
-0.15204;0.058206;2.053
-0.16054;0.06392;2.0574
-0.16913;0.069305;2.0611
-0.17776;0.07434;2.0641
-0.18641;0.079005;2.0664
-0.19505;0.083281;2.068
-0.20363;0.087151;2.069
-0.21212;0.090601;2.0691
-0.2205;0.093617;2.0686
-0.22872;0.096187;2.0674
-0.23675;0.0983;2.0654
-0.24457;0.099948;2.0627
-0.25214;0.10113;2.0594
-0.11132;-0.14001;1.7149
-0.10439;-0.14164;1.7194
-0.097766;-0.14278;1.7246
-0.091475;-0.14344;1.7305
-0.08554;-0.14361;1.7369
-0.079985;-0.14329;1.744
-0.074831;-0.14248;1.7516
-0.070099;-0.14118;1.7597
-0.065808;-0.13941;1.7684
-0.061974;-0.13716;1.7775
-0.058613;-0.13444;1.787
-0.055737;-0.13127;1.797
-0.053359;-0.12767;1.8073
-0.051488;-0.12363;1.8179
-0.05013;-0.11918;1.8288
-0.049292;-0.11434;1.8399
-0.048976;-0.10912;1.8512
-0.049185;-0.10355;1.8627
-0.049916;-0.097652;1.8742
-0.051168;-0.091442;1.8858
-0.052935;-0.084947;1.8974
-0.05521;-0.078194;1.909
-0.057985;-0.071209;1.9205
-0.061248;-0.06402;1.9318
-0.064986;-0.056655;1.943
-0.069185;-0.049143;1.9539
-0.073829;-0.041514;1.9646
-0.078898;-0.033797;1.975
-0.084373;-0.026024;1.985
-0.090232;-0.018225;1.9947
-0.096452;-0.010431;2.0039
-0.10301;-0.0026727;2.0126
-0.10988;0.0050197;2.0209
-0.11703;0.012616;2.0286
-0.12443;0.020085;2.0358
-0.13207;0.027398;2.0424
-0.1399;0.034527;2.0484
-0.14789;0.041442;2.0537
-0.15602;0.048117;2.0584
-0.16424;0.054526;2.0624
-0.17254;0.060642;2.0657
-0.18088;0.066443;2.0684
-0.18921;0.071904;2.0703
-0.19752;0.077005;2.0714
-0.20577;0.081726;2.0719
-0.21392;0.086047;2.0716
-0.22194;0.089952;2.0706
-0.22981;0.093425;2.0688
-0.23748;0.096453;2.0664
-0.24494;0.099023;2.0632
-0.25214;0.10113;2.0594
-0.11132;-0.14001;1.7149
-0.10487;-0.14254;1.7198
-0.098718;-0.14457;1.7255
-0.092897;-0.14612;1.7317
-0.087428;-0.14716;1.7386
-0.08233;-0.1477;1.7461
-0.077625;-0.14773;1.7541
-0.07333;-0.14726;1.7626
-0.069464;-0.14628;1.7717
-0.06604;-0.1448;1.7812
-0.063073;-0.14283;1.7911
-0.060574;-0.14037;1.8014
-0.058554;-0.13743;1.812
-0.057019;-0.13403;1.8229
-0.055977;-0.13018;1.8341
-0.055431;-0.12588;1.8455
-0.055384;-0.12117;1.857
-0.055835;-0.11606;1.8687
-0.056783;-0.11056;1.8805
-0.058224;-0.10471;1.8922
-0.060152;-0.098518;1.904
-0.06256;-0.092015;1.9157
-0.065439;-0.085226;1.9272
-0.068777;-0.078177;1.9386
-0.07256;-0.070896;1.9499
-0.076774;-0.063412;1.9608
-0.081402;-0.055755;1.9715
-0.086427;-0.047954;1.9818
-0.091827;-0.040041;1.9918
-0.097582;-0.032047;2.0013
-0.10367;-0.024002;2.0104
-0.11006;-0.01594;2.019
-0.11674;-0.0078919;2.0271
-0.12368;0.00011091;2.0347
-0.13084;0.0080365;2.0416
-0.13821;0.015854;2.048
-0.14574;0.023532;2.0537
-0.15342;0.03104;2.0588
-0.16121;0.038349;2.0631
-0.16908;0.04543;2.0668
-0.177;0.052255;2.0698
-0.18494;0.058797;2.072
-0.19287;0.06503;2.0736
-0.20075;0.07093;2.0744
-0.20856;0.076473;2.0744
-0.21626;0.081638;2.0737
-0.22383;0.086403;2.0723
-0.23123;0.090751;2.0701
-0.23843;0.094664;2.0673
-0.24541;0.098127;2.0637
-0.25214;0.10113;2.0594
-0.11132;-0.14001;1.7149
-0.10545;-0.14339;1.7202
-0.099876;-0.14627;1.7262
-0.094629;-0.14866;1.7328
-0.089726;-0.15054;1.74
-0.085187;-0.15189;1.7479
-0.081028;-0.15273;1.7562
-0.077266;-0.15304;1.7651
-0.073917;-0.15282;1.7744
-0.070993;-0.15208;1.7842
-0.068507;-0.15081;1.7945
-0.066467;-0.14902;1.805
-0.064882;-0.14673;1.8159
-0.063758;-0.14393;1.8271
-0.0631;-0.14064;1.8385
-0.06291;-0.13687;1.8501
-0.063189;-0.13263;1.8619
-0.063935;-0.12796;1.8737
-0.065147;-0.12285;1.8856
-0.066818;-0.11733;1.8976
-0.068944;-0.11143;1.9094
-0.071514;-0.10517;1.9212
-0.074519;-0.098562;1.9329
-0.077948;-0.091646;1.9443
-0.081786;-0.084446;1.9556
-0.086018;-0.076989;1.9665
-0.090628;-0.069305;1.9772
-0.095598;-0.061424;1.9875
-0.10091;-0.053377;1.9974
-0.10654;-0.045196;2.0069
-0.11246;-0.036914;2.0159
-0.11866;-0.028563;2.0244
-0.12511;-0.020176;2.0323
-0.13178;-0.011786;2.0397
-0.13865;-0.0034263;2.0465
-0.14568;0.0048703;2.0526
-0.15287;0.013071;2.0581
-0.16016;0.021143;2.0629
-0.16754;0.029055;2.0671
-0.17497;0.036776;2.0705
-0.18244;0.044275;2.0732
-0.1899;0.051522;2.0751
-0.19732;0.05849;2.0763
-0.20469;0.065149;2.0768
-0.21196;0.071475;2.0765
-0.21912;0.077442;2.0755
-0.22613;0.083027;2.0737
-0.23296;0.088207;2.0712
-0.23959;0.092963;2.068
-0.24599;0.097275;2.064
-0.25214;0.10113;2.0594
-0.11132;-0.14001;1.7149
-0.10612;-0.14418;1.7205
-0.10122;-0.14786;1.7268
-0.096644;-0.15103;1.7337
-0.092401;-0.15369;1.7412
-0.088509;-0.15581;1.7492
-0.084986;-0.15739;1.7579
-0.081845;-0.15843;1.767
-0.079097;-0.15893;1.7766
-0.076755;-0.15887;1.7866
-0.074827;-0.15826;1.7971
-0.073321;-0.1571;1.8079
-0.072243;-0.1554;1.819
-0.071597;-0.15316;1.8304
-0.071385;-0.1504;1.842
-0.071609;-0.14712;1.8537
-0.072268;-0.14333;1.8657
-0.073358;-0.13906;1.8777
-0.074877;-0.13431;1.8897
-0.076817;-0.12911;1.9017
-0.079171;-0.12348;1.9137
-0.081929;-0.11744;1.9255
-0.085082;-0.11101;1.9372
-0.088616;-0.10422;1.9488
-0.092518;-0.097089;1.96
-0.096771;-0.089657;1.971
-0.10136;-0.081948;1.9817
-0.10627;-0.073992;1.9919
-0.11147;-0.065821;2.0018
-0.11695;-0.057467;2.0112
-0.12269;-0.048963;2.0201
-0.12866;-0.040342;2.0285
-0.13484;-0.031639;2.0364
-0.1412;-0.022888;2.0436
-0.14773;-0.014123;2.0502
-0.15438;-0.0053789;2.0562
-0.16115;0.0033095;2.0616
-0.168;0.011908;2.0662
-0.1749;0.020383;2.0701
-0.18183;0.028701;2.0733
-0.18876;0.036828;2.0758
-0.19566;0.044734;2.0775
-0.2025;0.052386;2.0785
-0.20927;0.059755;2.0787
-0.21592;0.066811;2.0782
-0.22244;0.073527;2.0769
-0.2288;0.079876;2.0748
-0.23498;0.085833;2.072
-0.24094;0.091375;2.0685
-0.24667;0.096479;2.0643
-0.25214;0.10113;2.0594
-0.11132;-0.14001;1.7149
-0.10688;-0.14491;1.7207
-0.10274;-0.14931;1.7271
-0.09891;-0.1532;1.7342
-0.095408;-0.15656;1.7419
-0.092246;-0.15938;1.7502
-0.089438;-0.16165;1.759
-0.086994;-0.16336;1.7683
-0.084923;-0.16449;1.7781
-0.083235;-0.16506;1.7883
-0.081935;-0.16505;1.7989
-0.08103;-0.16447;1.8099
-0.080521;-0.16331;1.8211
-0.080412;-0.16159;1.8327
-0.080703;-0.15931;1.8444
-0.081393;-0.15647;1.8563
-0.082478;-0.15309;1.8683
-0.083956;-0.14919;1.8804
-0.085819;-0.14477;1.8925
-0.088061;-0.13986;1.9046
-0.090672;-0.13447;1.9167
-0.093643;-0.12863;1.9286
-0.096961;-0.12236;1.9403
-0.10061;-0.11569;1.9519
-0.10459;-0.10863;1.9632
-0.10886;-0.10122;1.9742
-0.11343;-0.093487;1.9848
-0.11826;-0.085463;1.9951
-0.12335;-0.077178;2.0049
-0.12866;-0.068665;2.0143
-0.13419;-0.059959;2.0231
-0.1399;-0.051092;2.0315
-0.14578;-0.0421;2.0392
-0.1518;-0.033019;2.0464
-0.15794;-0.023884;2.0529
-0.16417;-0.014732;2.0588
-0.17047;-0.0055987;2.064
-0.17681;0.0034802;2.0685
-0.18318;0.012469;2.0723
-0.18954;0.021331;2.0753
-0.19587;0.030033;2.0776
-0.20214;0.038539;2.0792
-0.20833;0.046817;2.08
-0.21442;0.054833;2.08
-0.22037;0.062555;2.0793
-0.22618;0.069955;2.0778
-0.23181;0.077001;2.0756
-0.23724;0.083667;2.0726
-0.24245;0.089926;2.0689
-0.24743;0.095753;2.0645
-0.25214;0.10113;2.0594
-0.11132;-0.14001;1.7149
-0.10771;-0.14555;1.7208
-0.1044;-0.1506;1.7274
-0.10139;-0.15513;1.7346
-0.098701;-0.15912;1.7424
-0.096339;-0.16256;1.7508
-0.094313;-0.16543;1.7597
-0.092632;-0.16773;1.7691
-0.091303;-0.16944;1.779
-0.090331;-0.17056;1.7893
-0.089719;-0.17109;1.8
-0.089471;-0.17102;1.811
-0.089586;-0.17035;1.8224
-0.090066;-0.16908;1.834
-0.090907;-0.16722;1.8458
-0.092106;-0.16478;1.8577
-0.093659;-0.16177;1.8698
-0.09556;-0.15819;1.882
-0.097801;-0.15407;1.8941
-0.10037;-0.14941;1.9063
-0.10327;-0.14424;1.9184
-0.10647;-0.13858;1.9303
-0.10997;-0.13245;1.9421
-0.11375;-0.12588;1.9536
-0.1178;-0.11888;1.9649
-0.12211;-0.11149;1.9759
-0.12665;-0.10374;1.9866
-0.1314;-0.095653;1.9968
-0.13636;-0.087268;2.0066
-0.14149;-0.078614;2.016
-0.14678;-0.069728;2.0248
-0.15221;-0.060642;2.0331
-0.15776;-0.051394;2.0408
-0.1634;-0.04202;2.0479
-0.16912;-0.032557;2.0544
-0.17488;-0.023042;2.0602
-0.18067;-0.013513;2.0654
-0.18647;-0.0040076;2.0698
-0.19224;0.0054371;2.0735
-0.19798;0.014784;2.0765
-0.20365;0.023995;2.0787
-0.20923;0.033035;2.0802
-0.21471;0.041868;2.0809
-0.22005;0.050459;2.0808
-0.22525;0.058774;2.08
-0.23027;0.066781;2.0784
-0.2351;0.074447;2.0761
-0.23972;0.081742;2.073
-0.24411;0.088638;2.0692
-0.24826;0.095108;2.0646
-0.25214;0.10113;2.0594
-0.11132;-0.14001;1.7149
-0.1086;-0.14611;1.7208
-0.10618;-0.1517;1.7274
-0.10405;-0.15678;1.7346
-0.10223;-0.16131;1.7425
-0.10072;-0.16528;1.7509
-0.099534;-0.16868;1.7598
-0.098671;-0.17149;1.7692
-0.098135;-0.17369;1.7792
-0.09793;-0.17529;1.7895
-0.098055;-0.17627;1.8002
-0.098511;-0.17664;1.8113
-0.099295;-0.17638;1.8226
-0.1004;-0.17551;1.8342
-0.10183;-0.17402;1.8461
-0.10358;-0.17192;1.858
-0.10563;-0.16921;1.8701
-0.10799;-0.16592;1.8823
-0.11063;-0.16205;1.8945
-0.11356;-0.15761;1.9066
-0.11675;-0.15263;1.9187
-0.12021;-0.14713;1.9307
-0.1239;-0.14112;1.9425
-0.12782;-0.13463;1.954
-0.13196;-0.12768;1.9653
-0.13629;-0.12031;1.9763
-0.1408;-0.11254;1.987
-0.14547;-0.1044;1.9972
-0.15029;-0.095932;2.007
-0.15523;-0.087157;2.0163
-0.16027;-0.078116;2.0252
-0.1654;-0.068843;2.0335
-0.17059;-0.059375;2.0412
-0.17583;-0.049749;2.0483
-0.18109;-0.040004;2.0547
-0.18636;-0.030178;2.0605
-0.1916;-0.020309;2.0656
-0.19681;-0.010437;2.0701
-0.20195;-0.00060067;2.0737
-0.20702;0.0091615;2.0767
-0.21199;0.018811;2.0789
-0.21683;0.028309;2.0804
-0.22154;0.037619;2.081
-0.22609;0.046704;2.081
-0.23047;0.055527;2.0801
-0.23465;0.064055;2.0785
-0.23863;0.072253;2.0761
-0.24238;0.080089;2.073
-0.24589;0.087533;2.0692
-0.24915;0.094554;2.0646
-0.25214;0.10113;2.0594
-0.11132;-0.14001;1.7149
-0.10954;-0.14656;1.7208
-0.10804;-0.15261;1.7273
-0.10684;-0.15813;1.7345
-0.10593;-0.16311;1.7422
-0.10533;-0.16752;1.7506
-0.10502;-0.17134;1.7594
-0.10501;-0.17456;1.7688
-0.10531;-0.17718;1.7787
-0.10591;-0.17916;1.7889
-0.10681;-0.18052;1.7996
-0.10801;-0.18125;1.8106
-0.10949;-0.18133;1.8219
-0.11127;-0.18078;1.8335
-0.11331;-0.17959;1.8453
-0.11563;-0.17776;1.8572
-0.11821;-0.17532;1.8693
-0.12104;-0.17225;1.8814
-0.12411;-0.16859;1.8936
-0.12741;-0.16433;1.9057
-0.13092;-0.15951;1.9177
-0.13464;-0.15413;1.9297
-0.13854;-0.14822;1.9414
-0.1426;-0.1418;1.953
-0.14683;-0.1349;1.9643
-0.15119;-0.12754;1.9753
-0.15567;-0.11976;1.9859
-0.16025;-0.11158;1.9962
-0.16492;-0.10303;2.006
-0.16966;-0.09416;2.0153
-0.17444;-0.084992;2.0242
-0.17925;-0.075565;2.0325
-0.18408;-0.065916;2.0402
-0.18889;-0.056085;2.0474
-0.19367;-0.046108;2.0539
-0.19841;-0.036027;2.0597
-0.20308;-0.02588;2.0648
-0.20767;-0.015707;2.0693
-0.21215;-0.0055495;2.073
-0.21652;0.0045533;2.076
-0.22074;0.014561;2.0783
-0.22482;0.024435;2.0798
-0.22872;0.034136;2.0805
-0.23244;0.043626;2.0805
-0.23595;0.052866;2.0797
-0.23926;0.061821;2.0782
-0.24233;0.070455;2.0759
-0.24517;0.078735;2.0728
-0.24776;0.086627;2.0691
-0.25009;0.0941;2.0646
-0.25214;0.10113;2.0594
-0.11132;-0.14001;1.7149
-0.1105;-0.14691;1.7206
-0.10997;-0.1533;1.727
-0.10972;-0.15917;1.734
-0.10976;-0.16448;1.7416
-0.11008;-0.16922;1.7498
-0.11068;-0.17337;1.7585
-0.11156;-0.17692;1.7678
-0.11272;-0.17984;1.7775
-0.11415;-0.18212;1.7876
-0.11585;-0.18377;1.7982
-0.11781;-0.18477;1.8091
-0.12002;-0.18511;1.8203
-0.12248;-0.18481;1.8317
-0.12517;-0.18384;1.8434
-0.12808;-0.18223;1.8552
-0.1312;-0.17998;1.8672
-0.13452;-0.1771;1.8793
-0.13803;-0.17359;1.8914
-0.14171;-0.16947;1.9034
-0.14555;-0.16476;1.9154
-0.14953;-0.15948;1.9273
-0.15364;-0.15364;1.9391
-0.15786;-0.14728;1.9506
-0.16218;-0.14041;1.9619
-0.16657;-0.13306;1.9729
-0.17102;-0.12527;1.9835
-0.17551;-0.11706;1.9938
-0.18003;-0.10846;2.0036
-0.18456;-0.099511;2.013
-0.18907;-0.090246;2.0219
-0.19355;-0.080701;2.0303
-0.19799;-0.070915;2.038
-0.20237;-0.060926;2.0452
-0.20666;-0.050773;2.0518
-0.21085;-0.040496;2.0577
-0.21493;-0.030136;2.063
-0.21888;-0.019735;2.0675
-0.22268;-0.0093314;2.0714
-0.22632;0.0010318;2.0745
-0.22978;0.011314;2.0769
-0.23306;0.021475;2.0785
-0.23613;0.031475;2.0794
-0.23899;0.041273;2.0795
-0.24162;0.050832;2.0788
-0.24401;0.060114;2.0774
-0.24616;0.069081;2.0753
-0.24805;0.0777;2.0724
-0.24969;0.085934;2.0688
-0.25105;0.093753;2.0644
-0.25214;0.10113;2.0594
-0.11132;-0.14001;1.7149
-0.11148;-0.14714;1.7204
-0.11193;-0.15377;1.7265
-0.11265;-0.15987;1.7333
-0.11364;-0.16541;1.7407
-0.11491;-0.17038;1.7486
-0.11643;-0.17475;1.7571
-0.11821;-0.1785;1.7662
-0.12025;-0.18163;1.7757
-0.12252;-0.18413;1.7856
-0.12503;-0.18597;1.796
-0.12777;-0.18715;1.8067
-0.13072;-0.18767;1.8177
-0.13386;-0.18753;1.829
-0.1372;-0.18672;1.8405
-0.14071;-0.18525;1.8522
-0.14439;-0.18313;1.864
-0.14821;-0.18037;1.876
-0.15217;-0.17696;1.8879
-0.15624;-0.17294;1.8999
-0.16041;-0.16831;1.9118
-0.16466;-0.1631;1.9237
-0.16899;-0.15731;1.9354
-0.17336;-0.15098;1.9469
-0.17777;-0.14414;1.9581
-0.18219;-0.1368;1.9691
-0.18661;-0.129;1.9797
-0.19101;-0.12076;1.99
-0.19538;-0.11213;1.9999
-0.19969;-0.10313;2.0094
-0.20393;-0.093796;2.0183
-0.20808;-0.084172;2.0267
-0.21213;-0.074293;2.0346
-0.21605;-0.064197;2.0419
-0.21985;-0.053925;2.0486
-0.22349;-0.043516;2.0547
-0.22697;-0.033013;2.0601
-0.23027;-0.022456;2.0648
-0.23337;-0.011887;2.0688
-0.23628;-0.0013476;2.0721
-0.23896;0.0091201;2.0747
-0.24143;0.019475;2.0765
-0.24365;0.029676;2.0776
-0.24564;0.039684;2.0779
-0.24737;0.049458;2.0775
-0.24884;0.05896;2.0763
-0.25004;0.068153;2.0744
-0.25098;0.077;2.0717
-0.25164;0.085467;2.0683
-0.25203;0.093519;2.0642
-0.25214;0.10113;2.0594
-0.11132;-0.14001;1.7149
-0.11246;-0.14726;1.7201
-0.11389;-0.15401;1.7259
-0.11558;-0.16022;1.7323
-0.11753;-0.16588;1.7394
-0.11973;-0.17096;1.7471
-0.12218;-0.17544;1.7553
-0.12486;-0.17931;1.764
-0.12777;-0.18254;1.7732
-0.13089;-0.18513;1.7829
-0.13421;-0.18707;1.793
-0.13772;-0.18835;1.8034
-0.1414;-0.18896;1.8142
-0.14524;-0.1889;1.8253
-0.14923;-0.18817;1.8366
-0.15334;-0.18678;1.8481
-0.15757;-0.18472;1.8598
-0.16189;-0.18202;1.8715
-0.16629;-0.17867;1.8834
-0.17075;-0.17469;1.8952
-0.17526;-0.1701;1.907
-0.17979;-0.16492;1.9188
-0.18432;-0.15916;1.9304
-0.18885;-0.15285;1.9418
-0.19335;-0.14601;1.9531
-0.1978;-0.13868;1.964
-0.20219;-0.13087;1.9747
-0.2065;-0.12263;1.985
-0.21071;-0.11398;1.9949
-0.21481;-0.10495;2.0044
-0.21877;-0.095586;2.0135
-0.22259;-0.085922;2.022
-0.22625;-0.075996;2.03
-0.22974;-0.065846;2.0375
-0.23303;-0.055514;2.0444
-0.23612;-0.045039;2.0506
-0.239;-0.034463;2.0562
-0.24165;-0.023828;2.0611
-0.24406;-0.013175;2.0653
-0.24623;-0.0025472;2.0689
-0.24814;0.0080139;2.0717
-0.24979;0.018467;2.0738
-0.25118;0.02877;2.0751
-0.25228;0.038883;2.0757
-0.25311;0.048765;2.0756
-0.25366;0.058379;2.0747
-0.25393;0.067685;2.0731
-0.25391;0.076648;2.0707
-0.2536;0.085231;2.0677
-0.25301;0.093401;2.0639
-0.25214;0.10113;2.0594
-0.11132;-0.14001;1.7149
-0.11343;-0.14726;1.7197
-0.11581;-0.15401;1.7251
-0.11845;-0.16022;1.7312
-0.12135;-0.16588;1.7379
-0.12448;-0.17096;1.7451
-0.12783;-0.17544;1.753
-0.1314;-0.17931;1.7613
-0.13517;-0.18254;1.7702
-0.13912;-0.18513;1.7795
-0.14324;-0.18707;1.7893
-0.14751;-0.18835;1.7994
-0.15192;-0.18896;1.8099
-0.15644;-0.1889;1.8207
-0.16107;-0.18817;1.8317
-0.16577;-0.18678;1.843
-0.17054;-0.18472;1.8545
-0.17535;-0.18202;1.866
-0.18019;-0.17867;1.8777
-0.18503;-0.17469;1.8894
-0.18986;-0.1701;1.9011
-0.19466;-0.16492;1.9127
-0.19941;-0.15916;1.9242
-0.20409;-0.15285;1.9356
-0.20868;-0.14602;1.9468
-0.21316;-0.13868;1.9577
-0.21752;-0.13088;1.9684
-0.22174;-0.12263;1.9788
-0.2258;-0.11398;1.9888
-0.22968;-0.10495;1.9984
-0.23338;-0.095587;2.0075
-0.23687;-0.085923;2.0162
-0.24015;-0.075997;2.0244
-0.24319;-0.065848;2.032
-0.246;-0.055515;2.0391
-0.24855;-0.04504;2.0455
-0.25083;-0.034464;2.0513
-0.25284;-0.023829;2.0565
-0.25457;-0.013176;2.061
-0.25602;-0.0025483;2.0649
-0.25717;0.0080129;2.068
-0.25802;0.018466;2.0704
-0.25857;0.028769;2.0721
-0.25882;0.038882;2.0731
-0.25877;0.048765;2.0733
-0.25841;0.058378;2.0728
-0.25775;0.067685;2.0715
-0.25678;0.076647;2.0696
-0.25553;0.085231;2.0669
-0.25398;0.093401;2.0635
-0.25214;0.10113;2.0594
-0.11132;-0.14001;1.7149
-0.11436;-0.14714;1.7192
-0.11767;-0.15377;1.7242
-0.12124;-0.15987;1.7298
-0.12504;-0.16541;1.736
-0.12907;-0.17038;1.7429
-0.1333;-0.17475;1.7503
-0.13773;-0.17851;1.7582
-0.14233;-0.18164;1.7666
-0.14708;-0.18413;1.7756
-0.15198;-0.18597;1.7849
-0.15699;-0.18715;1.7947
-0.16209;-0.18767;1.8048
-0.16728;-0.18753;1.8153
-0.17252;-0.18672;1.8261
-0.1778;-0.18526;1.837
-0.18309;-0.18314;1.8482
-0.18838;-0.18037;1.8596
-0.19364;-0.17697;1.871
-0.19885;-0.17295;1.8825
-0.204;-0.16832;1.894
-0.20906;-0.1631;1.9055
-0.21401;-0.15732;1.917
-0.21883;-0.15099;1.9283
-0.22351;-0.14414;1.9394
-0.22802;-0.1368;1.9504
-0.23235;-0.129;1.961
-0.23648;-0.12077;1.9714
-0.2404;-0.11213;1.9815
-0.24408;-0.10313;1.9912
-0.24752;-0.0938;2.0005
-0.25069;-0.084177;2.0093
-0.2536;-0.074297;2.0177
-0.25622;-0.064201;2.0255
-0.25855;-0.053929;2.0328
-0.26057;-0.04352;2.0395
-0.26228;-0.033016;2.0456
-0.26368;-0.022459;2.0511
-0.26475;-0.01189;2.056
-0.26549;-0.0013506;2.0602
-0.26591;0.0091173;2.0636
-0.26599;0.019472;2.0664
-0.26574;0.029674;2.0685
-0.26515;0.039682;2.0699
-0.26424;0.049456;2.0706
-0.263;0.058959;2.0705
-0.26144;0.068152;2.0697
-0.25957;0.076999;2.0682
-0.25739;0.085466;2.0659
-0.25491;0.093519;2.063
-0.25214;0.10113;2.0594
-0.11132;-0.14001;1.7149
-0.11525;-0.14691;1.7187
-0.11945;-0.1533;1.7231
-0.12389;-0.15917;1.7282
-0.12856;-0.16448;1.7339
-0.13344;-0.16923;1.7403
-0.13851;-0.17338;1.7472
-0.14375;-0.17692;1.7546
-0.14914;-0.17984;1.7626
-0.15466;-0.18213;1.7711
-0.16028;-0.18378;1.78
-0.16599;-0.18477;1.7894
-0.17177;-0.18512;1.7991
-0.17758;-0.18481;1.8092
-0.18341;-0.18385;1.8196
-0.18923;-0.18224;1.8302
-0.19502;-0.17999;1.8411
-0.20076;-0.1771;1.8522
-0.20643;-0.17359;1.8634
-0.21199;-0.16948;1.8747
-0.21744;-0.16477;1.8861
-0.22275;-0.15949;1.8974
-0.22789;-0.15365;1.9087
-0.23286;-0.14729;1.9199
-0.23762;-0.14042;1.931
-0.24216;-0.13307;1.942
-0.24646;-0.12528;1.9527
-0.25051;-0.11707;1.9631
-0.25428;-0.10847;1.9733
-0.25777;-0.099518;1.9831
-0.26096;-0.090253;1.9925
-0.26384;-0.080709;2.0015
-0.26639;-0.070922;2.0101
-0.2686;-0.060933;2.0182
-0.27048;-0.05078;2.0257
-0.272;-0.040503;2.0327
-0.27317;-0.030143;2.0392
-0.27398;-0.01974;2.045
-0.27442;-0.0093368;2.0502
-0.2745;0.0010267;2.0548
-0.27421;0.01131;2.0587
-0.27356;0.021471;2.0619
-0.27254;0.031471;2.0645
-0.27117;0.04127;2.0663
-0.26944;0.050829;2.0675
-0.26737;0.060111;2.0679
-0.26496;0.069079;2.0676
-0.26222;0.077698;2.0666
-0.25916;0.085933;2.0649
-0.2558;0.093753;2.0625
-0.25214;0.10113;2.0594
-0.11132;-0.14001;1.7149
-0.11608;-0.14656;1.7181
-0.1211;-0.15261;1.722
-0.12636;-0.15813;1.7265
-0.13183;-0.16311;1.7316
-0.13751;-0.16752;1.7374
-0.14336;-0.17134;1.7438
-0.14936;-0.17457;1.7507
-0.15549;-0.17718;1.7581
-0.16172;-0.17917;1.7661
-0.16803;-0.18053;1.7746
-0.1744;-0.18125;1.7835
-0.18079;-0.18134;1.7928
-0.18719;-0.18079;1.8024
-0.19356;-0.1796;1.8125
-0.19989;-0.17777;1.8228
-0.20615;-0.17533;1.8333
-0.21231;-0.17226;1.8441
-0.21835;-0.1686;1.855
-0.22425;-0.16434;1.8661
-0.22998;-0.15952;1.8773
-0.23551;-0.15414;1.8884
-0.24084;-0.14823;1.8996
-0.24593;-0.14181;1.9108
-0.25077;-0.13491;1.9218
-0.25534;-0.12755;1.9327
-0.25961;-0.11977;1.9434
-0.26358;-0.11159;1.9539
-0.26723;-0.10304;1.9642
-0.27054;-0.09417;1.9741
-0.27349;-0.085002;1.9837
-0.27609;-0.075575;1.9929
-0.27831;-0.065926;2.0017
-0.28015;-0.056094;2.0101
-0.28161;-0.046117;2.0179
-0.28267;-0.036036;2.0253
-0.28333;-0.025888;2.0321
-0.28359;-0.015715;2.0383
-0.28345;-0.005557;2.0439
-0.2829;0.0045464;2.0489
-0.28196;0.014555;2.0533
-0.28062;0.02443;2.057
-0.27889;0.034131;2.06
-0.27678;0.043621;2.0624
-0.27429;0.052862;2.0641
-0.27144;0.061818;2.065
-0.26824;0.070453;2.0653
-0.26469;0.078733;2.0649
-0.26081;0.086626;2.0637
-0.25663;0.0941;2.0619
-0.25214;0.10113;2.0594
-0.11132;-0.14001;1.7149
-0.11683;-0.14611;1.7175
-0.1226;-0.15171;1.7207
-0.12861;-0.15678;1.7246
-0.13482;-0.16131;1.7292
-0.14122;-0.16529;1.7343
-0.14778;-0.16868;1.7401
-0.15448;-0.17149;1.7464
-0.16128;-0.1737;1.7533
-0.16816;-0.1753;1.7608
-0.1751;-0.17628;1.7687
-0.18206;-0.17665;1.7771
-0.18902;-0.17639;1.7859
-0.19595;-0.17552;1.7952
-0.20282;-0.17403;1.8048
-0.20962;-0.17193;1.8147
-0.2163;-0.16922;1.8249
-0.22284;-0.16593;1.8354
-0.22923;-0.16206;1.846
-0.23542;-0.15762;1.8568
-0.24141;-0.15264;1.8678
-0.24716;-0.14714;1.8788
-0.25265;-0.14113;1.8898
-0.25786;-0.13464;1.9009
-0.26277;-0.1277;1.9119
-0.26736;-0.12032;1.9227
-0.27161;-0.11255;1.9335
-0.27551;-0.10442;1.9441
-0.27904;-0.095945;1.9544
-0.28218;-0.087171;1.9645
-0.28493;-0.078129;1.9742
-0.28727;-0.068856;1.9837
-0.28919;-0.059387;1.9927
-0.29069;-0.049761;2.0013
-0.29176;-0.040016;2.0095
-0.29239;-0.030189;2.0172
-0.29259;-0.02032;2.0244
-0.29235;-0.010447;2.031
-0.29167;-0.00061007;2.0371
-0.29056;0.0091528;2.0426
-0.28903;0.018803;2.0474
-0.28706;0.028302;2.0516
-0.28468;0.037612;2.0552
-0.2819;0.046698;2.0582
-0.27872;0.055522;2.0604
-0.27516;0.064051;2.062
-0.27122;0.07225;2.0628
-0.26694;0.080087;2.063
-0.26232;0.087531;2.0625
-0.25738;0.094553;2.0613
-0.25214;0.10113;2.0594
-0.11132;-0.14001;1.7149
-0.1175;-0.14556;1.7168
-0.12394;-0.1506;1.7194
-0.13061;-0.15513;1.7226
-0.13748;-0.15912;1.7265
-0.14452;-0.16256;1.7311
-0.15171;-0.16544;1.7362
-0.15902;-0.16774;1.742
-0.16642;-0.16945;1.7483
-0.17388;-0.17057;1.7551
-0.18137;-0.1711;1.7625
-0.18886;-0.17103;1.7704
-0.19632;-0.17036;1.7787
-0.20373;-0.16909;1.7875
-0.21105;-0.16723;1.7967
-0.21825;-0.16479;1.8062
-0.22531;-0.16178;1.816
-0.23219;-0.1582;1.8261
-0.23888;-0.15408;1.8365
-0.24534;-0.14943;1.847
-0.25156;-0.14426;1.8578
-0.25749;-0.1386;1.8686
-0.26313;-0.13247;1.8795
-0.26844;-0.12589;1.8904
-0.27342;-0.1189;1.9013
-0.27803;-0.11151;1.9122
-0.28226;-0.10375;1.923
-0.28609;-0.09567;1.9336
-0.28952;-0.087284;1.944
-0.29251;-0.07863;1.9543
-0.29507;-0.069743;1.9642
-0.29719;-0.060657;1.9739
-0.29884;-0.051409;1.9832
-0.30004;-0.042035;1.9921
-0.30077;-0.032571;2.0006
-0.30102;-0.023056;2.0087
-0.30081;-0.013526;2.0163
-0.30013;-0.0040195;2.0233
-0.29898;0.0054259;2.0299
-0.29737;0.014773;2.0358
-0.2953;0.023986;2.0412
-0.29278;0.033026;2.046
-0.28982;0.04186;2.0502
-0.28644;0.050452;2.0537
-0.28265;0.058768;2.0565
-0.27845;0.066776;2.0587
-0.27388;0.074443;2.0602
-0.26894;0.081739;2.061
-0.26366;0.088636;2.0612
-0.25805;0.095107;2.0606
-0.25214;0.10113;2.0594
-0.11132;-0.14001;1.7149
-0.11808;-0.14491;1.7161
-0.12509;-0.14931;1.718
-0.13232;-0.1532;1.7206
-0.13975;-0.15657;1.7238
-0.14735;-0.15939;1.7277
-0.15508;-0.16166;1.7322
-0.16292;-0.16336;1.7373
-0.17083;-0.1645;1.743
-0.17878;-0.16507;1.7493
-0.18675;-0.16506;1.7561
-0.19469;-0.16448;1.7634
-0.20258;-0.16333;1.7713
-0.2104;-0.1616;1.7795
-0.2181;-0.15932;1.7882
-0.22565;-0.15649;1.7973
-0.23303;-0.15311;1.8068
-0.24021;-0.1492;1.8165
-0.24716;-0.14479;1.8266
-0.25385;-0.13988;1.8369
-0.26026;-0.13449;1.8474
-0.26635;-0.12865;1.858
-0.27212;-0.12238;1.8688
-0.27752;-0.1157;1.8796
-0.28255;-0.10865;1.8904
-0.28718;-0.10124;1.9013
-0.29139;-0.093506;1.9121
-0.29517;-0.085481;1.9228
-0.2985;-0.077196;1.9333
-0.30138;-0.068683;1.9437
-0.30378;-0.059976;1.9538
-0.30569;-0.051109;1.9637
-0.30712;-0.042117;1.9733
-0.30806;-0.033035;1.9825
-0.30849;-0.0239;1.9914
-0.30843;-0.014747;1.9998
-0.30786;-0.0056131;2.0078
-0.3068;0.0034666;2.0154
-0.30524;0.012456;2.0224
-0.3032;0.021319;2.0289
-0.30068;0.030022;2.0348
-0.29768;0.038529;2.0401
-0.29423;0.046808;2.0449
-0.29034;0.054825;2.049
-0.28602;0.062549;2.0525
-0.28128;0.069949;2.0553
-0.27615;0.076996;2.0575
-0.27065;0.083663;2.059
-0.2648;0.089924;2.0598
-0.25862;0.095752;2.0599
-0.25214;0.10113;2.0594
-0.11132;-0.14001;1.7149
-0.11855;-0.14419;1.7154
-0.12603;-0.14786;1.7166
-0.13373;-0.15104;1.7185
-0.14161;-0.15369;1.721
-0.14966;-0.15582;1.7242
-0.15784;-0.1574;1.7281
-0.1661;-0.15844;1.7326
-0.17443;-0.15894;1.7376
-0.18279;-0.15888;1.7433
-0.19115;-0.15827;1.7495
-0.19946;-0.15711;1.7563
-0.20771;-0.15541;1.7636
-0.21586;-0.15318;1.7714
-0.22387;-0.15041;1.7796
-0.23171;-0.14713;1.7883
-0.23936;-0.14335;1.7974
-0.24677;-0.13908;1.8068
-0.25394;-0.13433;1.8165
-0.26081;-0.12913;1.8265
-0.26738;-0.1235;1.8368
-0.27361;-0.11746;1.8472
-0.27947;-0.11103;1.8578
-0.28495;-0.10424;1.8685
-0.29002;-0.09711;1.8793
-0.29466;-0.089678;1.8901
-0.29886;-0.081969;1.9009
-0.3026;-0.074013;1.9117
-0.30586;-0.065842;1.9224
-0.30863;-0.057487;1.9329
-0.3109;-0.048983;1.9432
-0.31265;-0.040362;1.9533
-0.3139;-0.031658;1.9632
-0.31462;-0.022906;1.9727
-0.31481;-0.01414;1.982
-0.31448;-0.0053957;1.9908
-0.31363;0.0032935;1.9992
-0.31226;0.011893;2.0072
-0.31037;0.020369;2.0147
-0.30797;0.028687;2.0218
-0.30508;0.036816;2.0282
-0.30169;0.044723;2.0342
-0.29784;0.052376;2.0395
-0.29353;0.059746;2.0443
-0.28877;0.066804;2.0484
-0.28359;0.073521;2.0519
-0.27802;0.079871;2.0547
-0.27206;0.085829;2.0569
-0.26574;0.091372;2.0584
-0.25909;0.096478;2.0592
-0.25214;0.10113;2.0594
-0.11132;-0.14001;1.7149
-0.11891;-0.14339;1.7147
-0.12674;-0.14628;1.7152
-0.1348;-0.14866;1.7164
-0.14303;-0.15054;1.7183
-0.15143;-0.1519;1.7208
-0.15994;-0.15274;1.724
-0.16853;-0.15305;1.7278
-0.17718;-0.15283;1.7322
-0.18585;-0.15209;1.7373
-0.1945;-0.15082;1.743
-0.2031;-0.14904;1.7492
-0.21162;-0.14674;1.756
-0.22001;-0.14394;1.7632
-0.22826;-0.14065;1.771
-0.23633;-0.13689;1.7793
-0.24417;-0.13265;1.7879
-0.25177;-0.12798;1.797
-0.2591;-0.12287;1.8064
-0.26612;-0.11735;1.8161
-0.27281;-0.11145;1.8261
-0.27913;-0.10519;1.8364
-0.28508;-0.098584;1.8468
-0.29061;-0.091669;1.8574
-0.29572;-0.084468;1.8681
-0.30037;-0.077011;1.8789
-0.30456;-0.069327;1.8898
-0.30826;-0.061446;1.9006
-0.31146;-0.053399;1.9114
-0.31415;-0.045218;1.922
-0.31632;-0.036936;1.9326
-0.31796;-0.028584;1.9429
-0.31906;-0.020196;1.9531
-0.31962;-0.011806;1.9629
-0.31963;-0.0034452;1.9725
-0.3191;0.0048521;1.9817
-0.31803;0.013054;1.9906
-0.31642;0.021127;1.9991
-0.31427;0.02904;2.0071
-0.31161;0.036762;2.0146
-0.30843;0.044262;2.0217
-0.30475;0.05151;2.0282
-0.30059;0.058479;2.0341
-0.29596;0.06514;2.0395
-0.29087;0.071467;2.0443
-0.28536;0.077435;2.0484
-0.27943;0.083021;2.0519
-0.27313;0.088203;2.0548
-0.26646;0.09296;2.057
-0.25945;0.097273;2.0585
-0.25214;0.10113;2.0594
-0.11132;-0.14001;1.7149
-0.11915;-0.14254;1.714
-0.12722;-0.14458;1.7138
-0.13551;-0.14612;1.7143
-0.14399;-0.14717;1.7155
-0.15261;-0.14771;1.7174
-0.16135;-0.14774;1.7199
-0.17017;-0.14727;1.7231
-0.17903;-0.14629;1.7269
-0.1879;-0.14482;1.7314
-0.19675;-0.14284;1.7365
-0.20555;-0.14039;1.7421
-0.21424;-0.13745;1.7484
-0.22281;-0.13405;1.7552
-0.23122;-0.13019;1.7625
-0.23943;-0.1259;1.7703
-0.24741;-0.12119;1.7786
-0.25514;-0.11608;1.7873
-0.26257;-0.11059;1.7964
-0.26969;-0.10473;1.8058
-0.27645;-0.098541;1.8156
-0.28285;-0.092039;1.8256
-0.28884;-0.085249;1.8359
-0.29442;-0.078201;1.8464
-0.29954;-0.07092;1.8571
-0.30421;-0.063436;1.8679
-0.30839;-0.055779;1.8787
-0.31207;-0.047978;1.8896
-0.31523;-0.040065;1.9005
-0.31787;-0.03207;1.9113
-0.31997;-0.024025;1.922
-0.32153;-0.015962;1.9326
-0.32253;-0.0079134;1.943
-0.32298;9.0032e-05;1.9532
-0.32287;0.0080164;1.9632
-0.3222;0.015834;1.9728
-0.32098;0.023513;1.9821
-0.31921;0.031022;1.991
-0.3169;0.038333;1.9995
-0.31405;0.045415;2.0076
-0.31068;0.052241;2.0152
-0.30681;0.058784;2.0222
-0.30244;0.065018;2.0288
-0.29759;0.07092;2.0348
-0.29228;0.076464;2.0402
-0.28654;0.08163;2.045
-0.28039;0.086397;2.0492
-0.27384;0.090747;2.0527
-0.26694;0.094661;2.0556
-0.25969;0.098125;2.0578
-0.25214;0.10113;2.0594
-0.11132;-0.14001;1.7149
-0.11927;-0.14164;1.7133
-0.12746;-0.14279;1.7125
-0.13587;-0.14345;1.7123
-0.14446;-0.14362;1.7128
-0.1532;-0.1433;1.714
-0.16205;-0.14249;1.7159
-0.17098;-0.14119;1.7185
-0.17995;-0.13942;1.7217
-0.18892;-0.13717;1.7256
-0.19787;-0.13446;1.7301
-0.20676;-0.13129;1.7353
-0.21555;-0.12768;1.741
-0.2242;-0.12365;1.7473
-0.23268;-0.1192;1.7542
-0.24097;-0.11436;1.7616
-0.24902;-0.10914;1.7695
-0.2568;-0.10358;1.7778
-0.26429;-0.097675;1.7866
-0.27146;-0.091465;1.7958
-0.27826;-0.084971;1.8053
-0.28469;-0.078218;1.8152
-0.29071;-0.071234;1.8253
-0.2963;-0.064045;1.8357
-0.30144;-0.05668;1.8463
-0.30611;-0.049168;1.8571
-0.31029;-0.041538;1.868
-0.31395;-0.033822;1.8789
-0.3171;-0.026049;1.8899
-0.31971;-0.018249;1.9009
-0.32178;-0.010455;1.9118
-0.3233;-0.0026958;1.9226
-0.32425;0.0049972;1.9333
-0.32465;0.012594;1.9438
-0.32448;0.020064;1.9541
-0.32374;0.027378;1.9641
-0.32245;0.034507;1.9738
-0.3206;0.041424;1.9831
-0.3182;0.0481;1.9921
-0.31527;0.05451;2.0007
-0.3118;0.060628;2.0088
-0.30783;0.06643;2.0165
-0.30335;0.071892;2.0236
-0.2984;0.076995;2.0302
-0.29299;0.081717;2.0362
-0.28713;0.086039;2.0417
-0.28086;0.089946;2.0465
-0.2742;0.09342;2.0507
-0.26718;0.09645;2.0543
-0.25981;0.099021;2.0572
-0.25214;0.10113;2.0594
-0.11132;-0.14001;1.7149
-0.11926;-0.14072;1.7127
-0.12745;-0.14094;1.7112
-0.13586;-0.14069;1.7104
-0.14445;-0.13995;1.7103
-0.15318;-0.13874;1.7109
-0.16203;-0.13706;1.7121
-0.17095;-0.13492;1.7141
-0.17992;-0.13232;1.7168
-0.18889;-0.12927;1.7201
-0.19784;-0.1258;1.7241
-0.20672;-0.1219;1.7287
-0.21551;-0.11759;1.734
-0.22416;-0.1129;1.7398
-0.23264;-0.10784;1.7463
-0.24092;-0.10244;1.7533
-0.24897;-0.096701;1.7608
-0.25675;-0.090661;1.7688
-0.26424;-0.08434;1.7773
-0.2714;-0.077762;1.7862
-0.27821;-0.070955;1.7955
-0.28464;-0.063944;1.8052
-0.29066;-0.056757;1.8152
-0.29625;-0.049423;1.8255
-0.30139;-0.041971;1.8361
-0.30605;-0.03443;1.8468
-0.31023;-0.02683;1.8577
-0.3139;-0.019201;1.8687
-0.31704;-0.011572;1.8798
-0.31966;-0.003975;1.8909
-0.32173;0.0035613;1.902
-0.32324;0.011007;1.913
-0.3242;0.018332;1.924
-0.3246;0.025508;1.9348
-0.32443;0.032507;1.9454
-0.3237;0.039301;1.9558
-0.3224;0.045863;1.9659
-0.32056;0.052167;1.9756
-0.31816;0.058189;1.9851
-0.31523;0.063904;1.9941
-0.31177;0.06929;2.0028
-0.3078;0.074326;2.011
-0.30333;0.078992;2.0186
-0.29838;0.08327;2.0258
-0.29296;0.087142;2.0324
-0.28711;0.090594;2.0385
-0.28085;0.093611;2.0439
-0.27419;0.096182;2.0488
-0.26717;0.098297;2.053
-0.25981;0.099947;2.0565
-0.25214;0.10113;2.0594
-0.11132;-0.14001;1.7149
-0.11914;-0.13978;1.7121
-0.1272;-0.13906;1.71
-0.13548;-0.13788;1.7086
-0.14394;-0.13623;1.7079
-0.15256;-0.13412;1.7079
-0.16128;-0.13155;1.7086
-0.17009;-0.12854;1.71
-0.17895;-0.12511;1.7121
-0.18781;-0.12125;1.7149
-0.19665;-0.11699;1.7184
-0.20544;-0.11235;1.7225
-0.21412;-0.10734;1.7273
-0.22269;-0.10199;1.7328
-0.23108;-0.096307;1.7388
-0.23929;-0.090323;1.7454
-0.24727;-0.084059;1.7526
-0.25498;-0.077539;1.7603
-0.26241;-0.070791;1.7686
-0.26953;-0.06384;1.7772
-0.27629;-0.056714;1.7864
-0.28268;-0.04944;1.7959
-0.28867;-0.042049;1.8058
-0.29425;-0.034568;1.816
-0.29937;-0.027027;1.8264
-0.30403;-0.019456;1.8371
-0.30821;-0.011886;1.8481
-0.3119;-0.0043449;1.8591
-0.31506;0.0031363;1.8703
-0.3177;0.010528;1.8816
-0.31981;0.017802;1.8928
-0.32137;0.024929;1.9041
-0.32237;0.031881;1.9152
-0.32283;0.03863;1.9263
-0.32272;0.04515;1.9372
-0.32206;0.051415;1.9479
-0.32085;0.0574;1.9584
-0.31909;0.063082;1.9686
-0.31678;0.068439;1.9785
-0.31394;0.073449;1.988
-0.31058;0.078092;1.9971
-0.30672;0.08235;2.0058
-0.30235;0.086206;2.014
-0.29752;0.089645;2.0217
-0.29222;0.092654;2.0289
-0.28649;0.095221;2.0355
-0.28035;0.097335;2.0415
-0.27381;0.098988;2.047
-0.26692;0.10017;2.0518
-0.25968;0.10089;2.0559
-0.25214;0.10113;2.0594
-0.11132;-0.14001;1.7149
-0.11889;-0.13884;1.7115
-0.12671;-0.13719;1.7089
-0.13474;-0.13507;1.7069
-0.14296;-0.1325;1.7057
-0.15134;-0.12949;1.7051
-0.15983;-0.12604;1.7053
-0.16841;-0.12217;1.7062
-0.17705;-0.11789;1.7078
-0.1857;-0.11323;1.7102
-0.19433;-0.10819;1.7132
-0.20292;-0.10281;1.7169
-0.21142;-0.097093;1.7213
-0.21981;-0.091073;1.7263
-0.22804;-0.08477;1.732
-0.2361;-0.078209;1.7383
-0.24393;-0.071416;1.7451
-0.25153;-0.064418;1.7526
-0.25884;-0.057242;1.7605
-0.26586;-0.049918;1.769
-0.27254;-0.042473;1.7779
-0.27886;-0.034937;1.7873
-0.2848;-0.02734;1.797
-0.29033;-0.019712;1.8072
-0.29543;-0.012083;1.8176
-0.30009;-0.0044824;1.8283
-0.30427;0.0030587;1.8392
-0.30798;0.010511;1.8503
-0.31118;0.017845;1.8616
-0.31388;0.025032;1.873
-0.31605;0.032043;1.8844
-0.3177;0.038852;1.8958
-0.3188;0.04543;1.9072
-0.31937;0.051752;1.9185
-0.31939;0.057793;1.9297
-0.31887;0.063529;1.9408
-0.31781;0.068938;1.9516
-0.31621;0.073998;1.9621
-0.31408;0.078689;1.9724
-0.31143;0.082993;1.9823
-0.30826;0.086893;1.9919
-0.3046;0.090373;2.001
-0.30045;0.09342;2.0097
-0.29583;0.096021;2.0179
-0.29077;0.098167;2.0256
-0.28527;0.099848;2.0328
-0.27936;0.10106;2.0393
-0.27307;0.10179;2.0453
-0.26642;0.10205;2.0506
-0.25943;0.10183;2.0553
-0.25214;0.10113;2.0594
-0.11132;-0.14001;1.7149
-0.11852;-0.13791;1.711
-0.12598;-0.13534;1.7079
-0.13365;-0.13231;1.7054
-0.14152;-0.12884;1.7037
-0.14954;-0.12493;1.7027
-0.15769;-0.12061;1.7024
-0.16594;-0.11589;1.7028
-0.17424;-0.11079;1.704
-0.18258;-0.10533;1.7059
-0.19092;-0.099529;1.7085
-0.19921;-0.093413;1.7118
-0.20744;-0.087004;1.7158
-0.21557;-0.080329;1.7205
-0.22356;-0.073414;1.7259
-0.23139;-0.066285;1.7318
-0.23902;-0.058972;1.7384
-0.24643;-0.051503;1.7456
-0.25358;-0.043907;1.7534
-0.26045;-0.036214;1.7616
-0.26701;-0.028456;1.7704
-0.27323;-0.020662;1.7796
-0.27909;-0.012863;1.7892
-0.28456;-0.0050899;1.7993
-0.28963;0.0026264;1.8097
-0.29427;0.010256;1.8203
-0.29847;0.017768;1.8313
-0.30221;0.025133;1.8425
-0.30547;0.032322;1.8538
-0.30825;0.039307;1.8653
-0.31052;0.04606;1.8768
-0.31229;0.052555;1.8884
-0.31354;0.058765;1.9
-0.31427;0.064667;1.9116
-0.31448;0.070237;1.923
-0.31417;0.075452;1.9343
-0.31333;0.080294;1.9455
-0.31197;0.084742;1.9564
-0.3101;0.088778;1.967
-0.30772;0.092388;1.9773
-0.30485;0.095556;1.9872
-0.30148;0.09827;1.9968
-0.29765;0.10052;2.0059
-0.29336;0.1023;2.0145
-0.28863;0.10359;2.0227
-0.28347;0.1044;2.0303
-0.27792;0.10472;2.0374
-0.27198;0.10456;2.0438
-0.26569;0.1039;2.0497
-0.25907;0.10275;2.0548
-0.25214;0.10113;2.0594
-0.11132;-0.14001;1.7149
-0.11805;-0.13701;1.7106
-0.12503;-0.13355;1.707
-0.13223;-0.12964;1.7041
-0.13963;-0.12529;1.702
-0.1472;-0.12052;1.7005
-0.1549;-0.11536;1.6999
-0.16271;-0.10982;1.6999
-0.17059;-0.10392;1.7007
-0.17852;-0.097684;1.7022
-0.18646;-0.091142;1.7045
-0.19438;-0.084317;1.7074
-0.20225;-0.077236;1.7111
-0.21004;-0.069927;1.7155
-0.21772;-0.062419;1.7206
-0.22525;-0.054741;1.7263
-0.23262;-0.046924;1.7326
-0.23978;-0.038998;1.7396
-0.24672;-0.030995;1.7471
-0.25339;-0.022947;1.7552
-0.25979;-0.014885;1.7638
-0.26588;-0.0068404;1.7729
-0.27163;0.0011541;1.7825
-0.27703;0.0090673;1.7924
-0.28206;0.016868;1.8028
-0.28668;0.024525;1.8135
-0.2909;0.032009;1.8244
-0.29468;0.03929;1.8356
-0.29802;0.046339;1.847
-0.3009;0.053128;1.8586
-0.30331;0.059631;1.8703
-0.30524;0.065822;1.882
-0.30668;0.071677;1.8938
-0.30762;0.077171;1.9055
-0.30808;0.082285;1.9172
-0.30803;0.086997;1.9288
-0.30748;0.091289;1.9402
-0.30644;0.095144;1.9513
-0.3049;0.098546;1.9623
-0.30288;0.10148;1.9729
-0.30039;0.10394;1.9832
-0.29742;0.10592;1.9931
-0.294;0.10739;2.0026
-0.29013;0.10837;2.0116
-0.28583;0.10884;2.0202
-0.28113;0.10881;2.0282
-0.27603;0.10827;2.0356
-0.27056;0.10723;2.0425
-0.26474;0.10569;2.0488
-0.25859;0.10365;2.0544
-0.25214;0.10113;2.0594
-0.11132;-0.14001;1.7149
-0.11747;-0.13616;1.7102
-0.12387;-0.13185;1.7063
-0.1305;-0.12709;1.7031
-0.13733;-0.12191;1.7005
-0.14434;-0.11633;1.6988
-0.1515;-0.11036;1.6977
-0.15877;-0.10404;1.6975
-0.16614;-0.097377;1.6979
-0.17356;-0.090409;1.6992
-0.18102;-0.083162;1.7011
-0.18848;-0.075663;1.7038
-0.19592;-0.067942;1.7072
-0.2033;-0.06003;1.7113
-0.21059;-0.051958;1.7162
-0.21777;-0.043757;1.7216
-0.22481;-0.035461;1.7278
-0.23168;-0.027101;1.7346
-0.23835;-0.018711;1.7419
-0.2448;-0.010324;1.7499
-0.251;-0.0019728;1.7584
-0.25692;0.0063093;1.7674
-0.26255;0.01449;1.7769
-0.26786;0.022536;1.7868
-0.27283;0.030417;1.7971
-0.27744;0.038102;1.8077
-0.28167;0.045559;1.8187
-0.28551;0.052759;1.8299
-0.28894;0.059675;1.8414
-0.29194;0.066278;1.8531
-0.29452;0.072543;1.8648
-0.29664;0.078445;1.8767
-0.29831;0.083961;1.8886
-0.29952;0.089068;1.9005
-0.30027;0.093748;1.9124
-0.30055;0.09798;1.9241
-0.30036;0.10175;1.9357
-0.2997;0.10504;1.9472
-0.29858;0.10784;1.9583
-0.29699;0.11014;1.9692
-0.29495;0.11192;1.9798
-0.29247;0.11319;1.99
-0.28954;0.11393;1.9998
-0.28619;0.11415;2.0092
-0.28243;0.11384;2.0181
-0.27827;0.11301;2.0264
-0.27373;0.11165;2.0342
-0.26883;0.10977;2.0415
-0.26358;0.10739;2.0481
-0.25801;0.1045;2.0541
-0.25214;0.10113;2.0594
-0.11132;-0.14001;1.7149
-0.11679;-0.13537;1.71
-0.12252;-0.13026;1.7057
-0.12848;-0.12472;1.7022
-0.13466;-0.11876;1.6994
-0.14102;-0.11241;1.6974
-0.14754;-0.1057;1.6961
-0.15419;-0.098642;1.6956
-0.16096;-0.091273;1.6958
-0.1678;-0.083621;1.6968
-0.1747;-0.075715;1.6985
-0.18163;-0.067588;1.7009
-0.18856;-0.05927;1.7042
-0.19546;-0.050795;1.7081
-0.20231;-0.042197;1.7127
-0.20907;-0.033508;1.718
-0.21573;-0.024764;1.724
-0.22226;-0.015999;1.7306
-0.22862;-0.0072481;1.7379
-0.2348;0.0014551;1.7457
-0.24077;0.010076;1.7541
-0.24651;0.01858;1.7631
-0.25199;0.026934;1.7725
-0.25719;0.035105;1.7823
-0.2621;0.043061;1.7926
-0.26669;0.05077;1.8033
-0.27094;0.058202;1.8142
-0.27484;0.065328;1.8255
-0.27838;0.072119;1.837
-0.28153;0.078549;1.8487
-0.28429;0.084592;1.8606
-0.28664;0.090224;1.8726
-0.28858;0.095424;1.8846
-0.2901;0.10017;1.8966
-0.29119;0.10444;1.9086
-0.29185;0.10823;1.9205
-0.29207;0.11151;1.9323
-0.29186;0.11428;1.9439
-0.29122;0.11651;1.9553
-0.29014;0.11821;1.9664
-0.28863;0.11937;1.9772
-0.2867;0.11998;1.9876
-0.28436;0.12004;1.9977
-0.28161;0.11955;2.0073
-0.27847;0.11851;2.0164
-0.27495;0.11692;2.025
-0.27106;0.1148;2.0331
-0.26681;0.11215;2.0406
-0.26223;0.10898;2.0475
-0.25734;0.1053;2.0538
-0.25214;0.10113;2.0594
-0.11132;-0.14001;1.7149
-0.11603;-0.13464;1.7098
-0.121;-0.12881;1.7053
-0.12622;-0.12255;1.7016
-0.13165;-0.11589;1.6987
-0.13728;-0.10884;1.6964
-0.14308;-0.10144;1.6949
-0.14904;-0.09372;1.6942
-0.15513;-0.085704;1.6943
-0.16132;-0.077426;1.6951
-0.16759;-0.06892;1.6966
-0.17392;-0.060218;1.6989
-0.18028;-0.051356;1.702
-0.18664;-0.042367;1.7058
-0.19299;-0.033288;1.7103
-0.19929;-0.024155;1.7155
-0.20552;-0.015003;1.7214
-0.21166;-0.005868;1.7279
-0.21768;0.003213;1.735
-0.22356;0.012205;1.7428
-0.22927;0.021071;1.7511
-0.23479;0.029778;1.76
-0.24011;0.038291;1.7694
-0.24519;0.046576;1.7792
-0.25003;0.0546;1.7895
-0.25459;0.062332;1.8001
-0.25887;0.069741;1.8111
-0.26284;0.076798;1.8224
-0.2665;0.083476;1.8339
-0.26982;0.089747;1.8457
-0.27279;0.095587;1.8576
-0.2754;0.10097;1.8696
-0.27764;0.10588;1.8817
-0.2795;0.1103;1.8939
-0.28098;0.11421;1.906
-0.28207;0.11758;1.918
-0.28276;0.12042;1.9299
-0.28305;0.1227;1.9416
-0.28294;0.12443;1.9531
-0.28243;0.12558;1.9644
-0.28152;0.12617;1.9753
-0.28022;0.12617;1.9859
-0.27854;0.12561;1.9962
-0.27647;0.12447;2.0059
-0.27402;0.12276;2.0153
-0.27121;0.12049;2.0241
-0.26805;0.11767;2.0323
-0.26455;0.11431;2.04
-0.26072;0.11042;2.0471
-0.25658;0.10602;2.0536
-0.25214;0.10113;2.0594
-0.11132;-0.14001;1.7149
-0.1152;-0.134;1.7096
-0.11934;-0.12753;1.7051
-0.12374;-0.12063;1.7013
-0.12836;-0.11333;1.6982
-0.13319;-0.10567;1.6959
-0.13821;-0.097661;1.6943
-0.1434;-0.089346;1.6935
-0.14875;-0.080755;1.6934
-0.15423;-0.071922;1.6941
-0.15981;-0.062882;1.6956
-0.16548;-0.053671;1.6978
-0.17122;-0.044324;1.7008
-0.17699;-0.03488;1.7045
-0.18279;-0.025374;1.7089
-0.18858;-0.015845;1.714
-0.19434;-0.0063299;1.7199
-0.20006;0.0031332;1.7263
-0.2057;0.012507;1.7334
-0.21124;0.021755;1.7412
-0.21668;0.03084;1.7494
-0.22197;0.039727;1.7583
-0.2271;0.048381;1.7676
-0.23206;0.056766;1.7774
-0.23681;0.064851;1.7877
-0.24135;0.072604;1.7983
-0.24566;0.079992;1.8093
-0.24971;0.086989;1.8206
-0.25349;0.093566;1.8322
-0.25699;0.099696;1.844
-0.26019;0.10536;1.8559
-0.26309;0.11052;1.868
-0.26566;0.11518;1.8801
-0.2679;0.1193;1.8923
-0.2698;0.12288;1.9045
-0.27135;0.12589;1.9165
-0.27255;0.12833;1.9285
-0.27339;0.13019;1.9403
-0.27387;0.13146;1.9519
-0.27399;0.13213;1.9632
-0.27374;0.1322;1.9743
-0.27313;0.13168;1.985
-0.27216;0.13056;1.9953
-0.27083;0.12884;2.0052
-0.26915;0.12654;2.0146
-0.26712;0.12367;2.0235
-0.26476;0.12023;2.0319
-0.26207;0.11624;2.0397
-0.25906;0.11171;2.0469
-0.25575;0.10667;2.0535
-0.25214;0.10113;2.0594
-0.11132;-0.14001;1.7149
-0.11431;-0.13344;1.7096
-0.11757;-0.12642;1.7051
-0.12108;-0.11898;1.7012
-0.12483;-0.11114;1.6981
-0.1288;-0.10294;1.6958
-0.13299;-0.094414;1.6942
-0.13737;-0.085591;1.6933
-0.14192;-0.076506;1.6932
-0.14663;-0.067196;1.6939
-0.15147;-0.057698;1.6954
-0.15644;-0.048049;1.6976
-0.16151;-0.038286;1.7005
-0.16665;-0.02845;1.7042
-0.17186;-0.018578;1.7086
-0.1771;-0.0087091;1.7137
-0.18237;0.0011172;1.7195
-0.18763;0.010862;1.726
-0.19286;0.020488;1.7331
-0.19806;0.029956;1.7408
-0.20319;0.039229;1.7491
-0.20823;0.04827;1.7579
-0.21317;0.057045;1.7673
-0.21799;0.065517;1.7771
-0.22266;0.073654;1.7873
-0.22717;0.081424;1.798
-0.2315;0.088795;1.8089
-0.23564;0.09574;1.8202
-0.23956;0.10223;1.8318
-0.24325;0.10824;1.8436
-0.2467;0.11374;1.8555
-0.2499;0.11872;1.8676
-0.25283;0.12316;1.8798
-0.25547;0.12703;1.892
-0.25782;0.13033;1.9041
-0.25988;0.13303;1.9162
-0.26162;0.13513;1.9282
-0.26305;0.13662;1.94
-0.26416;0.1375;1.9517
-0.26495;0.13775;1.963
-0.2654;0.13739;1.9741
-0.26553;0.1364;1.9848
-0.26532;0.13481;1.9951
-0.26479;0.1326;2.005
-0.26393;0.12979;2.0145
-0.26274;0.12639;2.0234
-0.26123;0.12242;2.0318
-0.25941;0.11789;2.0396
-0.25728;0.11282;2.0468
-0.25486;0.10722;2.0534
-0.25214;0.10113;2.0594
-0.11132;-0.14001;1.7149
-0.11337;-0.13299;1.7097
-0.1157;-0.12551;1.7052
-0.11829;-0.11762;1.7014
-0.12112;-0.10934;1.6984
-0.1242;-0.10071;1.6961
-0.1275;-0.091753;1.6945
-0.13102;-0.082513;1.6937
-0.13474;-0.073023;1.6937
-0.13864;-0.063323;1.6945
-0.14272;-0.053449;1.696
-0.14694;-0.04344;1.6982
-0.15131;-0.033338;1.7012
-0.15579;-0.02318;1.705
-0.16038;-0.013007;1.7094
-0.16505;-0.0028604;1.7146
-0.16979;0.0072212;1.7204
-0.17457;0.017198;1.7269
-0.17938;0.027029;1.734
-0.18421;0.036678;1.7418
-0.18902;0.046104;1.7501
-0.1938;0.055273;1.7589
-0.19854;0.064146;1.7683
-0.2032;0.072689;1.7781
-0.20779;0.080869;1.7883
-0.21227;0.088653;1.799
-0.21663;0.09601;1.81
-0.22085;0.10291;1.8213
-0.22492;0.10933;1.8328
-0.22882;0.11524;1.8446
-0.23253;0.12062;1.8565
-0.23605;0.12545;1.8686
-0.23934;0.1297;1.8807
-0.24241;0.13337;1.8929
-0.24524;0.13643;1.905
-0.24783;0.13888;1.9171
-0.25014;0.1407;1.929
-0.25219;0.14189;1.9408
-0.25396;0.14244;1.9524
-0.25545;0.14236;1.9637
-0.25665;0.14164;1.9747
-0.25755;0.14028;1.9853
-0.25815;0.13829;1.9956
-0.25844;0.13568;2.0055
-0.25844;0.13245;2.0148
-0.25813;0.12863;2.0237
-0.25753;0.12422;2.032
-0.25662;0.11925;2.0398
-0.25541;0.11372;2.047
-0.25392;0.10768;2.0535
-0.25214;0.10113;2.0594
-0.11132;-0.14001;1.7149
-0.11241;-0.13264;1.7098
-0.11377;-0.12482;1.7055
-0.1154;-0.11659;1.7019
-0.1173;-0.10797;1.699
-0.11945;-0.099001;1.6968
-0.12184;-0.089719;1.6954
-0.12447;-0.08016;1.6948
-0.12733;-0.070362;1.6949
-0.1304;-0.060362;1.6958
-0.13368;-0.050201;1.6974
-0.13714;-0.039919;1.6998
-0.14078;-0.029556;1.7029
-0.14458;-0.019153;1.7067
-0.14853;-0.0087506;1.7113
-0.15261;0.0016091;1.7165
-0.1568;0.011886;1.7225
-0.16109;0.022039;1.729
-0.16547;0.032028;1.7362
-0.1699;0.041814;1.744
-0.17439;0.051359;1.7524
-0.1789;0.060624;1.7613
-0.18343;0.069573;1.7706
-0.18794;0.07817;1.7805
-0.19244;0.086383;1.7908
-0.19689;0.094178;1.8014
-0.20128;0.10152;1.8124
-0.2056;0.10839;1.8237
-0.20982;0.11476;1.8352
-0.21392;0.12059;1.8469
-0.21791;0.12587;1.8588
-0.22175;0.13058;1.8708
-0.22543;0.1347;1.8829
-0.22894;0.13821;1.895
-0.23226;0.14109;1.907
-0.23538;0.14335;1.919
-0.23829;0.14496;1.9309
-0.24098;0.14592;1.9426
-0.24344;0.14623;1.954
-0.24565;0.14588;1.9652
-0.24761;0.14488;1.9761
-0.2493;0.14324;1.9866
-0.25074;0.14095;1.9968
-0.2519;0.13803;2.0065
-0.25278;0.13449;2.0157
-0.25338;0.13034;2.0245
-0.2537;0.12559;2.0327
-0.25374;0.12028;2.0403
-0.25349;0.11442;2.0473
-0.25296;0.10802;2.0537
-0.25214;0.10113;2.0594
-0.11132;-0.14001;1.7149
-0.11143;-0.13241;1.7101
-0.11181;-0.12435;1.706
-0.11248;-0.11589;1.7026
-0.11341;-0.10704;1.6999
-0.11462;-0.097847;1.698
-0.11609;-0.088345;1.6968
-0.11782;-0.078571;1.6964
-0.1198;-0.068564;1.6967
-0.12203;-0.058362;1.6978
-0.12449;-0.048007;1.6996
-0.12718;-0.03754;1.7022
-0.13009;-0.027;1.7055
-0.13319;-0.016432;1.7095
-0.13649;-0.0058745;1.7142
-0.13997;0.004629;1.7196
-0.14361;0.015037;1.7256
-0.1474;0.02531;1.7323
-0.15133;0.035406;1.7396
-0.15538;0.045285;1.7475
-0.15953;0.054909;1.756
-0.16377;0.064239;1.7649
-0.16808;0.073239;1.7744
-0.17245;0.081874;1.7842
-0.17685;0.090108;1.7945
-0.18127;0.09791;1.8052
-0.18569;0.10525;1.8162
-0.1901;0.1121;1.8274
-0.19447;0.11842;1.8389
-0.19879;0.12421;1.8506
-0.20305;0.12942;1.8624
-0.20722;0.13405;1.8743
-0.21129;0.13808;1.8863
-0.21525;0.14148;1.8983
-0.21907;0.14425;1.9102
-0.22274;0.14637;1.9221
-0.22626;0.14783;1.9338
-0.2296;0.14864;1.9453
-0.23274;0.14878;1.9566
-0.23569;0.14826;1.9676
-0.23842;0.14708;1.9783
-0.24093;0.14524;1.9887
-0.24321;0.14275;1.9986
-0.24524;0.13962;2.0081
-0.24703;0.13586;2.0171
-0.24855;0.13149;2.0256
-0.24982;0.12652;2.0336
-0.25081;0.12098;2.041
-0.25153;0.11488;2.0478
-0.25197;0.10826;2.0539
-0.25214;0.10113;2.0594
-0.11132;-0.14001;1.7149
-0.11045;-0.13229;1.7104
-0.10986;-0.12412;1.7066
-0.10955;-0.11553;1.7035
-0.10953;-0.10657;1.7012
-0.1098;-0.097266;1.6996
-0.11034;-0.087652;1.6987
-0.11117;-0.07777;1.6985
-0.11228;-0.067657;1.6991
-0.11367;-0.057354;1.7005
-0.11532;-0.046901;1.7026
-0.11723;-0.03634;1.7054
-0.1194;-0.025712;1.7089
-0.12181;-0.01506;1.7132
-0.12446;-0.0044244;1.7181
-0.12734;0.0061516;1.7237
-0.13043;0.016627;1.7299
-0.13372;0.026959;1.7368
-0.13721;0.037109;1.7442
-0.14087;0.047035;1.7522
-0.14468;0.056699;1.7608
-0.14865;0.066062;1.7698
-0.15275;0.075088;1.7793
-0.15696;0.083741;1.7893
-0.16127;0.091987;1.7996
-0.16566;0.099792;1.8102
-0.17011;0.10713;1.8212
-0.17461;0.11396;1.8324
-0.17914;0.12027;1.8439
-0.18367;0.12603;1.8555
-0.1882;0.13121;1.8672
-0.19271;0.1358;1.8791
-0.19717;0.13978;1.8909
-0.20157;0.14313;1.9027
-0.20589;0.14584;1.9145
-0.21011;0.14789;1.9262
-0.21423;0.14928;1.9377
-0.21821;0.15001;1.949
-0.22206;0.15007;1.9601
-0.22574;0.14946;1.9708
-0.22925;0.14818;1.9813
-0.23257;0.14625;1.9914
-0.23569;0.14365;2.001
-0.2386;0.14042;2.0103
-0.24128;0.13655;2.019
-0.24373;0.13207;2.0272
-0.24593;0.12699;2.0348
-0.24788;0.12133;2.0419
-0.24957;0.11512;2.0484
-0.25099;0.10837;2.0542
-0.25214;0.10113;2.0594
-0.11132;-0.14001;1.7149
-0.10948;-0.13229;1.7108
-0.10793;-0.12412;1.7074
-0.10667;-0.11553;1.7047
-0.10571;-0.10657;1.7027
-0.10505;-0.097265;1.7015
-0.10469;-0.087652;1.701
-0.10464;-0.077769;1.7012
-0.10488;-0.067656;1.7022
-0.10544;-0.057353;1.7039
-0.10629;-0.0469;1.7063
-0.10744;-0.036339;1.7094
-0.10888;-0.025711;1.7132
-0.11062;-0.015058;1.7177
-0.11263;-0.0044231;1.7229
-0.11491;0.0061529;1.7288
-0.11746;0.016628;1.7352
-0.12026;0.026961;1.7423
-0.12331;0.03711;1.7499
-0.12658;0.047036;1.7581
-0.13008;0.0567;1.7667
-0.13377;0.066064;1.7759
-0.13766;0.07509;1.7855
-0.14172;0.083743;1.7955
-0.14594;0.091988;1.8058
-0.1503;0.099794;1.8165
-0.15478;0.10713;1.8275
-0.15937;0.11397;1.8387
-0.16405;0.12027;1.85
-0.1688;0.12603;1.8616
-0.17359;0.13122;1.8732
-0.17843;0.13581;1.8849
-0.18327;0.13978;1.8966
-0.18811;0.14313;1.9082
-0.19292;0.14584;1.9198
-0.19769;0.14789;1.9313
-0.20239;0.14928;1.9425
-0.20702;0.15001;1.9536
-0.21154;0.15007;1.9644
-0.21595;0.14946;1.9748
-0.22022;0.14819;1.985
-0.22434;0.14625;1.9947
-0.22829;0.14366;2.0041
-0.23206;0.14042;2.0129
-0.23563;0.13655;2.0213
-0.23898;0.13207;2.0291
-0.24211;0.12699;2.0364
-0.24501;0.12133;2.0431
-0.24765;0.11512;2.0492
-0.25003;0.10837;2.0546
-0.25214;0.10113;2.0594
-0.11132;-0.14001;1.7149
-0.10855;-0.13241;1.7113
-0.10607;-0.12435;1.7083
-0.10389;-0.11589;1.7061
-0.10202;-0.10704;1.7046
-0.10046;-0.097846;1.7038
-0.099219;-0.088343;1.7037
-0.098307;-0.078569;1.7044
-0.097723;-0.068561;1.7057
-0.097472;-0.05836;1.7078
-0.097553;-0.048004;1.7106
-0.097966;-0.037536;1.7141
-0.09871;-0.026997;1.7183
-0.099781;-0.016428;1.7231
-0.10118;-0.0058708;1.7286
-0.10289;0.0046329;1.7347
-0.10491;0.015042;1.7415
-0.10724;0.025314;1.7487
-0.10986;0.03541;1.7566
-0.11276;0.045289;1.7649
-0.11594;0.054913;1.7738
-0.11938;0.064244;1.7831
-0.12306;0.073244;1.7928
-0.12697;0.081879;1.8028
-0.1311;0.090113;1.8132
-0.13543;0.097915;1.8239
-0.13995;0.10525;1.8349
-0.14462;0.1121;1.846
-0.14945;0.11843;1.8573
-0.1544;0.12421;1.8687
-0.15946;0.12943;1.8802
-0.16461;0.13406;1.8918
-0.16982;0.13808;1.9033
-0.17508;0.14148;1.9147
-0.18037;0.14425;1.926
-0.18566;0.14637;1.9372
-0.19094;0.14784;1.9482
-0.19618;0.14864;1.959
-0.20137;0.14879;1.9694
-0.20647;0.14826;1.9796
-0.21148;0.14708;1.9893
-0.21637;0.14524;1.9987
-0.22113;0.14275;2.0076
-0.22573;0.13962;2.0161
-0.23016;0.13586;2.024
-0.23439;0.13149;2.0314
-0.23842;0.12652;2.0382
-0.24222;0.12098;2.0445
-0.24578;0.11488;2.0501
-0.2491;0.10826;2.0551
-0.25214;0.10113;2.0594
-0.11132;-0.14001;1.7149
-0.10766;-0.13264;1.7118
-0.1043;-0.12482;1.7094
-0.10124;-0.11659;1.7077
-0.098501;-0.10797;1.7067
-0.09609;-0.098998;1.7064
-0.094016;-0.089716;1.7068
-0.092289;-0.080157;1.7079
-0.090915;-0.070358;1.7098
-0.089899;-0.060358;1.7123
-0.089245;-0.050197;1.7155
-0.088957;-0.039914;1.7195
-0.089035;-0.02955;1.724
-0.089478;-0.019147;1.7292
-0.090286;-0.0087445;1.7351
-0.091454;0.0016155;1.7415
-0.092979;0.011892;1.7485
-0.094854;0.022046;1.7561
-0.097072;0.032035;1.7642
-0.099624;0.041822;1.7727
-0.1025;0.051366;1.7818
-0.10569;0.060631;1.7912
-0.10918;0.06958;1.801
-0.11295;0.078178;1.8111
-0.117;0.086391;1.8216
-0.1213;0.094186;1.8323
-0.12584;0.10153;1.8432
-0.1306;0.1084;1.8543
-0.13557;0.11477;1.8655
-0.14071;0.1206;1.8769
-0.14602;0.12588;1.8882
-0.15146;0.13059;1.8996
-0.15703;0.13471;1.9109
-0.1627;0.13822;1.9221
-0.16844;0.1411;1.9331
-0.17423;0.14335;1.944
-0.18005;0.14496;1.9547
-0.18588;0.14592;1.9651
-0.19169;0.14623;1.9752
-0.19746;0.14589;1.9849
-0.20318;0.14489;1.9943
-0.2088;0.14324;2.0032
-0.21432;0.14095;2.0117
-0.21971;0.13803;2.0196
-0.22495;0.13449;2.0271
-0.23002;0.13034;2.034
-0.2349;0.1256;2.0403
-0.23957;0.12028;2.0461
-0.24401;0.11442;2.0512
-0.24821;0.10802;2.0556
-0.25214;0.10113;2.0594
-0.11132;-0.14001;1.7149
-0.10683;-0.13299;1.7124
-0.10265;-0.12551;1.7105
-0.098771;-0.11762;1.7094
-0.095223;-0.10934;1.709
-0.092017;-0.1007;1.7092
-0.089164;-0.091749;1.7102
-0.086677;-0.082508;1.7119
-0.084565;-0.073018;1.7142
-0.082836;-0.063317;1.7173
-0.081498;-0.053442;1.721
-0.080555;-0.043433;1.7254
-0.080012;-0.03333;1.7304
-0.07987;-0.023172;1.736
-0.08013;-0.012999;1.7422
-0.080791;-0.0028516;1.749
-0.08185;0.0072304;1.7564
-0.083304;0.017207;1.7642
-0.085146;0.027039;1.7725
-0.087369;0.036688;1.7813
-0.089964;0.046115;1.7906
-0.092922;0.055283;1.8001
-0.09623;0.064157;1.8101
-0.099876;0.0727;1.8203
-0.10384;0.08088;1.8308
-0.10812;0.088664;1.8416
-0.11269;0.096021;1.8525
-0.11753;0.10292;1.8635
-0.12262;0.10934;1.8746
-0.12794;0.11525;1.8858
-0.13348;0.12063;1.897
-0.13921;0.12546;1.9082
-0.14511;0.12971;1.9192
-0.15115;0.13338;1.9302
-0.15731;0.13644;1.9409
-0.16357;0.13889;1.9515
-0.1699;0.14071;1.9618
-0.17627;0.1419;1.9718
-0.18267;0.14245;1.9815
-0.18906;0.14237;1.9908
-0.19543;0.14164;1.9997
-0.20174;0.14028;2.0081
-0.20797;0.13829;2.0161
-0.2141;0.13568;2.0236
-0.2201;0.13246;2.0305
-0.22595;0.12863;2.0369
-0.23162;0.12422;2.0426
-0.2371;0.11925;2.0478
-0.24236;0.11372;2.0523
-0.24738;0.10768;2.0562
-0.25214;0.10113;2.0594
-0.11132;-0.14001;1.7149
-0.10608;-0.13344;1.713
-0.10114;-0.12642;1.7118
-0.096519;-0.11897;1.7113
-0.092234;-0.11114;1.7114
-0.088302;-0.10294;1.7123
-0.084739;-0.094409;1.7139
-0.081559;-0.085585;1.7161
-0.078774;-0.076499;1.719
-0.076396;-0.067189;1.7226
-0.074433;-0.05769;1.7268
-0.072894;-0.04804;1.7317
-0.071784;-0.038277;1.7372
-0.071108;-0.02844;1.7433
-0.070869;-0.018567;1.7499
-0.071067;-0.008698;1.7571
-0.071702;0.0011288;1.7648
-0.072771;0.010874;1.7729
-0.07427;0.0205;1.7816
-0.076193;0.029969;1.7906
-0.078533;0.039242;1.8
-0.08128;0.048284;1.8098
-0.084424;0.057058;1.8199
-0.087951;0.065531;1.8302
-0.091849;0.073668;1.8408
-0.096101;0.081437;1.8515
-0.10069;0.088809;1.8624
-0.1056;0.095753;1.8734
-0.11081;0.10224;1.8844
-0.1163;0.10825;1.8955
-0.12205;0.11376;1.9065
-0.12803;0.11874;1.9174
-0.13423;0.12317;1.9283
-0.14061;0.12704;1.9389
-0.14716;0.13034;1.9494
-0.15384;0.13304;1.9596
-0.16063;0.13514;1.9695
-0.16751;0.13663;1.9791
-0.17444;0.13751;1.9883
-0.1814;0.13776;1.9972
-0.18836;0.1374;2.0056
-0.1953;0.13641;2.0135
-0.20218;0.13481;2.0209
-0.20898;0.1326;2.0278
-0.21568;0.1298;2.0342
-0.22224;0.1264;2.0399
-0.22863;0.12243;2.0451
-0.23485;0.11789;2.0497
-0.24085;0.11282;2.0536
-0.24663;0.10722;2.0568
-0.25214;0.10113;2.0594
-0.11132;-0.14001;1.7149
-0.10541;-0.13399;1.7136
-0.099803;-0.12752;1.7131
-0.09452;-0.12063;1.7132
-0.089581;-0.11333;1.7141
-0.085005;-0.10566;1.7156
-0.080812;-0.097655;1.7177
-0.077017;-0.089339;1.7206
-0.073635;-0.080747;1.7241
-0.070679;-0.071914;1.7283
-0.068162;-0.062873;1.733
-0.066093;-0.05366;1.7384
-0.064481;-0.044313;1.7444
-0.063331;-0.034868;1.7509
-0.062648;-0.025361;1.758
-0.062435;-0.015832;1.7656
-0.062694;-0.0063161;1.7737
-0.063422;0.0031475;1.7822
-0.064616;0.012522;1.7911
-0.066274;0.02177;1.8004
-0.068386;0.030856;1.8101
-0.070946;0.039743;1.82
-0.073943;0.048397;1.8302
-0.077366;0.056783;1.8407
-0.081201;0.064868;1.8513
-0.085432;0.07262;1.8621
-0.090043;0.080009;1.8729
-0.095016;0.087005;1.8838
-0.10033;0.093582;1.8948
-0.10597;0.099712;1.9057
-0.1119;0.10537;1.9165
-0.11811;0.11054;1.9272
-0.12458;0.11519;1.9378
-0.13126;0.11932;1.9481
-0.13815;0.12289;1.9583
-0.14521;0.12591;1.9681
-0.15241;0.12835;1.9776
-0.15973;0.1302;1.9868
-0.16714;0.13147;1.9955
-0.1746;0.13214;2.0039
-0.18209;0.13221;2.0117
-0.18958;0.13169;2.0191
-0.19704;0.13056;2.026
-0.20444;0.12885;2.0323
-0.21175;0.12655;2.0381
-0.21894;0.12367;2.0432
-0.22598;0.12023;2.0477
-0.23285;0.11624;2.0516
-0.23952;0.11171;2.0549
-0.24596;0.10667;2.0575
-0.25214;0.10113;2.0594
-0.11132;-0.14001;1.7149
-0.10483;-0.13464;1.7143
-0.098656;-0.12881;1.7145
-0.092805;-0.12255;1.7153
-0.087305;-0.11588;1.7168
-0.082178;-0.10884;1.7189
-0.077443;-0.10144;1.7218
-0.073121;-0.093712;1.7253
-0.069226;-0.085695;1.7294
-0.065776;-0.077416;1.7341
-0.062784;-0.068909;1.7395
-0.06026;-0.060206;1.7454
-0.058217;-0.051343;1.7519
-0.05666;-0.042354;1.7589
-0.055598;-0.033274;1.7664
-0.055033;-0.02414;1.7744
-0.054968;-0.014987;1.7829
-0.055403;-0.0058517;1.7918
-0.056337;0.0032299;1.801
-0.057766;0.012222;1.8106
-0.059684;0.021089;1.8204
-0.062083;0.029796;1.8306
-0.064955;0.038309;1.841
-0.068288;0.046594;1.8515
-0.072068;0.054618;1.8622
-0.076281;0.06235;1.873
-0.080911;0.06976;1.8838
-0.085938;0.076817;1.8947
-0.091343;0.083494;1.9055
-0.097105;0.089765;1.9163
-0.1032;0.095605;1.9269
-0.10961;0.10099;1.9374
-0.1163;0.1059;1.9477
-0.12325;0.11032;1.9577
-0.13043;0.11422;1.9675
-0.13781;0.1176;1.9769
-0.14536;0.12043;1.986
-0.15306;0.12272;1.9947
-0.16087;0.12444;2.003
-0.16877;0.12559;2.0108
-0.17671;0.12618;2.0182
-0.18468;0.12618;2.025
-0.19263;0.12562;2.0313
-0.20054;0.12448;2.037
-0.20838;0.12277;2.0421
-0.21611;0.1205;2.0466
-0.22371;0.11768;2.0505
-0.23114;0.11432;2.0537
-0.23837;0.11043;2.0563
-0.24538;0.10602;2.0582
-0.25214;0.10113;2.0594
-0.11132;-0.14001;1.7149
-0.10436;-0.13536;1.715
-0.097717;-0.13026;1.7159
-0.091402;-0.12472;1.7174
-0.085443;-0.11876;1.7195
-0.079864;-0.11241;1.7224
-0.074687;-0.10569;1.7259
-0.069933;-0.098633;1.73
-0.065619;-0.091263;1.7347
-0.061764;-0.08361;1.7401
-0.058383;-0.075703;1.746
-0.055488;-0.067575;1.7525
-0.053091;-0.059256;1.7595
-0.051202;-0.05078;1.767
-0.049828;-0.042181;1.775
-0.048975;-0.033491;1.7835
-0.048646;-0.024747;1.7923
-0.048842;-0.015981;1.8015
-0.049562;-0.0072293;1.8111
-0.050804;0.0014744;1.8209
-0.052563;0.010096;1.8311
-0.054831;0.0186;1.8414
-0.0576;0.026955;1.8519
-0.060859;0.035126;1.8626
-0.064595;0.043082;1.8733
-0.068794;0.050791;1.8841
-0.073438;0.058223;1.895
-0.078509;0.065349;1.9057
-0.083988;0.072139;1.9165
-0.089853;0.078569;1.9271
-0.09608;0.084611;1.9375
-0.10265;0.090243;1.9478
-0.10952;0.095443;1.9578
-0.11668;0.10019;1.9675
-0.1241;0.10446;1.9769
-0.13175;0.10825;1.986
-0.13959;0.11153;1.9946
-0.1476;0.11429;2.0029
-0.15575;0.11653;2.0106
-0.164;0.11823;2.0179
-0.17231;0.11938;2.0247
-0.18067;0.11999;2.031
-0.18903;0.12005;2.0366
-0.19736;0.11956;2.0417
-0.20562;0.11851;2.0462
-0.2138;0.11693;2.05
-0.22184;0.1148;2.0532
-0.22973;0.11215;2.0558
-0.23743;0.10898;2.0576
-0.24491;0.1053;2.0589
-0.25214;0.10113;2.0594
-0.11132;-0.14001;1.7149
-0.10401;-0.13616;1.7157
-0.097002;-0.13185;1.7173
-0.090333;-0.12709;1.7195
-0.084024;-0.12191;1.7223
-0.078101;-0.11632;1.7258
-0.072586;-0.11035;1.73
-0.067503;-0.10403;1.7348
-0.06287;-0.097366;1.7401
-0.058706;-0.090397;1.7461
-0.055028;-0.083149;1.7526
-0.05185;-0.075649;1.7596
-0.049185;-0.067927;1.7672
-0.047042;-0.060014;1.7752
-0.045431;-0.051941;1.7837
-0.044358;-0.043739;1.7925
-0.043828;-0.035442;1.8018
-0.043841;-0.027081;1.8113
-0.044399;-0.018691;1.8212
-0.045498;-0.010303;1.8314
-0.047135;-0.0019515;1.8417
-0.049304;0.0063311;1.8522
-0.051995;0.014512;1.8629
-0.055198;0.022559;1.8737
-0.0589;0.03044;1.8845
-0.063087;0.038124;1.8953
-0.067743;0.045581;1.9061
-0.072848;0.052781;1.9169
-0.078383;0.059697;1.9275
-0.084326;0.0663;1.9379
-0.090653;0.072564;1.9482
-0.097339;0.078466;1.9582
-0.10436;0.083981;1.9679
-0.11168;0.089088;1.9773
-0.11929;0.093767;1.9864
-0.12713;0.097998;1.995
-0.1352;0.10177;2.0032
-0.14344;0.10506;2.011
-0.15184;0.10786;2.0183
-0.16036;0.11015;2.0251
-0.16896;0.11194;2.0313
-0.17761;0.1132;2.037
-0.18628;0.11395;2.042
-0.19493;0.11416;2.0465
-0.20352;0.11385;2.0503
-0.21203;0.11301;2.0535
-0.22042;0.11165;2.056
-0.22866;0.10978;2.0579
-0.23672;0.10739;2.0591
-0.24455;0.1045;2.0596
-0.25214;0.10113;2.0594
-0.11132;-0.14001;1.7149
-0.10377;-0.13701;1.7164
-0.096522;-0.13355;1.7187
-0.089614;-0.12963;1.7215
-0.08307;-0.12528;1.7251
-0.076915;-0.12052;1.7293
-0.071174;-0.11535;1.7341
-0.06587;-0.10981;1.7395
-0.061022;-0.10391;1.7455
-0.056651;-0.097671;1.752
-0.052774;-0.091128;1.7591
-0.049406;-0.084302;1.7667
-0.046559;-0.07722;1.7748
-0.044246;-0.06991;1.7833
-0.042476;-0.0624;1.7922
-0.041256;-0.054722;1.8015
-0.040589;-0.046904;1.8111
-0.04048;-0.038977;1.821
-0.040928;-0.030974;1.8312
-0.041932;-0.022925;1.8416
-0.043488;-0.014862;1.8522
-0.045589;-0.0068173;1.863
-0.048227;0.0011775;1.8738
-0.051393;0.0090909;1.8847
-0.055072;0.016892;1.8956
-0.059252;0.024549;1.9064
-0.063915;0.032033;1.9172
-0.069043;0.039314;1.9278
-0.074615;0.046362;1.9383
-0.080611;0.053151;1.9486
-0.087005;0.059654;1.9587
-0.093773;0.065844;1.9685
-0.10089;0.071698;1.9779
-0.10832;0.077192;1.987
-0.11605;0.082305;1.9957
-0.12403;0.087016;2.004
-0.13224;0.091307;2.0118
-0.14065;0.095161;2.0191
-0.14922;0.098563;2.0259
-0.15791;0.1015;2.0321
-0.1667;0.10396;2.0378
-0.17555;0.10593;2.0429
-0.18443;0.10741;2.0474
-0.19329;0.10838;2.0512
-0.20211;0.10885;2.0544
-0.21085;0.10882;2.0569
-0.21947;0.10828;2.0588
-0.22794;0.10723;2.0599
-0.23624;0.10569;2.0604
-0.24431;0.10365;2.0603
-0.25214;0.10113;2.0594
-0.11132;-0.14001;1.7149
-0.10365;-0.13791;1.7171
-0.096283;-0.13534;1.72
-0.089257;-0.13231;1.7236
-0.082597;-0.12883;1.7278
-0.076327;-0.12493;1.7326
-0.070474;-0.1206;1.738
-0.065059;-0.11588;1.7441
-0.060105;-0.11078;1.7507
-0.055631;-0.10532;1.7578
-0.051655;-0.099515;1.7654
-0.048192;-0.093397;1.7736
-0.045256;-0.086987;1.7821
-0.042859;-0.080311;1.7911
-0.041009;-0.073395;1.8005
-0.039715;-0.066265;1.8102
-0.038982;-0.058951;1.8202
-0.038812;-0.051481;1.8305
-0.039206;-0.043884;1.841
-0.040162;-0.036191;1.8517
-0.041677;-0.028432;1.8625
-0.043745;-0.020638;1.8734
-0.046357;-0.012838;1.8844
-0.049504;-0.0050652;1.8953
-0.053172;0.0026512;1.9063
-0.057348;0.01028;1.9172
-0.062015;0.017792;1.9279
-0.067154;0.025157;1.9385
-0.072745;0.032346;1.9489
-0.078767;0.039331;1.9591
-0.085195;0.046084;1.9689
-0.092003;0.052578;1.9785
-0.099166;0.058787;1.9877
-0.10665;0.064689;1.9964
-0.11444;0.070258;2.0048
-0.12249;0.075473;2.0127
-0.13077;0.080313;2.0201
-0.13926;0.08476;2.0269
-0.14791;0.088795;2.0333
-0.1567;0.092403;2.039
-0.16558;0.09557;2.0441
-0.17453;0.098283;2.0487
-0.18351;0.10053;2.0525
-0.19248;0.10231;2.0558
-0.20141;0.1036;2.0583
-0.21026;0.10441;2.0602
-0.219;0.10473;2.0614
-0.22759;0.10456;2.062
-0.236;0.1039;2.0618
-0.24419;0.10275;2.0609
-0.25214;0.10113;2.0594
