-0.25995;0.099559;1.9956
-0.25333;0.09888;1.9994
-0.24645;0.097696;2.0026
-0.23934;0.096013;2.0053
-0.23203;0.093838;2.0075
-0.22455;0.091179;2.0091
-0.21692;0.088045;2.0101
-0.20917;0.084451;2.0106
-0.20135;0.08041;2.0105
-0.19347;0.075937;2.0098
-0.18557;0.071051;2.0086
-0.17768;0.065771;2.0068
-0.16983;0.060118;2.0044
-0.16205;0.054113;2.0015
-0.15437;0.047782;1.9981
-0.14683;0.041147;1.9942
-0.13945;0.034237;1.9897
-0.13226;0.027078;1.9848
-0.1253;0.019698;1.9794
-0.11858;0.012127;1.9735
-0.11213;0.0043941;1.9672
-0.10598;-0.0034699;1.9606
-0.10016;-0.011434;1.9535
-0.094687;-0.019467;1.9461
-0.08958;-0.027536;1.9384
-0.084862;-0.035611;1.9304
-0.080551;-0.043659;1.9222
-0.076664;-0.051648;1.9137
-0.073217;-0.059548;1.9051
-0.070223;-0.067326;1.8962
-0.067694;-0.074952;1.8873
-0.06564;-0.082396;1.8783
-0.064069;-0.089629;1.8693
-0.062988;-0.096621;1.8602
-0.0624;-0.10335;1.8512
-0.062308;-0.10978;1.8422
-0.062712;-0.11589;1.8333
-0.063611;-0.12166;1.8245
-0.065001;-0.12706;1.8159
-0.066877;-0.13207;1.8075
-0.069231;-0.13668;1.7994
-0.072054;-0.14086;1.7915
-0.075335;-0.1446;1.7839
-0.07906;-0.14788;1.7766
-0.083216;-0.15069;1.7697
-0.087785;-0.15302;1.7631
-0.09275;-0.15486;1.757
-0.098092;-0.15621;1.7513
-0.10379;-0.15705;1.7461
-0.10982;-0.15738;1.7413
-0.11615;-0.15721;1.737
-0.25995;0.099559;1.9956
-0.25295;0.099745;1.9987
-0.24568;0.099424;2.0013
-0.23819;0.098596;2.0034
-0.2305;0.097266;2.0049
-0.22264;0.095438;2.0059
-0.21465;0.093119;2.0063
-0.20655;0.090319;2.0062
-0.19838;0.087049;2.0055
-0.19017;0.083322;2.0043
-0.18195;0.079152;2.0025
-0.17375;0.074556;2.0002
-0.16561;0.069553;1.9974
-0.15756;0.06416;1.9941
-0.14963;0.058401;1.9902
-0.14185;0.052298;1.9859
-0.13426;0.045874;1.981
-0.12687;0.039156;1.9758
-0.11973;0.032169;1.9701
-0.11286;0.024942;1.964
-0.10628;0.017502;1.9575
-0.10002;0.0098795;1.9506
-0.094118;0.0021043;1.9434
-0.088582;-0.0057929;1.9359
-0.083439;-0.013781;1.9282
-0.078709;-0.021829;1.9202
-0.07441;-0.029904;1.9119
-0.070559;-0.037975;1.9035
-0.067173;-0.046009;1.895
-0.064263;-0.053976;1.8863
-0.061842;-0.061844;1.8776
-0.059919;-0.069582;1.8688
-0.058502;-0.077158;1.86
-0.057596;-0.084544;1.8512
-0.057205;-0.09171;1.8425
-0.05733;-0.098628;1.8339
-0.057971;-0.10527;1.8254
-0.059126;-0.11161;1.8171
-0.060789;-0.11762;1.8089
-0.062955;-0.12329;1.801
-0.065614;-0.12858;1.7934
-0.068757;-0.13348;1.786
-0.07237;-0.13796;1.7789
-0.07644;-0.14201;1.7722
-0.080951;-0.14562;1.7659
-0.085884;-0.14876;1.76
-0.09122;-0.15144;1.7545
-0.096939;-0.15363;1.7494
-0.10302;-0.15532;1.7448
-0.10943;-0.15652;1.7406
-0.11615;-0.15721;1.737
-0.25995;0.099559;1.9956
-0.25267;0.1006;1.998
-0.24513;0.10114;1.9999
-0.23736;0.10116;2.0013
-0.2294;0.10067;2.0022
-0.22128;0.099662;2.0025
-0.21302;0.098152;2.0022
-0.20467;0.096141;2.0015
-0.19625;0.093636;2.0002
-0.1878;0.090648;1.9984
-0.17935;0.087189;1.996
-0.17093;0.083271;1.9932
-0.16258;0.078912;1.9898
-0.15433;0.074127;1.986
-0.14622;0.068936;1.9816
-0.13827;0.063359;1.9769
-0.13052;0.057418;1.9717
-0.12299;0.051137;1.966
-0.11572;0.04454;1.96
-0.10874;0.037654;1.9536
-0.10207;0.030505;1.9469
-0.095735;0.023122;1.9398
-0.089768;0.015534;1.9325
-0.084188;0.0077713;1.9249
-0.079019;-0.00013602;1.9171
-0.07428;-0.0081566;1.909
-0.06999;-0.016259;1.9008
-0.066166;-0.02441;1.8925
-0.062823;-0.03258;1.8841
-0.059974;-0.040734;1.8755
-0.05763;-0.048841;1.867
-0.055802;-0.05687;1.8584
-0.054495;-0.064787;1.8499
-0.053715;-0.072563;1.8415
-0.053466;-0.080166;1.8331
-0.053747;-0.087567;1.8249
-0.054559;-0.094735;1.8168
-0.055898;-0.10164;1.8089
-0.057758;-0.10827;1.8013
-0.060132;-0.11457;1.7939
-0.063011;-0.12054;1.7868
-0.066384;-0.12615;1.78
-0.070237;-0.13137;1.7736
-0.074555;-0.13619;1.7675
-0.079321;-0.14059;1.7618
-0.084515;-0.14454;1.7565
-0.090119;-0.14804;1.7517
-0.096109;-0.15106;1.7473
-0.10246;-0.15361;1.7434
-0.10915;-0.15566;1.7399
-0.11615;-0.15721;1.737
-0.25995;0.099559;1.9956
-0.2525;0.10144;1.9973
-0.2448;0.10281;1.9984
-0.23687;0.10366;1.9991
-0.22874;0.10398;1.9992
-0.22046;0.10379;1.9988
-0.21205;0.10307;1.9979
-0.20355;0.10182;1.9965
-0.19498;0.10007;1.9945
-0.18639;0.097799;1.992
-0.1778;0.095033;1.9891
-0.16925;0.091778;1.9856
-0.16078;0.088048;1.9817
-0.15241;0.083856;1.9774
-0.14419;0.079219;1.9726
-0.13614;0.074156;1.9673
-0.12829;0.068686;1.9617
-0.12068;0.062832;1.9557
-0.11334;0.056616;1.9494
-0.10629;0.050062;1.9427
-0.099561;0.043198;1.9357
-0.093183;0.036049;1.9284
-0.08718;0.028644;1.9209
-0.081575;0.021012;1.9132
-0.07639;0.013184;1.9053
-0.071646;0.0051895;1.8973
-0.067361;-0.0029389;1.8891
-0.063552;-0.01117;1.8808
-0.060235;-0.01947;1.8725
-0.057422;-0.027807;1.8641
-0.055125;-0.036148;1.8558
-0.053352;-0.044461;1.8475
-0.052111;-0.052711;1.8393
-0.051407;-0.060868;1.8311
-0.051241;-0.068898;1.8232
-0.051616;-0.076769;1.8153
-0.052529;-0.084452;1.8077
-0.053977;-0.091915;1.8004
-0.055954;-0.099129;1.7932
-0.058453;-0.10607;1.7864
-0.061463;-0.1127;1.7799
-0.064972;-0.119;1.7737
-0.068968;-0.12494;1.7679
-0.073433;-0.13051;1.7625
-0.078351;-0.13567;1.7575
-0.083701;-0.14042;1.7529
-0.089464;-0.14472;1.7488
-0.095615;-0.14856;1.7451
-0.10213;-0.15193;1.7419
-0.10899;-0.15482;1.7392
-0.11615;-0.15721;1.737
-0.25995;0.099559;1.9956
-0.25245;0.10225;1.9965
-0.2447;0.10442;1.9969
-0.23672;0.10606;1.9968
-0.22855;0.10717;1.9962
-0.22022;0.10775;1.995
-0.21176;0.10778;1.9934
-0.20321;0.10728;1.9912
-0.1946;0.10624;1.9886
-0.18596;0.10466;1.9855
-0.17733;0.10256;1.9819
-0.16874;0.099944;1.9778
-0.16023;0.096817;1.9733
-0.15183;0.093193;1.9684
-0.14357;0.089089;1.9631
-0.13549;0.084519;1.9574
-0.12762;0.079502;1.9513
-0.11998;0.074057;1.945
-0.11262;0.068206;1.9382
-0.10555;0.061972;1.9313
-0.098802;0.05538;1.924
-0.09241;0.048456;1.9165
-0.086396;0.041227;1.9089
-0.080783;0.033721;1.901
-0.075593;0.025968;1.8931
-0.070847;0.017999;1.885
-0.066564;0.0098454;1.8768
-0.06276;0.0015391;1.8686
-0.05945;-0.0068871;1.8604
-0.056649;-0.0154;1.8522
-0.054365;-0.023966;1.8441
-0.05261;-0.032551;1.8361
-0.051389;-0.041121;1.8281
-0.050707;-0.049643;1.8204
-0.050567;-0.058082;1.8128
-0.05097;-0.066406;1.8054
-0.051914;-0.074582;1.7983
-0.053395;-0.082577;1.7914
-0.055408;-0.09036;1.7848
-0.057944;-0.0979;1.7786
-0.060994;-0.10517;1.7727
-0.064545;-0.11213;1.7671
-0.068583;-0.11877;1.762
-0.073093;-0.12505;1.7573
-0.078057;-0.13096;1.753
-0.083455;-0.13646;1.7491
-0.089265;-0.14153;1.7457
-0.095466;-0.14616;1.7428
-0.10203;-0.15033;1.7404
-0.10894;-0.15402;1.7384
-0.11615;-0.15721;1.737
-0.25995;0.099559;1.9956
-0.25252;0.103;1.9957
-0.24483;0.10593;1.9953
-0.23691;0.10832;1.9944
-0.22881;0.11017;1.993
-0.22054;0.11148;1.9911
-0.21214;0.11222;1.9888
-0.20365;0.11242;1.9859
-0.1951;0.11205;1.9825
-0.18652;0.11113;1.9787
-0.17795;0.10966;1.9745
-0.16941;0.10764;1.9698
-0.16095;0.10508;1.9647
-0.1526;0.10199;1.9593
-0.14438;0.09839;1.9534
-0.13634;0.094285;1.9472
-0.1285;0.089694;1.9407
-0.1209;0.084635;1.9339
-0.11357;0.079129;1.9269
-0.10652;0.073196;1.9196
-0.0998;0.066861;1.9121
-0.093427;0.060148;1.9044
-0.087427;0.053084;1.8965
-0.081824;0.045697;1.8886
-0.076641;0.038015;1.8805
-0.071897;0.03007;1.8724
-0.067612;0.021893;1.8643
-0.063801;0.013515;1.8562
-0.060482;0.0049703;1.8481
-0.057666;-0.0037079;1.8401
-0.055364;-0.012485;1.8322
-0.053586;-0.021327;1.8244
-0.052339;-0.030198;1.8168
-0.051627;-0.039064;1.8094
-0.051454;-0.04789;1.8022
-0.05182;-0.05664;1.7952
-0.052723;-0.065281;1.7886
-0.054161;-0.073778;1.7822
-0.056127;-0.082097;1.7762
-0.058613;-0.090206;1.7706
-0.061611;-0.098073;1.7653
-0.065107;-0.10567;1.7604
-0.069089;-0.11296;1.7559
-0.07354;-0.11991;1.7519
-0.078443;-0.12651;1.7483
-0.083779;-0.13273;1.7452
-0.089526;-0.13853;1.7426
-0.095662;-0.1439;1.7404
-0.10216;-0.14882;1.7388
-0.109;-0.15326;1.7376
-0.11615;-0.15721;1.737
-0.25995;0.099559;1.9956
-0.2527;0.1037;1.9949
-0.24519;0.10732;1.9937
-0.23745;0.11041;1.9921
-0.22952;0.11294;1.9899
-0.22143;0.11492;1.9872
-0.2132;0.11633;1.9841
-0.20488;0.11716;1.9805
-0.19649;0.11742;1.9764
-0.18806;0.1171;1.9719
-0.17964;0.11621;1.967
-0.17125;0.11474;1.9617
-0.16292;0.11271;1.9561
-0.1547;0.11012;1.95
-0.1466;0.10698;1.9437
-0.13867;0.1033;1.937
-0.13094;0.099102;1.93
-0.12343;0.094399;1.9228
-0.11617;0.08921;1.9154
-0.1092;0.083556;1.9078
-0.10254;0.077458;1.9
-0.096218;0.07094;1.8921
-0.090258;0.064029;1.8841
-0.084683;0.056751;1.876
-0.079517;0.049136;1.8679
-0.074779;0.041213;1.8597
-0.070488;0.033013;1.8516
-0.066661;0.02457;1.8436
-0.063313;0.015915;1.8356
-0.060457;0.0070844;1.8278
-0.058105;-0.0018882;1.8201
-0.056265;-0.010967;1.8126
-0.054946;-0.020117;1.8053
-0.054152;-0.0293;1.7983
-0.053887;-0.038482;1.7915
-0.054151;-0.047626;1.785
-0.054943;-0.056696;1.7788
-0.056261;-0.065655;1.773
-0.058099;-0.074469;1.7676
-0.06045;-0.083104;1.7625
-0.063305;-0.091523;1.7578
-0.066651;-0.099696;1.7536
-0.070477;-0.10759;1.7498
-0.074767;-0.11517;1.7465
-0.079504;-0.12241;1.7437
-0.08467;-0.12928;1.7413
-0.090243;-0.13576;1.7394
-0.096202;-0.14181;1.7381
-0.10252;-0.14742;1.7372
-0.10918;-0.15256;1.7368
-0.11615;-0.15721;1.737
-0.25995;0.099559;1.9956
-0.25299;0.10433;1.9941
-0.24577;0.10858;1.9922
-0.23833;0.11229;1.9897
-0.23069;0.11544;1.9868
-0.22287;0.11802;1.9833
-0.21492;0.12002;1.9795
-0.20687;0.12144;1.9751
-0.19874;0.12226;1.9704
-0.19057;0.12248;1.9652
-0.18238;0.12211;1.9597
-0.17422;0.12114;1.9537
-0.16612;0.11958;1.9475
-0.1581;0.11743;1.9409
-0.1502;0.11471;1.934
-0.14245;0.11142;1.9268
-0.13488;0.10758;1.9194
-0.12752;0.1032;1.9118
-0.1204;0.098293;1.904
-0.11354;0.092889;1.8961
-0.10698;0.087004;1.8881
-0.10074;0.080663;1.8799
-0.094843;0.073889;1.8717
-0.089315;0.06671;1.8635
-0.084176;0.059154;1.8553
-0.079447;0.051251;1.8472
-0.075147;0.043031;1.8391
-0.071292;0.034528;1.8311
-0.067898;0.025775;1.8233
-0.064978;0.016807;1.8156
-0.062544;0.0076583;1.8082
-0.060606;-0.0016342;1.8009
-0.05917;-0.011034;1.7939
-0.058243;-0.020504;1.7873
-0.057828;-0.030007;1.7809
-0.057928;-0.039505;1.7748
-0.05854;-0.048961;1.7691
-0.059664;-0.058338;1.7639
-0.061295;-0.067598;1.759
-0.063426;-0.076705;1.7545
-0.066048;-0.085623;1.7505
-0.069153;-0.094317;1.7469
-0.072726;-0.10275;1.7438
-0.076755;-0.1109;1.7412
-0.081223;-0.11872;1.739
-0.086112;-0.12618;1.7374
-0.091404;-0.13326;1.7363
-0.097077;-0.13993;1.7357
-0.10311;-0.14616;1.7356
-0.10948;-0.15193;1.7361
-0.11615;-0.15721;1.737
-0.25995;0.099559;1.9956
-0.25339;0.10488;1.9934
-0.24657;0.10968;1.9906
-0.23952;0.11393;1.9874
-0.23227;0.11762;1.9837
-0.22484;0.12073;1.9796
-0.21727;0.12325;1.975
-0.20958;0.12517;1.9699
-0.20181;0.12648;1.9645
-0.19399;0.12718;1.9586
-0.18613;0.12727;1.9524
-0.17829;0.12673;1.9459
-0.17049;0.12559;1.9391
-0.16275;0.12383;1.9319
-0.15512;0.12147;1.9245
-0.14761;0.11852;1.9169
-0.14027;0.11499;1.9091
-0.13311;0.11088;1.9011
-0.12617;0.10623;1.8929
-0.11947;0.10105;1.8847
-0.11305;0.09535;1.8764
-0.10692;0.089162;1.8681
-0.10111;0.082509;1.8597
-0.095645;0.075416;1.8514
-0.090544;0.067912;1.8431
-0.085828;0.060026;1.8349
-0.081515;0.051789;1.8269
-0.077623;0.043234;1.819
-0.074166;0.034395;1.8112
-0.071159;0.025306;1.8037
-0.068613;0.016004;1.7965
-0.066539;0.0065245;1.7895
-0.064944;-0.0030942;1.7829
-0.063835;-0.012815;1.7765
-0.063216;-0.022598;1.7705
-0.06309;-0.032406;1.7649
-0.063457;-0.0422;1.7597
-0.064316;-0.051941;1.7549
-0.065663;-0.061591;1.7506
-0.067493;-0.071112;1.7467
-0.069799;-0.080466;1.7433
-0.072572;-0.089616;1.7403
-0.0758;-0.098526;1.7379
-0.079472;-0.10716;1.7359
-0.083572;-0.11549;1.7345
-0.088084;-0.12347;1.7336
-0.092991;-0.13108;1.7333
-0.098273;-0.13829;1.7334
-0.10391;-0.14506;1.7341
-0.10988;-0.15138;1.7353
-0.11615;-0.15721;1.737
-0.25995;0.099559;1.9956
-0.25389;0.10535;1.9926
-0.24758;0.11061;1.9892
-0.24102;0.11532;1.9852
-0.23426;0.11946;1.9808
-0.22731;0.12301;1.9759
-0.22021;0.12597;1.9706
-0.21299;0.12831;1.9649
-0.20566;0.13004;1.9588
-0.19827;0.13113;1.9523
-0.19083;0.1316;1.9455
-0.18339;0.13143;1.9384
-0.17596;0.13063;1.931
-0.16858;0.1292;1.9233
-0.16128;0.12715;1.9155
-0.15408;0.12448;1.9074
-0.14702;0.12121;1.8991
-0.14011;0.11735;1.8908
-0.1334;0.1129;1.8823
-0.12691;0.1079;1.8738
-0.12065;0.10236;1.8652
-0.11466;0.096304;1.8567
-0.10896;0.089752;1.8481
-0.10358;0.082731;1.8397
-0.098522;0.075271;1.8313
-0.093821;0.067399;1.8231
-0.089492;0.059148;1.8151
-0.085553;0.05055;1.8073
-0.082018;0.041638;1.7997
-0.078901;0.032448;1.7923
-0.076215;0.023017;1.7853
-0.07397;0.01338;1.7786
-0.072176;0.0035777;1.7722
-0.070839;-0.0063529;1.7662
-0.069965;-0.016372;1.7606
-0.069556;-0.026441;1.7554
-0.069616;-0.036519;1.7506
-0.070143;-0.046566;1.7463
-0.071135;-0.056544;1.7425
-0.072588;-0.066412;1.7392
-0.074497;-0.076131;1.7363
-0.076855;-0.085665;1.734
-0.079651;-0.094973;1.7322
-0.082875;-0.10402;1.7309
-0.086514;-0.11277;1.7302
-0.090554;-0.12119;1.73
-0.094979;-0.12925;1.7303
-0.099771;-0.13691;1.7312
-0.10491;-0.14414;1.7326
-0.11038;-0.15091;1.7345
-0.11615;-0.15721;1.737
-0.25995;0.099559;1.9956
-0.25449;0.10572;1.9919
-0.24876;0.11134;1.9878
-0.2428;0.11641;1.9831
-0.23662;0.12091;1.978
-0.23024;0.12482;1.9725
-0.2237;0.12812;1.9665
-0.21702;0.1308;1.9602
-0.21023;0.13286;1.9535
-0.20335;0.13427;1.9464
-0.1964;0.13504;1.939
-0.18943;0.13517;1.9313
-0.18245;0.13464;1.9234
-0.17549;0.13347;1.9153
-0.16858;0.13166;1.9069
-0.16175;0.12922;1.8984
-0.15502;0.12616;1.8898
-0.14842;0.12248;1.8811
-0.14198;0.1182;1.8723
-0.13572;0.11335;1.8635
-0.12967;0.10793;1.8547
-0.12384;0.10198;1.8459
-0.11827;0.095504;1.8372
-0.11298;0.088541;1.8287
-0.10798;0.081115;1.8203
-0.1033;0.073255;1.8121
-0.098953;0.064993;1.804
-0.094957;0.05636;1.7963
-0.091329;0.04739;1.7888
-0.088082;0.03812;1.7816
-0.08523;0.028586;1.7748
-0.082784;0.018825;1.7683
-0.080753;0.0088766;1.7622
-0.079146;-0.0012211;1.7565
-0.077968;-0.011428;1.7512
-0.077225;-0.021703;1.7464
-0.07692;-0.032006;1.7421
-0.077053;-0.042297;1.7383
-0.077624;-0.052535;1.7349
-0.07863;-0.062679;1.7321
-0.080069;-0.072689;1.7298
-0.081934;-0.082527;1.7281
-0.084218;-0.092152;1.7269
-0.086911;-0.10153;1.7262
-0.090004;-0.11062;1.7261
-0.093483;-0.11938;1.7266
-0.097336;-0.12779;1.7276
-0.10155;-0.13581;1.7291
-0.1061;-0.1434;1.7312
-0.11097;-0.15055;1.7339
-0.11615;-0.15721;1.737
-0.25995;0.099559;1.9956
-0.25517;0.10598;1.9913
-0.25012;0.11187;1.9865
-0.24483;0.11721;1.9812
-0.23931;0.12197;1.9755
-0.23359;0.12613;1.9693
-0.22769;0.12969;1.9628
-0.22163;0.13261;1.9558
-0.21544;0.1349;1.9485
-0.20914;0.13655;1.9409
-0.20276;0.13754;1.933
-0.19632;0.13787;1.9248
-0.18985;0.13755;1.9164
-0.18337;0.13657;1.9078
-0.17691;0.13494;1.899
-0.1705;0.13266;1.8901
-0.16415;0.12974;1.8811
-0.1579;0.1262;1.8721
-0.15177;0.12205;1.863
-0.14578;0.1173;1.8539
-0.13995;0.11197;1.8449
-0.13432;0.10609;1.836
-0.1289;0.099675;1.8272
-0.12371;0.092754;1.8185
-0.11878;0.085353;1.8101
-0.11412;0.077502;1.8018
-0.10975;0.069231;1.7938
-0.10569;0.060573;1.7861
-0.10195;0.051562;1.7787
-0.098558;0.042233;1.7717
-0.095517;0.032625;1.765
-0.09284;0.022774;1.7588
-0.09054;0.012719;1.7529
-0.088624;0.0025;1.7475
-0.087101;-0.0078423;1.7426
-0.085976;-0.018268;1.7381
-0.085253;-0.028734;1.7342
-0.084937;-0.039202;1.7308
-0.085028;-0.049628;1.7279
-0.085525;-0.059972;1.7256
-0.086427;-0.070193;1.7238
-0.087729;-0.080251;1.7226
-0.089428;-0.090106;1.7219
-0.091516;-0.09972;1.7219
-0.093985;-0.10905;1.7224
-0.096825;-0.11807;1.7234
-0.10003;-0.12673;1.725
-0.10357;-0.13501;1.7272
-0.10745;-0.14287;1.7299
-0.11165;-0.15028;1.7332
-0.11615;-0.15721;1.737
-0.25995;0.099559;1.9956
-0.25592;0.10614;1.9907
-0.25162;0.1122;1.9853
-0.24707;0.11769;1.9795
-0.24229;0.12261;1.9732
-0.23729;0.12693;1.9665
-0.2321;0.13063;1.9594
-0.22673;0.13371;1.9519
-0.22121;0.13614;1.9441
-0.21556;0.13792;1.936
-0.20981;0.13905;1.9276
-0.20396;0.13951;1.9189
-0.19805;0.13931;1.9101
-0.19211;0.13844;1.9011
-0.18615;0.13692;1.8919
-0.18019;0.13474;1.8827
-0.17427;0.13191;1.8734
-0.1684;0.12845;1.864
-0.16261;0.12437;1.8547
-0.15692;0.11969;1.8454
-0.15135;0.11441;1.8362
-0.14593;0.10858;1.8271
-0.14067;0.1022;1.8181
-0.1356;0.095303;1.8094
-0.13073;0.087918;1.8009
-0.1261;0.080071;1.7926
-0.12171;0.071795;1.7846
-0.11758;0.063122;1.777
-0.11372;0.054086;1.7697
-0.11016;0.044722;1.7628
-0.10691;0.035068;1.7563
-0.10398;0.025163;1.7502
-0.10138;0.015044;1.7446
-0.099124;0.0047517;1.7394
-0.097217;-0.0056729;1.7348
-0.095669;-0.016189;1.7307
-0.094486;-0.026755;1.7271
-0.093672;-0.037329;1.7241
-0.09323;-0.047869;1.7216
-0.093162;-0.058334;1.7197
-0.093469;-0.068683;1.7184
-0.09415;-0.078874;1.7177
-0.095201;-0.088868;1.7175
-0.096618;-0.098625;1.7179
-0.098396;-0.10811;1.719
-0.10053;-0.11728;1.7206
-0.10301;-0.1261;1.7227
-0.10582;-0.13453;1.7255
-0.10896;-0.14255;1.7288
-0.11241;-0.15012;1.7326
-0.11615;-0.15721;1.737
-0.25995;0.099559;1.9956
-0.25673;0.1062;1.9902
-0.25325;0.1123;1.9843
-0.2495;0.11785;1.978
-0.24551;0.12282;1.9712
-0.24129;0.12719;1.964
-0.23687;0.13094;1.9564
-0.23225;0.13407;1.9485
-0.22746;0.13655;1.9402
-0.22251;0.13838;1.9317
-0.21742;0.13955;1.9228
-0.21222;0.14005;1.9138
-0.20693;0.13989;1.9046
-0.20156;0.13906;1.8952
-0.19613;0.13757;1.8857
-0.19068;0.13543;1.8762
-0.18521;0.13263;1.8666
-0.17976;0.1292;1.857
-0.17433;0.12514;1.8474
-0.16897;0.12048;1.8379
-0.16367;0.11522;1.8285
-0.15848;0.1094;1.8193
-0.1534;0.10304;1.8102
-0.14845;0.096149;1.8014
-0.14367;0.088768;1.7928
-0.13906;0.080923;1.7846
-0.13464;0.072645;1.7766
-0.13043;0.063967;1.769
-0.12645;0.054923;1.7618
-0.12272;0.045547;1.755
-0.11924;0.035879;1.7486
-0.11603;0.025955;1.7427
-0.11311;0.015815;1.7373
-0.11048;0.0054984;1.7324
-0.10816;-0.0049534;1.728
-0.10615;-0.015499;1.7242
-0.10447;-0.026098;1.7209
-0.10312;-0.036707;1.7182
-0.1021;-0.047286;1.7161
-0.10142;-0.057791;1.7146
-0.10109;-0.068182;1.7137
-0.10109;-0.078418;1.7133
-0.10144;-0.088458;1.7136
-0.10214;-0.098263;1.7145
-0.10317;-0.10779;1.716
-0.10453;-0.11701;1.7181
-0.10623;-0.12588;1.7207
-0.10825;-0.13437;1.724
-0.11058;-0.14244;1.7278
-0.11322;-0.15007;1.7321
-0.11615;-0.15721;1.737
-0.25995;0.099559;1.9956
-0.2576;0.10614;1.9898
-0.25497;0.11219;1.9835
-0.25207;0.11769;1.9767
-0.24892;0.1226;1.9695
-0.24554;0.12692;1.9619
-0.24192;0.13062;1.9539
-0.2381;0.13369;1.9456
-0.23407;0.13613;1.937
-0.22986;0.13791;1.928
-0.22549;0.13903;1.9189
-0.22097;0.13949;1.9095
-0.21633;0.13929;1.9
-0.21157;0.13842;1.8903
-0.20671;0.1369;1.8805
-0.20179;0.13471;1.8707
-0.1968;0.13189;1.8608
-0.19179;0.12843;1.851
-0.18676;0.12435;1.8413
-0.18173;0.11966;1.8316
-0.17673;0.11439;1.8221
-0.17178;0.10855;1.8127
-0.16689;0.10217;1.8036
-0.16208;0.095277;1.7947
-0.15737;0.087891;1.7861
-0.15279;0.080045;1.7778
-0.14834;0.071769;1.7699
-0.14406;0.063095;1.7623
-0.13994;0.054059;1.7551
-0.13602;0.044696;1.7484
-0.1323;0.035043;1.7422
-0.1288;0.025138;1.7364
-0.12553;0.01502;1.7312
-0.12251;0.0047284;1.7265
-0.11975;-0.0056953;1.7223
-0.11726;-0.01621;1.7187
-0.11505;-0.026775;1.7157
-0.11313;-0.037348;1.7133
-0.1115;-0.047887;1.7115
-0.11018;-0.058351;1.7103
-0.10916;-0.068699;1.7097
-0.10845;-0.078889;1.7097
-0.10806;-0.088881;1.7104
-0.10798;-0.098637;1.7116
-0.10822;-0.10812;1.7135
-0.10878;-0.11728;1.716
-0.10964;-0.1261;1.7191
-0.11082;-0.13454;1.7227
-0.1123;-0.14255;1.7269
-0.11408;-0.15012;1.7317
-0.11615;-0.15721;1.737
-0.25995;0.099559;1.9956
-0.25849;0.10598;1.9894
-0.25676;0.11187;1.9828
-0.25475;0.1172;1.9757
-0.25248;0.12195;1.9682
-0.24995;0.12612;1.9602
-0.24718;0.12967;1.9519
-0.24418;0.13259;1.9433
-0.24095;0.13488;1.9344
-0.23752;0.13652;1.9252
-0.23389;0.13751;1.9157
-0.23008;0.13784;1.9061
-0.22611;0.13751;1.8963
-0.22198;0.13653;1.8864
-0.21772;0.1349;1.8764
-0.21334;0.13261;1.8663
-0.20887;0.1297;1.8563
-0.20431;0.12615;1.8463
-0.19969;0.122;1.8364
-0.19502;0.11725;1.8266
-0.19032;0.11192;1.817
-0.18562;0.10604;1.8075
-0.18092;0.099624;1.7983
-0.17625;0.092702;1.7894
-0.17163;0.085301;1.7807
-0.16708;0.077449;1.7724
-0.1626;0.069178;1.7645
-0.15823;0.06052;1.757
-0.15398;0.05151;1.7499
-0.14986;0.042182;1.7432
-0.14589;0.032575;1.7371
-0.14208;0.022725;1.7314
-0.13846;0.012671;1.7263
-0.13503;0.0024538;1.7218
-0.13182;-0.0078869;1.7178
-0.12882;-0.01831;1.7144
-0.12606;-0.028775;1.7116
-0.12354;-0.03924;1.7094
-0.12128;-0.049664;1.7078
-0.11928;-0.060006;1.7068
-0.11756;-0.070224;1.7065
-0.11611;-0.08028;1.7068
-0.11494;-0.090132;1.7078
-0.11407;-0.099742;1.7093
-0.11348;-0.10907;1.7115
-0.11319;-0.11809;1.7143
-0.1132;-0.12675;1.7177
-0.1135;-0.13502;1.7217
-0.11409;-0.14288;1.7263
-0.11498;-0.15028;1.7314
-0.11615;-0.15721;1.737
-0.25995;0.099559;1.9956
-0.25941;0.10571;1.9892
-0.25859;0.11133;1.9823
-0.25749;0.1164;1.975
-0.25611;0.12089;1.9672
-0.25447;0.1248;1.959
-0.25256;0.12809;1.9505
-0.2504;0.13077;1.9417
-0.248;0.13282;1.9325
-0.24535;0.13423;1.9231
-0.24248;0.135;1.9134
-0.2394;0.13512;1.9036
-0.23611;0.13459;1.8936
-0.23264;0.13342;1.8835
-0.22898;0.1316;1.8734
-0.22517;0.12916;1.8632
-0.22121;0.12609;1.853
-0.21712;0.12241;1.8429
-0.21291;0.11813;1.8329
-0.20861;0.11328;1.823
-0.20422;0.10786;1.8133
-0.19978;0.1019;1.8038
-0.19528;0.095428;1.7945
-0.19076;0.088464;1.7855
-0.18622;0.081037;1.7769
-0.1817;0.073177;1.7685
-0.17719;0.064915;1.7606
-0.17273;0.056282;1.7531
-0.16834;0.047314;1.746
-0.16401;0.038045;1.7395
-0.15979;0.028512;1.7334
-0.15567;0.018753;1.7278
-0.15169;0.0088059;1.7228
-0.14784;-0.0012895;1.7183
-0.14416;-0.011494;1.7145
-0.14065;-0.021766;1.7112
-0.13732;-0.032066;1.7086
-0.1342;-0.042354;1.7065
-0.13129;-0.052588;1.7051
-0.1286;-0.062729;1.7044
-0.12615;-0.072735;1.7042
-0.12394;-0.082568;1.7048
-0.12198;-0.09219;1.7059
-0.12029;-0.10156;1.7077
-0.11886;-0.11064;1.7101
-0.11771;-0.11941;1.7131
-0.11683;-0.12781;1.7168
-0.11624;-0.13582;1.721
-0.11592;-0.14341;1.7258
-0.1159;-0.15055;1.7311
-0.11615;-0.15721;1.737
-0.25995;0.099559;1.9956
-0.26034;0.10534;1.989
-0.26043;0.11059;1.982
-0.26025;0.1153;1.9745
-0.25977;0.11943;1.9666
-0.25902;0.12298;1.9583
-0.25798;0.12593;1.9497
-0.25667;0.12827;1.9407
-0.25509;0.12999;1.9314
-0.25324;0.13108;1.9218
-0.25114;0.13154;1.9121
-0.24878;0.13137;1.9021
-0.24619;0.13056;1.892
-0.24337;0.12913;1.8818
-0.24033;0.12707;1.8716
-0.23708;0.1244;1.8613
-0.23364;0.12113;1.8511
-0.23002;0.11726;1.8409
-0.22623;0.11281;1.8308
-0.2223;0.10781;1.8208
-0.21822;0.10227;1.811
-0.21403;0.096205;1.8015
-0.20974;0.089651;1.7922
-0.20536;0.08263;1.7832
-0.20091;0.075169;1.7745
-0.19641;0.067297;1.7662
-0.19188;0.059046;1.7583
-0.18734;0.050448;1.7508
-0.18279;0.041538;1.7437
-0.17827;0.032349;1.7372
-0.17379;0.022919;1.7311
-0.16936;0.013285;1.7256
-0.16501;0.0034853;1.7207
-0.16074;-0.0064424;1.7163
-0.15659;-0.016458;1.7125
-0.15256;-0.026523;1.7093
-0.14867;-0.036597;1.7068
-0.14493;-0.046641;1.7048
-0.14136;-0.056613;1.7035
-0.13798;-0.066477;1.7029
-0.1348;-0.076191;1.7029
-0.13183;-0.085719;1.7035
-0.12908;-0.095022;1.7048
-0.12656;-0.10406;1.7067
-0.12428;-0.11281;1.7092
-0.12226;-0.12122;1.7124
-0.12049;-0.12927;1.7162
-0.11899;-0.13692;1.7205
-0.11777;-0.14415;1.7255
-0.11682;-0.15092;1.731
-0.11615;-0.15721;1.737
-0.25995;0.099559;1.9956
-0.26125;0.10488;1.989
-0.26226;0.10967;1.9819
-0.26298;0.11391;1.9744
-0.2634;0.11759;1.9664
-0.26353;0.12069;1.9581
-0.26335;0.12321;1.9494
-0.26288;0.12512;1.9403
-0.26211;0.12642;1.931
-0.26106;0.12712;1.9214
-0.25971;0.12719;1.9116
-0.25808;0.12665;1.9016
-0.25618;0.1255;1.8915
-0.254;0.12374;1.8813
-0.25157;0.12137;1.871
-0.24888;0.11842;1.8607
-0.24595;0.11488;1.8504
-0.2428;0.11078;1.8402
-0.23943;0.10612;1.8301
-0.23586;0.10093;1.8201
-0.2321;0.095231;1.8103
-0.22816;0.089041;1.8007
-0.22407;0.082386;1.7914
-0.21983;0.075292;1.7824
-0.21547;0.067787;1.7737
-0.211;0.059901;1.7654
-0.20644;0.051664;1.7575
-0.20181;0.04311;1.75
-0.19712;0.034272;1.743
-0.1924;0.025185;1.7364
-0.18766;0.015885;1.7304
-0.18292;0.0064086;1.7249
-0.1782;-0.003207;1.72
-0.17353;-0.012924;1.7156
-0.1689;-0.022703;1.7119
-0.16436;-0.032507;1.7087
-0.1599;-0.042296;1.7062
-0.15556;-0.052032;1.7043
-0.15135;-0.061677;1.703
-0.14728;-0.071191;1.7024
-0.14337;-0.080539;1.7024
-0.13964;-0.089682;1.7031
-0.1361;-0.098586;1.7044
-0.13277;-0.10721;1.7064
-0.12965;-0.11553;1.709
-0.12676;-0.12351;1.7122
-0.12412;-0.13111;1.716
-0.12173;-0.13831;1.7204
-0.1196;-0.14508;1.7254
-0.11774;-0.15139;1.7309
-0.11615;-0.15721;1.737
-0.25995;0.099559;1.9956
-0.26215;0.10432;1.989
-0.26405;0.10856;1.982
-0.26565;0.11226;1.9745
-0.26694;0.1154;1.9666
-0.26792;0.11798;1.9583
-0.26859;0.11997;1.9497
-0.26894;0.12137;1.9407
-0.26897;0.12219;1.9314
-0.26868;0.1224;1.9218
-0.26807;0.12202;1.9121
-0.26715;0.12105;1.9021
-0.26591;0.11948;1.8921
-0.26437;0.11733;1.8819
-0.26253;0.1146;1.8716
-0.26039;0.1113;1.8613
-0.25797;0.10745;1.8511
-0.25527;0.10307;1.8409
-0.2523;0.098162;1.8308
-0.24908;0.092754;1.8209
-0.24563;0.086866;1.8111
-0.24194;0.080522;1.8015
-0.23804;0.073746;1.7922
-0.23394;0.066566;1.7832
-0.22967;0.059009;1.7746
-0.22523;0.051105;1.7662
-0.22064;0.042886;1.7583
-0.21592;0.034384;1.7508
-0.2111;0.025633;1.7438
-0.20618;0.016666;1.7372
-0.20119;0.0075202;1.7312
-0.19615;-0.0017692;1.7257
-0.19108;-0.011165;1.7207
-0.18599;-0.020631;1.7163
-0.18091;-0.03013;1.7125
-0.17587;-0.039623;1.7094
-0.17087;-0.049073;1.7068
-0.16593;-0.058444;1.7049
-0.16109;-0.067697;1.7036
-0.15635;-0.076798;1.7029
-0.15174;-0.085709;1.7029
-0.14727;-0.094395;1.7035
-0.14296;-0.10282;1.7048
-0.13882;-0.11096;1.7067
-0.13489;-0.11877;1.7093
-0.13116;-0.12623;1.7124
-0.12766;-0.1333;1.7162
-0.12439;-0.13996;1.7205
-0.12138;-0.14618;1.7255
-0.11863;-0.15194;1.731
-0.11615;-0.15721;1.737
-0.25995;0.099559;1.9956
-0.263;0.10369;1.9892
-0.26575;0.1073;1.9823
-0.2682;0.11038;1.975
-0.27033;0.1129;1.9672
-0.27214;0.11487;1.9591
-0.27361;0.11627;1.9506
-0.27475;0.11709;1.9417
-0.27554;0.11734;1.9325
-0.27599;0.11701;1.9231
-0.27609;0.11611;1.9135
-0.27584;0.11464;1.9037
-0.27525;0.1126;1.8937
-0.27431;0.11;1.8836
-0.27304;0.10685;1.8735
-0.27142;0.10317;1.8633
-0.26948;0.098964;1.8531
-0.26722;0.094256;1.843
-0.26464;0.089063;1.833
-0.26177;0.083404;1.8231
-0.2586;0.077302;1.8134
-0.25515;0.070782;1.8039
-0.25144;0.063869;1.7946
-0.24748;0.056589;1.7856
-0.24328;0.048973;1.777
-0.23887;0.041049;1.7686
-0.23425;0.03285;1.7607
-0.22945;0.024407;1.7532
-0.22449;0.015755;1.7462
-0.21939;0.0069261;1.7396
-0.21416;-0.0020437;1.7335
-0.20883;-0.011119;1.7279
-0.20342;-0.020264;1.7229
-0.19794;-0.029444;1.7184
-0.19243;-0.03862;1.7146
-0.1869;-0.047758;1.7113
-0.18137;-0.056822;1.7086
-0.17588;-0.065774;1.7066
-0.17042;-0.074581;1.7052
-0.16504;-0.083208;1.7044
-0.15975;-0.09162;1.7043
-0.15457;-0.099784;1.7048
-0.14953;-0.10767;1.706
-0.14463;-0.11524;1.7077
-0.13991;-0.12247;1.7101
-0.13538;-0.12933;1.7132
-0.13105;-0.1358;1.7168
-0.12695;-0.14184;1.721
-0.12309;-0.14744;1.7258
-0.11949;-0.15257;1.7311
-0.11615;-0.15721;1.737
-0.25995;0.099559;1.9956
-0.26381;0.10299;1.9894
-0.26736;0.10591;1.9828
-0.27061;0.10829;1.9757
-0.27352;0.11013;1.9682
-0.2761;0.11142;1.9603
-0.27834;0.11216;1.952
-0.28021;0.11234;1.9434
-0.28172;0.11197;1.9344
-0.28287;0.11104;1.9252
-0.28363;0.10955;1.9158
-0.28403;0.10752;1.9062
-0.28404;0.10496;1.8964
-0.28367;0.10186;1.8865
-0.28293;0.098252;1.8765
-0.28181;0.09414;1.8665
-0.28032;0.089543;1.8565
-0.27847;0.084478;1.8465
-0.27626;0.078967;1.8366
-0.2737;0.07303;1.8268
-0.27081;0.066691;1.8171
-0.26758;0.059975;1.8077
-0.26405;0.052908;1.7985
-0.26021;0.045519;1.7895
-0.25609;0.037837;1.7809
-0.2517;0.029891;1.7726
-0.24706;0.021714;1.7647
-0.24219;0.013337;1.7571
-0.2371;0.0047944;1.75
-0.23182;-0.0038814;1.7434
-0.22637;-0.012656;1.7372
-0.22077;-0.021494;1.7316
-0.21503;-0.03036;1.7265
-0.20919;-0.039221;1.7219
-0.20327;-0.048041;1.7179
-0.19729;-0.056785;1.7145
-0.19127;-0.065419;1.7117
-0.18523;-0.073908;1.7095
-0.17921;-0.08222;1.7079
-0.17323;-0.09032;1.7069
-0.1673;-0.098178;1.7066
-0.16145;-0.10576;1.7069
-0.15571;-0.11304;1.7079
-0.1501;-0.11999;1.7094
-0.14463;-0.12658;1.7116
-0.13934;-0.13278;1.7144
-0.13424;-0.13857;1.7178
-0.12935;-0.14393;1.7217
-0.1247;-0.14884;1.7263
-0.12029;-0.15327;1.7314
-0.11615;-0.15721;1.737
-0.25995;0.099559;1.9956
-0.26455;0.10223;1.9898
-0.26885;0.10439;1.9835
-0.27282;0.10602;1.9767
-0.27647;0.10712;1.9696
-0.27976;0.10769;1.962
-0.28269;0.10771;1.954
-0.28525;0.1072;1.9457
-0.28742;0.10614;1.9371
-0.28921;0.10456;1.9281
-0.29059;0.10245;1.919
-0.29157;0.099821;1.9096
-0.29214;0.096685;1.9001
-0.2923;0.093054;1.8904
-0.29205;0.088941;1.8807
-0.29138;0.084364;1.8709
-0.29031;0.07934;1.861
-0.28884;0.073889;1.8512
-0.28697;0.068033;1.8415
-0.2847;0.061794;1.8318
-0.28206;0.055198;1.8223
-0.27905;0.04827;1.8129
-0.27567;0.041038;1.8038
-0.27195;0.03353;1.7949
-0.2679;0.025777;1.7863
-0.26354;0.017807;1.778
-0.25887;0.0096539;1.7701
-0.25393;0.0013487;1.7625
-0.24873;-0.0070756;1.7553
-0.24329;-0.015586;1.7486
-0.23762;-0.024148;1.7424
-0.23177;-0.032729;1.7366
-0.22574;-0.041294;1.7314
-0.21956;-0.049811;1.7266
-0.21326;-0.058244;1.7225
-0.20686;-0.066561;1.7189
-0.20038;-0.07473;1.7159
-0.19386;-0.082717;1.7134
-0.18731;-0.090492;1.7116
-0.18077;-0.098023;1.7104
-0.17425;-0.10528;1.7098
-0.16779;-0.11224;1.7098
-0.16141;-0.11886;1.7105
-0.15514;-0.12514;1.7117
-0.14899;-0.13103;1.7136
-0.143;-0.13652;1.7161
-0.13719;-0.14158;1.7191
-0.13157;-0.1462;1.7228
-0.12618;-0.15035;1.727
-0.12104;-0.15403;1.7317
-0.11615;-0.15721;1.737
-0.25995;0.099559;1.9956
-0.26522;0.10143;1.9902
-0.27018;0.10278;1.9844
-0.27482;0.10362;1.978
-0.27911;0.10393;1.9713
-0.28305;0.10372;1.9641
-0.28661;0.10299;1.9565
-0.28978;0.10174;1.9486
-0.29255;0.099968;1.9403
-0.29491;0.097691;1.9318
-0.29685;0.094915;1.923
-0.29835;0.09165;1.914
-0.29942;0.08791;1.9048
-0.30006;0.083709;1.8954
-0.30025;0.079064;1.8859
-0.29999;0.073993;1.8764
-0.2993;0.068516;1.8668
-0.29817;0.062655;1.8572
-0.2966;0.056433;1.8476
-0.2946;0.049875;1.8381
-0.29218;0.043006;1.8288
-0.28936;0.035853;1.8195
-0.28613;0.028446;1.8105
-0.28251;0.020812;1.8017
-0.27853;0.012982;1.7931
-0.27418;0.0049878;1.7848
-0.2695;-0.0031403;1.7769
-0.26449;-0.01137;1.7693
-0.25918;-0.019668;1.762
-0.25359;-0.028002;1.7552
-0.24775;-0.03634;1.7489
-0.24166;-0.044648;1.7429
-0.23537;-0.052894;1.7375
-0.22889;-0.061044;1.7326
-0.22225;-0.069068;1.7282
-0.21547;-0.076933;1.7244
-0.20859;-0.084607;1.7211
-0.20162;-0.092062;1.7184
-0.1946;-0.099267;1.7163
-0.18755;-0.10619;1.7147
-0.18051;-0.11282;1.7138
-0.1735;-0.11911;1.7135
-0.16654;-0.12504;1.7137
-0.15967;-0.13059;1.7146
-0.15291;-0.13575;1.7161
-0.14629;-0.14048;1.7182
-0.13983;-0.14477;1.7208
-0.13357;-0.1486;1.724
-0.12752;-0.15196;1.7278
-0.1217;-0.15483;1.7321
-0.11615;-0.15721;1.737
-0.25995;0.099559;1.9956
-0.2658;0.10059;1.9907
-0.27134;0.10111;1.9854
-0.27656;0.10112;1.9795
-0.28142;0.10061;1.9733
-0.28592;0.099598;1.9666
-0.29003;0.098075;1.9595
-0.29373;0.096052;1.952
-0.29702;0.093536;1.9442
-0.29988;0.090536;1.9361
-0.3023;0.087066;1.9278
-0.30427;0.083139;1.9191
-0.30578;0.078769;1.9103
-0.30682;0.073975;1.9013
-0.3074;0.068775;1.8922
-0.30751;0.06319;1.8829
-0.30714;0.057242;1.8736
-0.3063;0.050954;1.8643
-0.305;0.044351;1.8549
-0.30323;0.03746;1.8457
-0.30101;0.030307;1.8365
-0.29835;0.02292;1.8274
-0.29525;0.01533;1.8184
-0.29172;0.0075646;1.8097
-0.28779;-0.00034394;1.8012
-0.28347;-0.0083649;1.7929
-0.27876;-0.016467;1.7849
-0.2737;-0.024617;1.7773
-0.2683;-0.032784;1.77
-0.26259;-0.040936;1.7631
-0.25658;-0.049039;1.7566
-0.2503;-0.057063;1.7505
-0.24377;-0.064976;1.7449
-0.23703;-0.072746;1.7397
-0.23009;-0.080342;1.7351
-0.22298;-0.087735;1.7309
-0.21574;-0.094896;1.7273
-0.20839;-0.1018;1.7243
-0.20096;-0.10841;1.7218
-0.19347;-0.11471;1.7199
-0.18597;-0.12066;1.7186
-0.17847;-0.12626;1.7178
-0.17101;-0.13147;1.7176
-0.16362;-0.13628;1.7181
-0.15633;-0.14066;1.7191
-0.14916;-0.1446;1.7207
-0.14214;-0.14809;1.7228
-0.13531;-0.1511;1.7255
-0.12868;-0.15363;1.7288
-0.12229;-0.15567;1.7327
-0.11615;-0.15721;1.737
-0.25995;0.099559;1.9956
-0.26629;0.099732;1.9913
-0.27232;0.099397;1.9865
-0.27802;0.098556;1.9813
-0.28336;0.097213;1.9756
-0.28832;0.095372;1.9694
-0.29289;0.093041;1.9629
-0.29705;0.090229;1.956
-0.30077;0.086948;1.9487
-0.30405;0.083209;1.9411
-0.30688;0.079028;1.9332
-0.30923;0.074422;1.925
-0.31111;0.069408;1.9166
-0.3125;0.064006;1.9081
-0.3134;0.058238;1.8993
-0.3138;0.052126;1.8904
-0.31371;0.045695;1.8814
-0.31312;0.03897;1.8724
-0.31204;0.031977;1.8633
-0.31047;0.024745;1.8543
-0.30841;0.017301;1.8453
-0.30588;0.0096745;1.8363
-0.30289;0.0018964;1.8275
-0.29944;-0.0060029;1.8189
-0.29556;-0.013992;1.8104
-0.29125;-0.02204;1.8022
-0.28653;-0.030115;1.7942
-0.28142;-0.038185;1.7865
-0.27595;-0.046217;1.7791
-0.27012;-0.054181;1.772
-0.26398;-0.062045;1.7654
-0.25753;-0.069778;1.7591
-0.25081;-0.07735;1.7532
-0.24384;-0.084729;1.7478
-0.23666;-0.091889;1.7429
-0.22928;-0.098799;1.7384
-0.22173;-0.10543;1.7345
-0.21406;-0.11176;1.731
-0.20628;-0.11777;1.7281
-0.19843;-0.12342;1.7258
-0.19054;-0.1287;1.724
-0.18264;-0.13359;1.7228
-0.17476;-0.13806;1.7221
-0.16693;-0.1421;1.722
-0.15919;-0.1457;1.7225
-0.15156;-0.14883;1.7235
-0.14408;-0.15149;1.7251
-0.13676;-0.15366;1.7273
-0.12965;-0.15535;1.73
-0.12278;-0.15653;1.7332
-0.11615;-0.15721;1.737
-0.25995;0.099559;1.9956
-0.26668;0.098866;1.9919
-0.27309;0.09767;1.9878
-0.27917;0.095974;1.9832
-0.28489;0.093785;1.9781
-0.29022;0.091113;1.9726
-0.29516;0.087968;1.9667
-0.29967;0.084361;1.9603
-0.30374;0.080308;1.9536
-0.30735;0.075824;1.9466
-0.31049;0.070927;1.9392
-0.31315;0.065636;1.9316
-0.31532;0.059973;1.9237
-0.31698;0.053959;1.9155
-0.31814;0.047618;1.9072
-0.31878;0.040976;1.8987
-0.3189;0.034058;1.8901
-0.31851;0.026893;1.8814
-0.31761;0.019507;1.8726
-0.31619;0.01193;1.8638
-0.31427;0.0041928;1.855
-0.31184;-0.0036749;1.8463
-0.30894;-0.011642;1.8376
-0.30555;-0.019677;1.8291
-0.3017;-0.027748;1.8207
-0.2974;-0.035823;1.8124
-0.29267;-0.04387;1.8044
-0.28753;-0.051858;1.7967
-0.28199;-0.059756;1.7892
-0.27608;-0.067531;1.782
-0.26983;-0.075153;1.7751
-0.26325;-0.082593;1.7686
-0.25638;-0.08982;1.7625
-0.24924;-0.096807;1.7568
-0.24185;-0.10353;1.7515
-0.23425;-0.10995;1.7467
-0.22648;-0.11605;1.7424
-0.21854;-0.12181;1.7385
-0.21049;-0.1272;1.7352
-0.20235;-0.13221;1.7323
-0.19416;-0.1368;1.73
-0.18594;-0.14097;1.7283
-0.17773;-0.1447;1.727
-0.16955;-0.14797;1.7264
-0.16146;-0.15077;1.7263
-0.15346;-0.15309;1.7267
-0.14561;-0.15492;1.7277
-0.13792;-0.15625;1.7292
-0.13043;-0.15707;1.7313
-0.12316;-0.1574;1.7339
-0.11615;-0.15721;1.737
-0.25995;0.099559;1.9956
-0.26696;0.098008;1.9926
-0.27365;0.095956;1.9892
-0.28;0.093412;1.9853
-0.28599;0.090385;1.9809
-0.29159;0.086888;1.976
-0.29679;0.082935;1.9708
-0.30155;0.07854;1.9651
-0.30587;0.073721;1.959
-0.30972;0.068498;1.9526
-0.3131;0.062891;1.9458
-0.31598;0.056921;1.9387
-0.31835;0.050614;1.9313
-0.32021;0.043993;1.9236
-0.32155;0.037084;1.9158
-0.32236;0.029915;1.9077
-0.32264;0.022515;1.8995
-0.32239;0.014912;1.8911
-0.32161;0.0071359;1.8827
-0.32031;-0.00078176;1.8741
-0.31848;-0.0088101;1.8656
-0.31613;-0.016917;1.857
-0.31329;-0.025072;1.8485
-0.30994;-0.033241;1.8401
-0.30612;-0.041393;1.8317
-0.30183;-0.049495;1.8235
-0.29709;-0.057515;1.8155
-0.29192;-0.065423;1.8077
-0.28634;-0.073186;1.8001
-0.28037;-0.080773;1.7927
-0.27404;-0.088156;1.7857
-0.26737;-0.095305;1.779
-0.26039;-0.10219;1.7726
-0.25312;-0.10879;1.7665
-0.24559;-0.11507;1.7609
-0.23784;-0.12101;1.7557
-0.22989;-0.12659;1.7509
-0.22177;-0.13178;1.7466
-0.21353;-0.13656;1.7428
-0.20518;-0.14092;1.7394
-0.19676;-0.14484;1.7366
-0.18831;-0.1483;1.7342
-0.17986;-0.15129;1.7324
-0.17144;-0.15379;1.7311
-0.16309;-0.1558;1.7303
-0.15483;-0.15731;1.7301
-0.14671;-0.15832;1.7304
-0.13875;-0.15881;1.7313
-0.13098;-0.15879;1.7327
-0.12344;-0.15825;1.7346
-0.11615;-0.15721;1.737
-0.25995;0.099559;1.9956
-0.26712;0.09717;1.9934
-0.27398;0.094283;1.9907
-0.28049;0.090911;1.9875
-0.28664;0.087066;1.9838
-0.29241;0.082764;1.9797
-0.29776;0.078022;1.9751
-0.30267;0.072857;1.9701
-0.30714;0.067292;1.9647
-0.31114;0.061347;1.9589
-0.31464;0.055046;1.9527
-0.31765;0.048414;1.9462
-0.32015;0.041478;1.9393
-0.32213;0.034264;1.9322
-0.32358;0.026801;1.9249
-0.32449;0.019118;1.9172
-0.32487;0.011246;1.9094
-0.3247;0.0032164;1.9014
-0.324;-0.00494;1.8933
-0.32276;-0.013191;1.8851
-0.32098;-0.021503;1.8768
-0.31869;-0.029844;1.8685
-0.31587;-0.038181;1.8601
-0.31256;-0.046482;1.8518
-0.30875;-0.054712;1.8435
-0.30446;-0.062841;1.8353
-0.29972;-0.070835;1.8273
-0.29453;-0.078663;1.8194
-0.28893;-0.086295;1.8117
-0.28292;-0.0937;1.8042
-0.27655;-0.10085;1.7969
-0.26982;-0.10771;1.7899
-0.26277;-0.11427;1.7832
-0.25543;-0.12048;1.7769
-0.24782;-0.12634;1.7709
-0.23997;-0.13181;1.7653
-0.23192;-0.13687;1.76
-0.22369;-0.14151;1.7552
-0.21533;-0.1457;1.7509
-0.20686;-0.14943;1.7469
-0.19831;-0.15268;1.7435
-0.18972;-0.15545;1.7405
-0.18113;-0.15772;1.7381
-0.17256;-0.15947;1.7361
-0.16406;-0.16072;1.7347
-0.15565;-0.16144;1.7338
-0.14736;-0.16164;1.7334
-0.13924;-0.16131;1.7335
-0.13131;-0.16046;1.7341
-0.12361;-0.15909;1.7353
-0.11615;-0.15721;1.737
-0.25995;0.099559;1.9956
-0.26717;0.096365;1.9942
-0.27408;0.092678;1.9922
-0.28064;0.088511;1.9898
-0.28684;0.083881;1.9869
-0.29265;0.078806;1.9835
-0.29805;0.073306;1.9796
-0.30301;0.067403;1.9753
-0.30752;0.061121;1.9706
-0.31156;0.054483;1.9654
-0.31511;0.047517;1.9599
-0.31816;0.040249;1.954
-0.3207;0.032709;1.9478
-0.32271;0.024926;1.9412
-0.32419;0.016931;1.9343
-0.32514;0.0087549;1.9272
-0.32554;0.00043076;1.9198
-0.3254;-0.0080088;1.9122
-0.32472;-0.016531;1.9044
-0.3235;-0.025101;1.8965
-0.32174;-0.033686;1.8885
-0.31946;-0.042251;1.8803
-0.31666;-0.050764;1.8722
-0.31335;-0.05919;1.864
-0.30954;-0.067497;1.8558
-0.30526;-0.07565;1.8476
-0.30051;-0.083619;1.8395
-0.29533;-0.091372;1.8316
-0.28971;-0.098878;1.8237
-0.2837;-0.10611;1.816
-0.27731;-0.11303;1.8086
-0.27056;-0.11962;1.8013
-0.26349;-0.12586;1.7943
-0.25613;-0.13171;1.7876
-0.24849;-0.13715;1.7812
-0.24061;-0.14217;1.7752
-0.23253;-0.14674;1.7695
-0.22428;-0.15084;1.7642
-0.21588;-0.15447;1.7593
-0.20736;-0.15759;1.7548
-0.19878;-0.16021;1.7507
-0.19015;-0.16231;1.7471
-0.18151;-0.16389;1.744
-0.1729;-0.16493;1.7414
-0.16435;-0.16543;1.7392
-0.15589;-0.1654;1.7376
-0.14756;-0.16482;1.7364
-0.13939;-0.16371;1.7358
-0.13141;-0.16207;1.7357
-0.12366;-0.1599;1.7361
-0.11615;-0.15721;1.737
-0.25995;0.099559;1.9956
-0.26711;0.095608;1.9949
-0.27394;0.091165;1.9938
-0.28045;0.086249;1.9921
-0.28658;0.080879;1.99
-0.29233;0.075076;1.9874
-0.29766;0.068862;1.9843
-0.30257;0.062264;1.9807
-0.30702;0.055305;1.9766
-0.311;0.048015;1.9722
-0.3145;0.040421;1.9673
-0.31749;0.032555;1.962
-0.31998;0.024446;1.9564
-0.32195;0.016126;1.9503
-0.32338;0.0076296;1.944
-0.32429;-0.0010109;1.9373
-0.32465;-0.0097613;1.9304
-0.32448;-0.018587;1.9232
-0.32377;-0.027453;1.9158
-0.32252;-0.036324;1.9082
-0.32074;-0.045166;1.9004
-0.31844;-0.053943;1.8925
-0.31563;-0.062622;1.8845
-0.31231;-0.071166;1.8764
-0.3085;-0.079544;1.8683
-0.30421;-0.087722;1.8602
-0.29947;-0.095667;1.8521
-0.29428;-0.10335;1.844
-0.28868;-0.11074;1.8361
-0.28268;-0.1178;1.8282
-0.27631;-0.12451;1.8205
-0.26959;-0.13085;1.813
-0.26254;-0.13678;1.8057
-0.25521;-0.14229;1.7987
-0.2476;-0.14735;1.7919
-0.23977;-0.15194;1.7854
-0.23172;-0.15604;1.7792
-0.22351;-0.15964;1.7733
-0.21516;-0.16273;1.7679
-0.2067;-0.16529;1.7628
-0.19816;-0.16731;1.7581
-0.18959;-0.16878;1.7539
-0.18101;-0.1697;1.7501
-0.17245;-0.17007;1.7467
-0.16396;-0.16988;1.7438
-0.15557;-0.16913;1.7414
-0.1473;-0.16782;1.7395
-0.13919;-0.16597;1.7381
-0.13128;-0.16358;1.7373
-0.12359;-0.16066;1.7369
-0.11615;-0.15721;1.737
-0.25995;0.099559;1.9956
-0.26692;0.094908;1.9957
-0.27358;0.089768;1.9954
-0.27991;0.084161;1.9945
-0.28586;0.078108;1.9931
-0.29144;0.071632;1.9913
-0.2966;0.064761;1.9889
-0.30134;0.057519;1.9861
-0.30563;0.049937;1.9827
-0.30946;0.042045;1.979
-0.3128;0.033872;1.9747
-0.31566;0.025452;1.9701
-0.31801;0.016818;1.965
-0.31985;0.0080039;1.9596
-0.32116;-0.00095572;1.9538
-0.32196;-0.010025;1.9476
-0.32222;-0.019169;1.9411
-0.32196;-0.028351;1.9343
-0.32116;-0.037535;1.9273
-0.31984;-0.046684;1.92
-0.318;-0.055763;1.9125
-0.31565;-0.064736;1.9048
-0.3128;-0.073567;1.897
-0.30945;-0.082221;1.889
-0.30562;-0.090665;1.881
-0.30133;-0.098864;1.8728
-0.29659;-0.10679;1.8647
-0.29142;-0.1144;1.8566
-0.28585;-0.12168;1.8485
-0.27989;-0.12859;1.8405
-0.27357;-0.13511;1.8326
-0.26691;-0.14121;1.8248
-0.25994;-0.14686;1.8172
-0.25268;-0.15205;1.8098
-0.24517;-0.15675;1.8026
-0.23743;-0.16095;1.7956
-0.2295;-0.16463;1.7889
-0.22141;-0.16777;1.7826
-0.21318;-0.17036;1.7765
-0.20486;-0.17239;1.7709
-0.19647;-0.17386;1.7655
-0.18804;-0.17475;1.7606
-0.17962;-0.17507;1.7562
-0.17123;-0.17481;1.7521
-0.1629;-0.17398;1.7485
-0.15468;-0.17257;1.7454
-0.14658;-0.17059;1.7427
-0.13865;-0.16806;1.7405
-0.13092;-0.16498;1.7388
-0.12341;-0.16135;1.7377
-0.11615;-0.15721;1.737
-0.25995;0.099559;1.9956
-0.26663;0.094278;1.9965
-0.273;0.08851;1.997
-0.27903;0.08228;1.9969
-0.2847;0.075611;1.9963
-0.29;0.06853;1.9952
-0.29489;0.061065;1.9935
-0.29935;0.053245;1.9914
-0.30338;0.045102;1.9888
-0.30696;0.036666;1.9857
-0.31006;0.027972;1.9821
-0.31268;0.019054;1.9781
-0.31481;0.0099468;1.9736
-0.31644;0.00068662;1.9687
-0.31757;-0.00869;1.9634
-0.31818;-0.018146;1.9578
-0.31828;-0.027644;1.9517
-0.31786;-0.037147;1.9453
-0.31694;-0.046617;1.9386
-0.3155;-0.056017;1.9317
-0.31356;-0.06531;1.9244
-0.31113;-0.074458;1.917
-0.30821;-0.083427;1.9093
-0.30482;-0.09218;1.9015
-0.30096;-0.10068;1.8935
-0.29666;-0.1089;1.8854
-0.29193;-0.11681;1.8773
-0.28679;-0.12436;1.8691
-0.28126;-0.13154;1.8608
-0.27537;-0.13831;1.8527
-0.26913;-0.14466;1.8445
-0.26257;-0.15054;1.8365
-0.25571;-0.15594;1.8285
-0.24859;-0.16085;1.8208
-0.24123;-0.16523;1.8132
-0.23366;-0.16907;1.8058
-0.22591;-0.17236;1.7986
-0.21801;-0.17508;1.7917
-0.20999;-0.17723;1.7851
-0.20188;-0.17879;1.7789
-0.19372;-0.17976;1.7729
-0.18554;-0.18013;1.7674
-0.17737;-0.17991;1.7622
-0.16924;-0.17909;1.7574
-0.16118;-0.17767;1.7531
-0.15323;-0.17567;1.7492
-0.14542;-0.17309;1.7458
-0.13778;-0.16994;1.7429
-0.13033;-0.16623;1.7404
-0.12312;-0.16198;1.7385
-0.11615;-0.15721;1.737
-0.25995;0.099559;1.9956
-0.26623;0.093727;1.9973
-0.2722;0.087411;1.9985
-0.27784;0.080636;1.9992
-0.28312;0.073429;1.9993
-0.28802;0.065819;1.999
-0.29254;0.057835;1.9981
-0.29664;0.049509;1.9966
-0.30031;0.040874;1.9947
-0.30354;0.031964;1.9923
-0.30631;0.022814;1.9893
-0.30861;0.013461;1.9859
-0.31044;0.0039399;1.982
-0.31179;-0.0057101;1.9777
-0.31265;-0.015451;1.9729
-0.31302;-0.025245;1.9677
-0.31289;-0.035053;1.9621
-0.31227;-0.044837;1.9561
-0.31116;-0.054557;1.9497
-0.30957;-0.064176;1.9431
-0.30749;-0.073655;1.9361
-0.30495;-0.082957;1.9288
-0.30194;-0.092046;1.9213
-0.29849;-0.10089;1.9136
-0.29459;-0.10944;1.9057
-0.29028;-0.11768;1.8977
-0.28556;-0.12556;1.8895
-0.28046;-0.13307;1.8812
-0.275;-0.14016;1.8729
-0.26919;-0.14681;1.8645
-0.26306;-0.153;1.8562
-0.25663;-0.1587;1.8479
-0.24994;-0.16388;1.8396
-0.243;-0.16854;1.8315
-0.23584;-0.17264;1.8235
-0.2285;-0.17617;1.8157
-0.22099;-0.17912;1.8081
-0.21335;-0.18148;1.8007
-0.20562;-0.18324;1.7935
-0.19782;-0.18438;1.7867
-0.18997;-0.18492;1.7801
-0.18212;-0.18483;1.7739
-0.1743;-0.18413;1.7681
-0.16652;-0.18282;1.7627
-0.15884;-0.1809;1.7576
-0.15126;-0.17838;1.753
-0.14384;-0.17527;1.7489
-0.13658;-0.17159;1.7452
-0.12953;-0.16733;1.742
-0.12272;-0.16254;1.7392
-0.11615;-0.15721;1.737
-0.25995;0.099559;1.9956
-0.26573;0.093264;1.998
-0.2712;0.086486;2
-0.27634;0.079254;2.0014
-0.28113;0.071595;2.0023
-0.28555;0.06354;2.0026
-0.28959;0.055121;2.0024
-0.29323;0.04637;2.0016
-0.29646;0.037322;2.0004
-0.29925;0.028013;1.9986
-0.30161;0.01848;1.9963
-0.30352;0.0087603;1.9934
-0.30497;-0.0011078;1.9901
-0.30597;-0.011085;1.9863
-0.30649;-0.021133;1.982
-0.30655;-0.031211;1.9772
-0.30614;-0.041279;1.972
-0.30527;-0.051298;1.9664
-0.30393;-0.061229;1.9604
-0.30214;-0.071032;1.954
-0.29989;-0.080668;1.9473
-0.29721;-0.0901;1.9402
-0.29409;-0.099289;1.9329
-0.29056;-0.1082;1.9253
-0.28662;-0.1168;1.9175
-0.28229;-0.12505;1.9094
-0.27759;-0.13292;1.9012
-0.27253;-0.14038;1.8929
-0.26715;-0.1474;1.8844
-0.26145;-0.15396;1.8759
-0.25546;-0.16001;1.8674
-0.2492;-0.16555;1.8588
-0.24271;-0.17056;1.8503
-0.23599;-0.175;1.8418
-0.22909;-0.17886;1.8334
-0.22203;-0.18214;1.8252
-0.21483;-0.1848;1.8171
-0.20753;-0.18686;1.8092
-0.20015;-0.18828;1.8016
-0.19272;-0.18908;1.7942
-0.18527;-0.18925;1.7871
-0.17784;-0.18878;1.7802
-0.17045;-0.18769;1.7738
-0.16312;-0.18596;1.7677
-0.15589;-0.18362;1.762
-0.14879;-0.18066;1.7567
-0.14185;-0.17711;1.7518
-0.13509;-0.17297;1.7474
-0.12853;-0.16826;1.7434
-0.12221;-0.163;1.74
-0.11615;-0.15721;1.737
-0.25995;0.099559;1.9956
-0.26513;0.092896;1.9987
-0.27001;0.085752;2.0014
-0.27456;0.078157;2.0035
-0.27877;0.070139;2.005
-0.28262;0.061731;2.006
-0.2861;0.052965;2.0065
-0.2892;0.043876;2.0064
-0.29189;0.034501;2.0057
-0.29417;0.024875;2.0045
-0.29604;0.015038;2.0028
-0.29748;0.0050274;2.0005
-0.29848;-0.0051166;1.9977
-0.29906;-0.015354;1.9943
-0.29919;-0.025645;1.9905
-0.29888;-0.035948;1.9862
-0.29814;-0.046224;1.9814
-0.29696;-0.05643;1.9761
-0.29535;-0.066528;1.9704
-0.29332;-0.076477;1.9643
-0.29088;-0.086238;1.9578
-0.28803;-0.095772;1.951
-0.28478;-0.10504;1.9438
-0.28115;-0.11401;1.9363
-0.27715;-0.12264;1.9285
-0.27281;-0.13091;1.9205
-0.26813;-0.13877;1.9123
-0.26313;-0.14619;1.9039
-0.25783;-0.15316;1.8953
-0.25226;-0.15963;1.8867
-0.24644;-0.16558;1.8779
-0.24039;-0.171;1.8691
-0.23413;-0.17585;1.8603
-0.22769;-0.18013;1.8515
-0.22109;-0.18381;1.8428
-0.21436;-0.18687;1.8342
-0.20753;-0.18932;1.8257
-0.20062;-0.19112;1.8173
-0.19366;-0.19229;1.8092
-0.18668;-0.19282;1.8012
-0.1797;-0.19269;1.7936
-0.17276;-0.19192;1.7862
-0.16588;-0.19051;1.7791
-0.15908;-0.18846;1.7724
-0.1524;-0.18577;1.766
-0.14586;-0.18247;1.7601
-0.13949;-0.17856;1.7546
-0.13331;-0.17406;1.7495
-0.12734;-0.16899;1.7448
-0.12162;-0.16337;1.7407
-0.11615;-0.15721;1.737
-0.25995;0.099559;1.9956
-0.26445;0.092629;1.9994
-0.26865;0.08522;2.0026
-0.27253;0.077361;2.0054
-0.27608;0.069083;2.0076
-0.27928;0.060418;2.0092
-0.28212;0.051402;2.0102
-0.28459;0.042068;2.0107
-0.28668;0.032455;2.0106
-0.28838;0.0226;2.01
-0.28968;0.012542;2.0088
-0.29058;0.0023207;2.007
-0.29108;-0.0080234;2.0047
-0.29117;-0.01845;2.0018
-0.29085;-0.028917;1.9984
-0.29013;-0.039384;1.9944
-0.28901;-0.049809;1.99
-0.28748;-0.060151;1.9851
-0.28557;-0.07037;1.9797
-0.28327;-0.080425;1.9738
-0.28059;-0.090276;1.9676
-0.27755;-0.099885;1.9609
-0.27415;-0.10921;1.9538
-0.27042;-0.11822;1.9465
-0.26636;-0.12688;1.9387
-0.26199;-0.13515;1.9308
-0.25733;-0.143;1.9225
-0.2524;-0.15041;1.914
-0.24721;-0.15733;1.9054
-0.24179;-0.16374;1.8966
-0.23615;-0.16962;1.8877
-0.23033;-0.17495;1.8786
-0.22434;-0.1797;1.8696
-0.21821;-0.18385;1.8605
-0.21196;-0.18739;1.8514
-0.20561;-0.19031;1.8425
-0.19919;-0.19259;1.8336
-0.19273;-0.19422;1.8248
-0.18626;-0.1952;1.8162
-0.17978;-0.19552;1.8078
-0.17335;-0.19519;1.7996
-0.16697;-0.1942;1.7917
-0.16067;-0.19255;1.7841
-0.15448;-0.19026;1.7768
-0.14842;-0.18734;1.7698
-0.14252;-0.18378;1.7633
-0.1368;-0.17962;1.7571
-0.13128;-0.17486;1.7514
-0.12599;-0.16952;1.7461
-0.12094;-0.16363;1.7413
-0.11615;-0.15721;1.737
-0.25995;0.099559;1.9956
-0.2637;0.092468;2
-0.26715;0.084898;2.0038
-0.27029;0.07688;2.0071
-0.2731;0.068444;2.0098
-0.27558;0.059624;2.012
-0.27771;0.050456;2.0136
-0.27949;0.040974;2.0146
-0.28091;0.031217;2.0151
-0.28196;0.021223;2.0149
-0.28264;0.011032;2.0142
-0.28295;0.00068288;2.0129
-0.28288;-0.0097824;2.011
-0.28244;-0.020323;2.0085
-0.28162;-0.030897;2.0055
-0.28044;-0.041463;2.0019
-0.27889;-0.051978;1.9978
-0.27698;-0.062403;1.9931
-0.27473;-0.072695;1.988
-0.27213;-0.082814;1.9824
-0.2692;-0.09272;1.9763
-0.26594;-0.10237;1.9698
-0.26238;-0.11174;1.9629
-0.25853;-0.12077;1.9556
-0.2544;-0.12945;1.9479
-0.25001;-0.13772;1.94
-0.24537;-0.14557;1.9317
-0.24051;-0.15295;1.9232
-0.23544;-0.15985;1.9144
-0.23018;-0.16623;1.9055
-0.22476;-0.17207;1.8964
-0.21919;-0.17734;1.8872
-0.2135;-0.18202;1.8779
-0.20771;-0.1861;1.8686
-0.20184;-0.18956;1.8592
-0.19592;-0.19239;1.8499
-0.18996;-0.19457;1.8407
-0.184;-0.19609;1.8315
-0.17805;-0.19696;1.8225
-0.17215;-0.19716;1.8136
-0.1663;-0.1967;1.805
-0.16054;-0.19557;1.7966
-0.1549;-0.19379;1.7885
-0.14938;-0.19136;1.7807
-0.14401;-0.18828;1.7732
-0.13882;-0.18458;1.7661
-0.13382;-0.18026;1.7594
-0.12904;-0.17534;1.7531
-0.12449;-0.16985;1.7473
-0.12019;-0.16379;1.7419
-0.11615;-0.15721;1.737
-0.25995;0.099559;1.9956
-0.26289;0.092414;2.0005
-0.26553;0.084791;2.0048
-0.26786;0.07672;2.0086
-0.26988;0.068232;2.0118
-0.27158;0.059361;2.0145
-0.27294;0.050142;2.0166
-0.27397;0.040611;2.0181
-0.27466;0.030807;2.019
-0.27501;0.020767;2.0192
-0.27502;0.010531;2.0189
-0.27469;0.00013972;2.018
-0.27401;-0.010366;2.0165
-0.27299;-0.020944;2.0144
-0.27164;-0.031553;2.0117
-0.26995;-0.042152;2.0084
-0.26795;-0.052698;2.0046
-0.26563;-0.06315;2.0002
-0.263;-0.073466;1.9953
-0.26008;-0.083606;1.9899
-0.25687;-0.09353;1.984
-0.25339;-0.1032;1.9776
-0.24966;-0.11257;1.9708
-0.24568;-0.12162;1.9636
-0.24147;-0.1303;1.956
-0.23705;-0.13857;1.948
-0.23244;-0.14642;1.9397
-0.22765;-0.1538;1.9312
-0.22271;-0.16069;1.9224
-0.21763;-0.16705;1.9133
-0.21243;-0.17288;1.9041
-0.20714;-0.17813;1.8947
-0.20177;-0.18279;1.8852
-0.19635;-0.18685;1.8756
-0.1909;-0.19028;1.866
-0.18543;-0.19308;1.8564
-0.17998;-0.19522;1.8469
-0.17455;-0.19671;1.8374
-0.16918;-0.19754;1.828
-0.16389;-0.1977;1.8188
-0.15869;-0.1972;1.8097
-0.1536;-0.19603;1.8009
-0.14865;-0.1942;1.7924
-0.14386;-0.19172;1.7841
-0.13924;-0.1886;1.7762
-0.13481;-0.18484;1.7686
-0.1306;-0.18047;1.7614
-0.12661;-0.1755;1.7546
-0.12286;-0.16995;1.7483
-0.11937;-0.16385;1.7424
-0.11615;-0.15721;1.737
-0.25995;0.099559;1.9956
-0.26203;0.09247;2.0009
-0.26381;0.084902;2.0057
-0.26529;0.076885;2.0099
-0.26646;0.068451;2.0135
-0.26733;0.059633;2.0166
-0.26789;0.050465;2.0191
-0.26813;0.040985;2.021
-0.26805;0.03123;2.0222
-0.26766;0.021237;2.0229
-0.26695;0.011047;2.0229
-0.26593;0.00069982;2.0223
-0.26461;-0.0097642;2.0211
-0.26298;-0.020303;2.0193
-0.26106;-0.030876;2.0169
-0.25885;-0.041441;2.0139
-0.25635;-0.051956;2.0103
-0.25359;-0.06238;2.0061
-0.25058;-0.072671;2.0014
-0.24731;-0.082789;1.9962
-0.24381;-0.092694;1.9904
-0.24009;-0.10235;1.9842
-0.23617;-0.11171;1.9774
-0.23205;-0.12075;1.9703
-0.22776;-0.12942;1.9627
-0.22332;-0.1377;1.9548
-0.21873;-0.14554;1.9465
-0.21403;-0.15293;1.9379
-0.20922;-0.15982;1.929
-0.20433;-0.1662;1.9199
-0.19937;-0.17204;1.9105
-0.19437;-0.17731;1.901
-0.18935;-0.182;1.8913
-0.18432;-0.18608;1.8816
-0.1793;-0.18954;1.8717
-0.17432;-0.19237;1.8619
-0.1694;-0.19455;1.8521
-0.16454;-0.19607;1.8423
-0.15978;-0.19694;1.8326
-0.15513;-0.19714;1.8231
-0.15061;-0.19668;1.8137
-0.14624;-0.19556;1.8045
-0.14204;-0.19378;1.7956
-0.13801;-0.19135;1.787
-0.13419;-0.18827;1.7787
-0.13057;-0.18457;1.7707
-0.12718;-0.18025;1.7631
-0.12404;-0.17534;1.7559
-0.12114;-0.16984;1.7491
-0.11851;-0.16379;1.7428
-0.11615;-0.15721;1.737
-0.25995;0.099559;1.9956
-0.26113;0.092633;2.0012
-0.26202;0.085227;2.0063
-0.26261;0.077371;2.0109
-0.26291;0.069096;2.0149
-0.26292;0.060435;2.0183
-0.26263;0.051421;2.0211
-0.26204;0.042091;2.0232
-0.26117;0.03248;2.0248
-0.26;0.022628;2.0258
-0.25855;0.012573;2.0261
-0.25682;0.0023543;2.0257
-0.25483;-0.0079873;2.0248
-0.25256;-0.018411;2.0232
-0.25005;-0.028876;2.021
-0.24729;-0.039341;2.0182
-0.24429;-0.049764;2.0148
-0.24107;-0.060105;2.0108
-0.23765;-0.070322;2.0063
-0.23403;-0.080376;2.0012
-0.23022;-0.090226;1.9955
-0.22625;-0.099834;1.9894
-0.22213;-0.10916;1.9827
-0.21788;-0.11817;1.9756
-0.2135;-0.12683;1.9681
-0.20903;-0.1351;1.9602
-0.20448;-0.14295;1.9519
-0.19985;-0.15035;1.9432
-0.19519;-0.15727;1.9343
-0.19049;-0.16369;1.9251
-0.18579;-0.16957;1.9156
-0.18109;-0.1749;1.906
-0.17642;-0.17965;1.8962
-0.1718;-0.1838;1.8863
-0.16724;-0.18735;1.8763
-0.16276;-0.19027;1.8662
-0.15839;-0.19255;1.8562
-0.15413;-0.19418;1.8462
-0.15;-0.19516;1.8363
-0.14603;-0.19549;1.8265
-0.14222;-0.19516;1.8169
-0.13859;-0.19417;1.8074
-0.13515;-0.19253;1.7982
-0.13193;-0.19024;1.7893
-0.12893;-0.18732;1.7806
-0.12616;-0.18377;1.7723
-0.12363;-0.17961;1.7644
-0.12136;-0.17485;1.7569
-0.11935;-0.16952;1.7498
-0.11761;-0.16363;1.7432
-0.11615;-0.15721;1.737
-0.25995;0.099559;1.9956
-0.26021;0.092901;2.0015
-0.26018;0.085762;2.0068
-0.25987;0.078171;2.0116
-0.25928;0.070158;2.0158
-0.2584;0.061755;2.0195
-0.25725;0.052994;2.0225
-0.25582;0.043909;2.0249
-0.25412;0.034538;2.0267
-0.25217;0.024917;2.0278
-0.24996;0.015084;2.0283
-0.24751;0.0050772;2.0282
-0.24482;-0.0050632;2.0275
-0.24191;-0.015297;2.0261
-0.23878;-0.025585;2.024
-0.23546;-0.035885;2.0214
-0.23195;-0.046158;2.0181
-0.22826;-0.056362;2.0142
-0.22442;-0.066457;2.0098
-0.22043;-0.076404;2.0048
-0.21632;-0.086163;1.9992
-0.21209;-0.095696;1.9931
-0.20777;-0.10497;1.9865
-0.20337;-0.11393;1.9795
-0.19891;-0.12257;1.972
-0.19441;-0.13083;1.964
-0.18989;-0.13869;1.9557
-0.18535;-0.14612;1.9471
-0.18083;-0.15308;1.9381
-0.17633;-0.15955;1.9288
-0.17188;-0.16551;1.9193
-0.1675;-0.17093;1.9096
-0.16319;-0.17578;1.8997
-0.15899;-0.18006;1.8897
-0.1549;-0.18374;1.8796
-0.15094;-0.18681;1.8694
-0.14712;-0.18926;1.8592
-0.14347;-0.19107;1.849
-0.13999;-0.19224;1.839
-0.13671;-0.19277;1.829
-0.13362;-0.19265;1.8192
-0.13075;-0.19188;1.8095
-0.12811;-0.19047;1.8001
-0.1257;-0.18842;1.7909
-0.12354;-0.18574;1.7821
-0.12164;-0.18245;1.7735
-0.11999;-0.17854;1.7654
-0.11862;-0.17405;1.7576
-0.11752;-0.16898;1.7503
-0.1167;-0.16336;1.7434
-0.11615;-0.15721;1.737
-0.25995;0.099559;1.9956
-0.25929;0.09327;2.0016
-0.25834;0.086499;2.0071
-0.25711;0.079273;2.012
-0.25562;0.071621;2.0164
-0.25385;0.063572;2.0202
-0.25183;0.055158;2.0234
-0.24955;0.046413;2.0259
-0.24703;0.037371;2.0278
-0.24428;0.028068;2.0291
-0.24131;0.01854;2.0297
-0.23812;0.0088255;2.0297
-0.23474;-0.0010378;2.0291
-0.23118;-0.011011;2.0278
-0.22744;-0.021054;2.0258
-0.22355;-0.031128;2.0233
-0.21952;-0.041193;2.0201
-0.21537;-0.051209;2.0163
-0.2111;-0.061137;2.0119
-0.20675;-0.070937;2.007
-0.20232;-0.080571;2.0014
-0.19784;-0.090001;1.9954
-0.19331;-0.099189;1.9888
-0.18877;-0.1081;1.9818
-0.18422;-0.1167;1.9743
-0.17969;-0.12495;1.9664
-0.1752;-0.13282;1.9581
-0.17075;-0.14028;1.9494
-0.16637;-0.1473;1.9404
-0.16208;-0.15386;1.9311
-0.15788;-0.15992;1.9215
-0.15381;-0.16546;1.9118
-0.14988;-0.17046;1.9018
-0.14609;-0.17491;1.8917
-0.14247;-0.17878;1.8815
-0.13903;-0.18205;1.8713
-0.13578;-0.18472;1.861
-0.13274;-0.18678;1.8508
-0.12992;-0.18821;1.8406
-0.12733;-0.18902;1.8305
-0.12497;-0.18919;1.8205
-0.12287;-0.18873;1.8108
-0.12102;-0.18764;1.8012
-0.11944;-0.18592;1.7919
-0.11813;-0.18358;1.7829
-0.11709;-0.18063;1.7743
-0.11633;-0.17708;1.766
-0.11586;-0.17295;1.7581
-0.11567;-0.16825;1.7506
-0.11577;-0.16299;1.7435
-0.11615;-0.15721;1.737
-0.25995;0.099559;1.9956
-0.25837;0.093734;2.0017
-0.25651;0.087426;2.0072
-0.25438;0.080659;2.0122
-0.25199;0.07346;2.0166
-0.24934;0.065857;2.0204
-0.24646;0.057881;2.0236
-0.24334;0.049562;2.0262
-0.24;0.040934;2.0282
-0.23646;0.032031;2.0295
-0.23273;0.022888;2.0302
-0.22883;0.01354;2.0302
-0.22476;0.0040252;2.0296
-0.22054;-0.0056192;2.0283
-0.2162;-0.015355;2.0264
-0.21175;-0.025144;2.0239
-0.2072;-0.034948;2.0207
-0.20258;-0.044728;2.017
-0.1979;-0.054444;2.0126
-0.19319;-0.06406;2.0077
-0.18845;-0.073537;2.0022
-0.18371;-0.082837;1.9961
-0.17899;-0.091924;1.9896
-0.1743;-0.10076;1.9826
-0.16967;-0.10932;1.9751
-0.16511;-0.11755;1.9672
-0.16064;-0.12544;1.9588
-0.15628;-0.13294;1.9502
-0.15204;-0.14004;1.9411
-0.14795;-0.14669;1.9318
-0.14401;-0.15288;1.9223
-0.14025;-0.15858;1.9125
-0.13668;-0.16377;1.9025
-0.13331;-0.16843;1.8924
-0.13015;-0.17253;1.8822
-0.12723;-0.17607;1.8719
-0.12454;-0.17903;1.8616
-0.12211;-0.18139;1.8513
-0.11993;-0.18315;1.8411
-0.11803;-0.1843;1.831
-0.1164;-0.18484;1.821
-0.11505;-0.18477;1.8112
-0.11399;-0.18407;1.8016
-0.11323;-0.18277;1.7923
-0.11276;-0.18086;1.7832
-0.11258;-0.17834;1.7745
-0.11271;-0.17524;1.7662
-0.11313;-0.17156;1.7582
-0.11385;-0.16732;1.7507
-0.11486;-0.16253;1.7436
-0.11615;-0.15721;1.737
-0.25995;0.099559;1.9956
-0.25748;0.094287;2.0016
-0.25473;0.088529;2.0071
-0.25171;0.082307;2.012
-0.24845;0.075647;2.0164
-0.24495;0.068575;2.0202
-0.24122;0.061119;2.0233
-0.23728;0.053307;2.0259
-0.23315;0.045172;2.0278
-0.22884;0.036744;2.0291
-0.22437;0.028057;2.0297
-0.21976;0.019146;2.0297
-0.21502;0.010046;2.029
-0.21017;0.00079246;2.0277
-0.20524;-0.0085781;2.0258
-0.20024;-0.018029;2.0232
-0.19519;-0.027522;2.02
-0.19012;-0.03702;2.0162
-0.18503;-0.046486;2.0119
-0.17996;-0.055882;2.0069
-0.17492;-0.065172;2.0014
-0.16993;-0.074318;1.9953
-0.16501;-0.083284;1.9888
-0.16019;-0.092036;1.9818
-0.15547;-0.10054;1.9743
-0.15088;-0.10876;1.9663
-0.14644;-0.11666;1.958
-0.14216;-0.12422;1.9493
-0.13807;-0.1314;1.9403
-0.13417;-0.13817;1.931
-0.13048;-0.14452;1.9215
-0.12702;-0.15041;1.9117
-0.12381;-0.15581;1.9018
-0.12084;-0.16072;1.8917
-0.11814;-0.16511;1.8815
-0.11572;-0.16895;1.8712
-0.11358;-0.17225;1.861
-0.11174;-0.17498;1.8507
-0.11019;-0.17713;1.8405
-0.10896;-0.1787;1.8304
-0.10804;-0.17967;1.8205
-0.10743;-0.18005;1.8107
-0.10714;-0.17984;1.8012
-0.10717;-0.17902;1.7919
-0.10752;-0.17762;1.7829
-0.10819;-0.17563;1.7742
-0.10917;-0.17305;1.7659
-0.11046;-0.16991;1.758
-0.11206;-0.16622;1.7506
-0.11396;-0.16198;1.7435
-0.11615;-0.15721;1.737
-0.25995;0.099559;1.9956
-0.25662;0.094918;2.0015
-0.25302;0.089789;2.0068
-0.24916;0.084192;2.0116
-0.24506;0.078148;2.0158
-0.24073;0.071683;2.0194
-0.2362;0.064821;2.0224
-0.23148;0.057589;2.0249
-0.22658;0.050016;2.0266
-0.22153;0.042132;2.0278
-0.21636;0.033968;2.0283
-0.21106;0.025556;2.0282
-0.20568;0.01693;2.0274
-0.20023;0.008123;2.026
-0.19473;-0.00082981;2.0239
-0.18921;-0.0098931;2.0213
-0.18368;-0.019031;2.018
-0.17817;-0.028208;2.0141
-0.17269;-0.037387;2.0097
-0.16728;-0.046532;2.0047
-0.16195;-0.055608;1.9991
-0.15672;-0.064577;1.993
-0.15161;-0.073406;1.9864
-0.14665;-0.082059;1.9794
-0.14186;-0.090501;1.9719
-0.13724;-0.098701;1.9639
-0.13283;-0.10662;1.9556
-0.12863;-0.11424;1.947
-0.12467;-0.12152;1.938
-0.12096;-0.12843;1.9287
-0.11751;-0.13495;1.9192
-0.11434;-0.14106;1.9095
-0.11146;-0.14671;1.8996
-0.10889;-0.15191;1.8896
-0.10663;-0.15661;1.8795
-0.10468;-0.16082;1.8693
-0.10307;-0.1645;1.8591
-0.1018;-0.16765;1.849
-0.10086;-0.17025;1.8389
-0.10027;-0.17229;1.8289
-0.10002;-0.17376;1.8191
-0.10012;-0.17467;1.8095
-0.10057;-0.17499;1.8
-0.10136;-0.17474;1.7909
-0.1025;-0.17392;1.782
-0.10397;-0.17252;1.7735
-0.10578;-0.17055;1.7653
-0.10791;-0.16803;1.7576
-0.11035;-0.16496;1.7503
-0.11311;-0.16134;1.7434
-0.11615;-0.15721;1.737
-0.25995;0.099559;1.9956
-0.25581;0.095619;2.0012
-0.25141;0.091187;2.0063
-0.24675;0.086282;2.0108
-0.24187;0.080923;2.0148
-0.23677;0.075131;2.0182
-0.23147;0.068928;2.021
-0.22601;0.06234;2.0232
-0.2204;0.055392;2.0247
-0.21466;0.048111;2.0257
-0.20881;0.040527;2.026
-0.20288;0.032669;2.0256
-0.1969;0.024568;2.0247
-0.19087;0.016257;2.0231
-0.18484;0.0077676;2.0209
-0.17882;-0.00086607;2.0181
-0.17284;-0.0096101;2.0147
-0.16692;-0.01843;2.0107
-0.16108;-0.027291;2.0061
-0.15534;-0.036158;2.001
-0.14974;-0.044996;1.9954
-0.14428;-0.05377;1.9892
-0.139;-0.062446;1.9826
-0.13392;-0.070989;1.9755
-0.12904;-0.079365;1.9679
-0.1244;-0.087543;1.96
-0.12002;-0.095488;1.9517
-0.1159;-0.10317;1.9431
-0.11206;-0.11056;1.9341
-0.10852;-0.11763;1.9249
-0.1053;-0.12434;1.9155
-0.10241;-0.13068;1.9058
-0.099849;-0.13662;1.896
-0.09764;-0.14213;1.8861
-0.095787;-0.14719;1.8761
-0.094299;-0.15179;1.8661
-0.093181;-0.1559;1.8561
-0.092437;-0.15951;1.8461
-0.09207;-0.16261;1.8362
-0.092083;-0.16518;1.8264
-0.092474;-0.1672;1.8168
-0.093242;-0.16869;1.8073
-0.094385;-0.16962;1.7981
-0.095897;-0.16999;1.7892
-0.097773;-0.16981;1.7806
-0.1;-0.16907;1.7723
-0.10258;-0.16778;1.7644
-0.1055;-0.16594;1.7569
-0.10874;-0.16356;1.7498
-0.1123;-0.16064;1.7431
-0.11615;-0.15721;1.737
-0.25995;0.099559;1.9956
-0.25507;0.096378;2.0009
-0.24993;0.092702;2.0056
-0.24454;0.088547;2.0098
-0.23892;0.083928;2.0135
-0.23311;0.078865;2.0165
-0.22712;0.073377;2.019
-0.22097;0.067485;2.0209
-0.2147;0.061213;2.0221
-0.20831;0.054586;2.0228
-0.20185;0.04763;2.0228
-0.19534;0.040371;2.0222
-0.18879;0.03284;2.021
-0.18225;0.025066;2.0192
-0.17572;0.017079;2.0167
-0.16925;0.0089101;2.0137
-0.16285;0.00059279;2.0101
-0.15655;-0.0078406;2.0059
-0.15037;-0.016357;2.0012
-0.14434;-0.024922;1.996
-0.13848;-0.033503;1.9902
-0.13282;-0.042066;1.984
-0.12738;-0.050576;1.9772
-0.12218;-0.059;1.9701
-0.11723;-0.067305;1.9625
-0.11257;-0.075459;1.9546
-0.10821;-0.083428;1.9463
-0.10415;-0.091182;1.9377
-0.10044;-0.098689;1.9288
-0.097061;-0.10592;1.9197
-0.094047;-0.11285;1.9103
-0.091403;-0.11945;1.9008
-0.089141;-0.12568;1.8911
-0.08727;-0.13154;1.8814
-0.085796;-0.13699;1.8716
-0.084725;-0.14202;1.8617
-0.084063;-0.14659;1.8519
-0.08381;-0.1507;1.8421
-0.08397;-0.15434;1.8325
-0.08454;-0.15747;1.8229
-0.085518;-0.1601;1.8136
-0.086901;-0.16221;1.8044
-0.088684;-0.1638;1.7955
-0.090858;-0.16485;1.7869
-0.093416;-0.16536;1.7786
-0.096348;-0.16534;1.7706
-0.099641;-0.16477;1.763
-0.10328;-0.16367;1.7558
-0.10726;-0.16204;1.7491
-0.11156;-0.15989;1.7428
-0.11615;-0.15721;1.737
-0.25995;0.099559;1.9956
-0.2544;0.097182;2.0004
-0.24859;0.094309;2.0048
-0.24254;0.090949;2.0086
-0.23628;0.087116;2.0118
-0.22982;0.082826;2.0144
-0.2232;0.078096;2.0165
-0.21644;0.072943;2.018
-0.20957;0.067389;2.0188
-0.20261;0.061455;2.0191
-0.1956;0.055165;2.0188
-0.18855;0.048543;2.0178
-0.18151;0.041616;2.0163
-0.17449;0.034411;2.0142
-0.16752;0.026956;2.0115
-0.16064;0.019281;2.0082
-0.15386;0.011417;2.0044
-0.14722;0.0033931;2
-0.14074;-0.0047575;1.9951
-0.13444;-0.013003;1.9896
-0.12836;-0.021311;1.9837
-0.12251;-0.029649;1.9774
-0.11693;-0.037983;1.9705
-0.11162;-0.046282;1.9633
-0.10661;-0.054511;1.9557
-0.10193;-0.062639;1.9478
-0.097583;-0.070634;1.9395
-0.093595;-0.078463;1.9309
-0.08998;-0.086097;1.9221
-0.086752;-0.093505;1.9131
-0.083924;-0.10066;1.9038
-0.081507;-0.10753;1.8944
-0.079511;-0.11408;1.885
-0.077943;-0.12031;1.8754
-0.076809;-0.12617;1.8658
-0.076115;-0.13164;1.8562
-0.075862;-0.13671;1.8467
-0.076052;-0.14136;1.8372
-0.076684;-0.14556;1.8278
-0.077755;-0.1493;1.8186
-0.079262;-0.15257;1.8096
-0.081198;-0.15534;1.8008
-0.083556;-0.15762;1.7922
-0.086326;-0.15939;1.784
-0.089498;-0.16064;1.7761
-0.093059;-0.16138;1.7685
-0.096995;-0.16159;1.7613
-0.10129;-0.16127;1.7546
-0.10593;-0.16044;1.7482
-0.11089;-0.15908;1.7424
-0.11615;-0.15721;1.737
-0.25995;0.099559;1.9956
-0.25382;0.098021;1.9999
-0.24743;0.095982;2.0038
-0.2408;0.093451;2.007
-0.23397;0.090437;2.0098
-0.22695;0.086953;2.0119
-0.21978;0.083011;2.0135
-0.21249;0.078628;2.0145
-0.20509;0.073822;2.0149
-0.19764;0.06861;2.0148
-0.19014;0.063013;2.014
-0.18264;0.057054;2.0127
-0.17515;0.050756;2.0108
-0.16772;0.044144;2.0083
-0.16037;0.037245;2.0052
-0.15313;0.030084;2.0017
-0.14602;0.022691;1.9975
-0.13908;0.015094;1.9929
-0.13234;0.0073244;1.9877
-0.12581;-0.00058805;1.9821
-0.11953;-0.008612;1.976
-0.11352;-0.016716;1.9695
-0.1078;-0.024867;1.9626
-0.10241;-0.033034;1.9553
-0.097345;-0.041185;1.9476
-0.092642;-0.049286;1.9397
-0.088316;-0.057307;1.9314
-0.084383;-0.065216;1.9229
-0.080859;-0.072981;1.9141
-0.077759;-0.080572;1.9052
-0.075094;-0.087958;1.8961
-0.072874;-0.095111;1.8869
-0.071109;-0.102;1.8776
-0.069806;-0.10861;1.8683
-0.068969;-0.11489;1.859
-0.068603;-0.12084;1.8497
-0.068707;-0.12643;1.8404
-0.069283;-0.13163;1.8313
-0.070328;-0.13642;1.8223
-0.071837;-0.14079;1.8134
-0.073804;-0.14472;1.8048
-0.076223;-0.14819;1.7964
-0.079083;-0.15119;1.7883
-0.082373;-0.1537;1.7806
-0.08608;-0.15573;1.7731
-0.09019;-0.15725;1.766
-0.094685;-0.15827;1.7593
-0.09955;-0.15877;1.753
-0.10476;-0.15876;1.7472
-0.11031;-0.15824;1.7419
-0.11615;-0.15721;1.737
-0.25995;0.099559;1.9956
-0.25333;0.09888;1.9994
-0.24645;0.097696;2.0026
-0.23934;0.096013;2.0053
-0.23203;0.093838;2.0075
-0.22455;0.091179;2.0091
-0.21692;0.088045;2.0101
-0.20917;0.084451;2.0106
-0.20135;0.08041;2.0105
-0.19347;0.075937;2.0098
-0.18557;0.071051;2.0086
-0.17768;0.065771;2.0068
-0.16983;0.060118;2.0044
-0.16205;0.054113;2.0015
-0.15437;0.047782;1.9981
-0.14683;0.041147;1.9942
-0.13945;0.034237;1.9897
-0.13226;0.027078;1.9848
-0.1253;0.019698;1.9794
-0.11858;0.012127;1.9735
-0.11213;0.0043941;1.9672
-0.10598;-0.0034699;1.9606
-0.10016;-0.011434;1.9535
-0.094687;-0.019467;1.9461
-0.08958;-0.027536;1.9384
-0.084862;-0.035611;1.9304
-0.080551;-0.043659;1.9222
-0.076664;-0.051648;1.9137
-0.073217;-0.059548;1.9051
-0.070223;-0.067326;1.8962
-0.067694;-0.074952;1.8873
-0.06564;-0.082396;1.8783
-0.064069;-0.089629;1.8693
-0.062988;-0.096621;1.8602
-0.0624;-0.10335;1.8512
-0.062308;-0.10978;1.8422
-0.062712;-0.11589;1.8333
-0.063611;-0.12166;1.8245
-0.065001;-0.12706;1.8159
-0.066877;-0.13207;1.8075
-0.069231;-0.13668;1.7994
-0.072054;-0.14086;1.7915
-0.075335;-0.1446;1.7839
-0.07906;-0.14788;1.7766
-0.083216;-0.15069;1.7697
-0.087785;-0.15302;1.7631
-0.09275;-0.15486;1.757
-0.098092;-0.15621;1.7513
-0.10379;-0.15705;1.7461
-0.10982;-0.15738;1.7413
-0.11615;-0.15721;1.737
