-0.25997;0.099579;1.9956
-0.25334;0.0989;1.9994
-0.24646;0.097716;2.0026
-0.23935;0.096033;2.0053
-0.23204;0.093858;2.0075
-0.22455;0.091198;2.0091
-0.21692;0.088064;2.0101
-0.20918;0.084469;2.0106
-0.20135;0.080427;2.0105
-0.19347;0.075954;2.0098
-0.18557;0.071067;2.0086
-0.17768;0.065787;2.0068
-0.16982;0.060132;2.0045
-0.16205;0.054127;2.0016
-0.15437;0.047794;1.9981
-0.14683;0.041159;1.9942
-0.13945;0.034248;1.9897
-0.13226;0.027088;1.9848
-0.12529;0.019707;1.9794
-0.11857;0.012134;1.9735
-0.11212;0.0044002;1.9673
-0.10597;-0.003465;1.9606
-0.10015;-0.01143;1.9535
-0.094674;-0.019464;1.9461
-0.089566;-0.027535;1.9384
-0.084847;-0.035611;1.9304
-0.080535;-0.04366;1.9222
-0.076648;-0.051651;1.9137
-0.0732;-0.059551;1.9051
-0.070206;-0.067331;1.8963
-0.067677;-0.074958;1.8873
-0.065623;-0.082403;1.8783
-0.064052;-0.089637;1.8693
-0.06297;-0.096631;1.8602
-0.062382;-0.10336;1.8512
-0.06229;-0.10979;1.8422
-0.062695;-0.1159;1.8333
-0.063594;-0.12167;1.8245
-0.064984;-0.12707;1.8159
-0.06686;-0.13209;1.8075
-0.069214;-0.13669;1.7994
-0.072038;-0.14088;1.7915
-0.075319;-0.14462;1.7839
-0.079045;-0.1479;1.7766
-0.083201;-0.15071;1.7697
-0.087771;-0.15304;1.7631
-0.092737;-0.15488;1.757
-0.098079;-0.15623;1.7513
-0.10378;-0.15707;1.746
-0.10981;-0.1574;1.7413
-0.11614;-0.15723;1.737
-0.25997;0.099579;1.9956
-0.25296;0.099765;1.9987
-0.24569;0.099444;2.0013
-0.2382;0.098616;2.0034
-0.23051;0.097286;2.0049
-0.22265;0.095457;2.0059
-0.21466;0.093139;2.0064
-0.20656;0.090338;2.0062
-0.19839;0.087068;2.0056
-0.19017;0.08334;2.0043
-0.18195;0.07917;2.0026
-0.17375;0.074573;2.0003
-0.16561;0.069568;1.9974
-0.15756;0.064175;1.9941
-0.14963;0.058415;1.9902
-0.14185;0.052311;1.9859
-0.13425;0.045886;1.9811
-0.12686;0.039167;1.9758
-0.11972;0.032179;1.9701
-0.11284;0.024951;1.964
-0.10627;0.01751;1.9575
-0.10001;0.0098864;1.9506
-0.094105;0.0021101;1.9434
-0.088568;-0.0057884;1.9359
-0.083424;-0.013778;1.9282
-0.078693;-0.021826;1.9202
-0.074394;-0.029903;1.9119
-0.070543;-0.037975;1.9035
-0.067156;-0.046011;1.895
-0.064246;-0.053979;1.8863
-0.061824;-0.061848;1.8776
-0.059901;-0.069587;1.8688
-0.058483;-0.077164;1.86
-0.057577;-0.084551;1.8512
-0.057186;-0.091718;1.8425
-0.057312;-0.098637;1.8339
-0.057953;-0.10528;1.8254
-0.059108;-0.11162;1.817
-0.060771;-0.11764;1.8089
-0.062937;-0.1233;1.801
-0.065597;-0.12859;1.7933
-0.06874;-0.13349;1.786
-0.072354;-0.13797;1.7789
-0.076425;-0.14203;1.7722
-0.080936;-0.14564;1.7659
-0.08587;-0.14878;1.76
-0.091207;-0.15145;1.7544
-0.096926;-0.15364;1.7494
-0.10301;-0.15534;1.7448
-0.10942;-0.15654;1.7406
-0.11614;-0.15723;1.737
-0.25997;0.099579;1.9956
-0.25268;0.10062;1.998
-0.24514;0.10116;1.9999
-0.23737;0.10118;2.0013
-0.22941;0.10069;2.0022
-0.22128;0.099683;2.0025
-0.21303;0.098172;2.0023
-0.20467;0.096161;2.0015
-0.19625;0.093656;2.0002
-0.1878;0.090667;1.9984
-0.17935;0.087207;1.996
-0.17093;0.083289;1.9932
-0.16258;0.078929;1.9898
-0.15433;0.074143;1.986
-0.14621;0.068951;1.9817
-0.13826;0.063374;1.9769
-0.13051;0.057432;1.9717
-0.12298;0.05115;1.9661
-0.11571;0.044552;1.96
-0.10873;0.037665;1.9536
-0.10205;0.030515;1.9469
-0.095722;0.023131;1.9399
-0.089754;0.015542;1.9325
-0.084174;0.0077779;1.9249
-0.079004;-0.0001306;1.9171
-0.074264;-0.0081524;1.909
-0.069973;-0.016256;1.9008
-0.066148;-0.024409;1.8925
-0.062805;-0.032579;1.8841
-0.059955;-0.040735;1.8755
-0.057612;-0.048843;1.867
-0.055783;-0.056873;1.8584
-0.054476;-0.064792;1.8499
-0.053696;-0.072568;1.8415
-0.053446;-0.080173;1.8331
-0.053728;-0.087574;1.8249
-0.05454;-0.094744;1.8168
-0.055879;-0.10165;1.8089
-0.057739;-0.10828;1.8013
-0.060114;-0.11458;1.7939
-0.062994;-0.12055;1.7868
-0.066367;-0.12616;1.78
-0.07022;-0.13139;1.7736
-0.074539;-0.13621;1.7675
-0.079305;-0.1406;1.7618
-0.084501;-0.14456;1.7565
-0.090105;-0.14805;1.7517
-0.096096;-0.15108;1.7473
-0.10245;-0.15363;1.7434
-0.10914;-0.15568;1.7399
-0.11614;-0.15723;1.737
-0.25997;0.099579;1.9956
-0.25251;0.10146;1.9973
-0.24481;0.10283;1.9985
-0.23688;0.10368;1.9991
-0.22875;0.10401;1.9992
-0.22047;0.10381;1.9988
-0.21206;0.10309;1.9979
-0.20355;0.10184;1.9965
-0.19498;0.10009;1.9945
-0.18639;0.097819;1.9921
-0.1778;0.095053;1.9891
-0.16925;0.091798;1.9857
-0.16078;0.088066;1.9818
-0.15241;0.083874;1.9774
-0.14418;0.079236;1.9726
-0.13613;0.074172;1.9674
-0.12828;0.068702;1.9617
-0.12067;0.062847;1.9557
-0.11333;0.05663;1.9494
-0.10628;0.050075;1.9427
-0.099549;0.04321;1.9357
-0.09317;0.03606;1.9284
-0.087166;0.028654;1.9209
-0.08156;0.021021;1.9132
-0.076374;0.013191;1.9053
-0.071629;0.0051958;1.8973
-0.067344;-0.0029339;1.8891
-0.063534;-0.011166;1.8808
-0.060217;-0.019467;1.8725
-0.057403;-0.027806;1.8641
-0.055106;-0.036148;1.8558
-0.053333;-0.044462;1.8475
-0.052092;-0.052714;1.8393
-0.051387;-0.060871;1.8311
-0.051222;-0.068903;1.8232
-0.051597;-0.076775;1.8153
-0.05251;-0.084459;1.8077
-0.053958;-0.091923;1.8003
-0.055936;-0.099139;1.7932
-0.058434;-0.10608;1.7864
-0.061445;-0.11271;1.7799
-0.064955;-0.11901;1.7737
-0.068951;-0.12496;1.7679
-0.073417;-0.13052;1.7625
-0.078335;-0.13569;1.7575
-0.083687;-0.14043;1.7529
-0.08945;-0.14473;1.7488
-0.095602;-0.14858;1.7451
-0.10212;-0.15195;1.7419
-0.10898;-0.15484;1.7392
-0.11614;-0.15723;1.737
-0.25997;0.099579;1.9956
-0.25246;0.10227;1.9965
-0.24471;0.10444;1.9969
-0.23673;0.10608;1.9968
-0.22855;0.10719;1.9962
-0.22022;0.10777;1.9951
-0.21176;0.1078;1.9934
-0.20321;0.1073;1.9913
-0.1946;0.10626;1.9886
-0.18596;0.10468;1.9855
-0.17733;0.10258;1.9819
-0.16874;0.099964;1.9778
-0.16023;0.096837;1.9733
-0.15183;0.093213;1.9684
-0.14357;0.089108;1.9631
-0.13549;0.084537;1.9574
-0.12761;0.079519;1.9514
-0.11997;0.074074;1.945
-0.1126;0.068222;1.9383
-0.10553;0.061987;1.9313
-0.098789;0.055394;1.924
-0.092397;0.048469;1.9166
-0.086381;0.041238;1.9089
-0.080768;0.033731;1.901
-0.075577;0.025977;1.8931
-0.07083;0.018007;1.885
-0.066546;0.0098524;1.8768
-0.062742;0.0015448;1.8686
-0.059432;-0.0068827;1.8604
-0.05663;-0.015397;1.8522
-0.054346;-0.023964;1.8441
-0.05259;-0.03255;1.8361
-0.051369;-0.041122;1.8281
-0.050687;-0.049645;1.8204
-0.050548;-0.058085;1.8128
-0.050951;-0.066411;1.8054
-0.051895;-0.074588;1.7983
-0.053376;-0.082584;1.7914
-0.055389;-0.090368;1.7848
-0.057925;-0.09791;1.7786
-0.060975;-0.10518;1.7727
-0.064527;-0.11215;1.7671
-0.068566;-0.11878;1.762
-0.073077;-0.12507;1.7573
-0.078041;-0.13097;1.7529
-0.08344;-0.13647;1.7491
-0.089251;-0.14155;1.7457
-0.095453;-0.14618;1.7428
-0.10202;-0.15035;1.7403
-0.10893;-0.15403;1.7384
-0.11614;-0.15723;1.737
-0.25997;0.099579;1.9956
-0.25253;0.10302;1.9957
-0.24484;0.10595;1.9954
-0.23692;0.10834;1.9945
-0.22881;0.11019;1.9931
-0.22055;0.1115;1.9912
-0.21215;0.11225;1.9888
-0.20366;0.11244;1.9859
-0.1951;0.11207;1.9826
-0.18652;0.11115;1.9788
-0.17795;0.10968;1.9745
-0.16941;0.10766;1.9698
-0.16095;0.1051;1.9647
-0.15259;0.10201;1.9593
-0.14438;0.09841;1.9534
-0.13634;0.094304;1.9472
-0.1285;0.089713;1.9407
-0.12089;0.084653;1.9339
-0.11356;0.079146;1.9269
-0.10651;0.073213;1.9196
-0.099788;0.066876;1.9121
-0.093414;0.060163;1.9044
-0.087413;0.053098;1.8965
-0.081809;0.045709;1.8886
-0.076625;0.038027;1.8805
-0.071881;0.03008;1.8724
-0.067594;0.021902;1.8643
-0.063784;0.013523;1.8562
-0.060464;0.0049765;1.8481
-0.057647;-0.003703;1.8401
-0.055345;-0.012482;1.8322
-0.053567;-0.021325;1.8244
-0.052319;-0.030198;1.8168
-0.051607;-0.039065;1.8094
-0.051434;-0.047892;1.8022
-0.0518;-0.056643;1.7952
-0.052704;-0.065285;1.7886
-0.054141;-0.073783;1.7822
-0.056108;-0.082104;1.7762
-0.058595;-0.090214;1.7706
-0.061593;-0.098082;1.7653
-0.06509;-0.10568;1.7604
-0.069072;-0.11297;1.7559
-0.073524;-0.11993;1.7519
-0.078428;-0.12653;1.7483
-0.083764;-0.13274;1.7452
-0.089512;-0.13855;1.7426
-0.09565;-0.14392;1.7404
-0.10215;-0.14883;1.7388
-0.10899;-0.15328;1.7376
-0.11614;-0.15723;1.737
-0.25997;0.099579;1.9956
-0.25271;0.10372;1.9949
-0.2452;0.10735;1.9938
-0.23746;0.11043;1.9921
-0.22953;0.11297;1.9899
-0.22144;0.11494;1.9873
-0.21321;0.11635;1.9841
-0.20488;0.11718;1.9805
-0.19649;0.11744;1.9765
-0.18807;0.11712;1.972
-0.17964;0.11623;1.9671
-0.17125;0.11476;1.9618
-0.16292;0.11273;1.9561
-0.15469;0.11014;1.95
-0.1466;0.107;1.9437
-0.13867;0.10332;1.937
-0.13093;0.099122;1.93
-0.12342;0.094419;1.9228
-0.11616;0.089229;1.9154
-0.10919;0.083574;1.9078
-0.10253;0.077475;1.9
-0.096205;0.070956;1.8921
-0.090244;0.064044;1.8841
-0.084669;0.056765;1.876
-0.079502;0.049149;1.8679
-0.074763;0.041224;1.8597
-0.070471;0.033024;1.8516
-0.066643;0.024579;1.8436
-0.063295;0.015923;1.8356
-0.060439;0.007091;1.8278
-0.058086;-0.001883;1.8201
-0.056247;-0.010963;1.8126
-0.054927;-0.020114;1.8053
-0.054133;-0.029299;1.7983
-0.053868;-0.038482;1.7915
-0.054132;-0.047628;1.785
-0.054924;-0.056699;1.7788
-0.056243;-0.06566;1.773
-0.058081;-0.074475;1.7675
-0.060432;-0.083111;1.7625
-0.063287;-0.091532;1.7578
-0.066634;-0.099705;1.7536
-0.070461;-0.1076;1.7498
-0.074751;-0.11518;1.7465
-0.079489;-0.12242;1.7437
-0.084655;-0.1293;1.7413
-0.090229;-0.13577;1.7394
-0.09619;-0.14183;1.738
-0.10251;-0.14744;1.7372
-0.10917;-0.15258;1.7368
-0.11614;-0.15723;1.737
-0.25997;0.099579;1.9956
-0.253;0.10435;1.9941
-0.24578;0.1086;1.9922
-0.23834;0.11231;1.9897
-0.23069;0.11546;1.9868
-0.22288;0.11804;1.9834
-0.21493;0.12004;1.9795
-0.20687;0.12146;1.9752
-0.19874;0.12228;1.9704
-0.19057;0.1225;1.9652
-0.18238;0.12213;1.9597
-0.17422;0.12116;1.9537
-0.16612;0.1196;1.9475
-0.1581;0.11746;1.9409
-0.1502;0.11473;1.934
-0.14244;0.11144;1.9268
-0.13487;0.1076;1.9194
-0.12751;0.10322;1.9118
-0.12039;0.098313;1.9041
-0.11353;0.092908;1.8961
-0.10697;0.087023;1.8881
-0.10073;0.08068;1.8799
-0.09483;0.073906;1.8717
-0.089301;0.066726;1.8635
-0.084161;0.059168;1.8553
-0.079432;0.051264;1.8472
-0.075131;0.043043;1.8391
-0.071275;0.034539;1.8311
-0.067881;0.025785;1.8233
-0.064961;0.016815;1.8156
-0.062527;0.007665;1.8082
-0.060588;-0.0016289;1.8009
-0.059152;-0.01103;1.7939
-0.058225;-0.020502;1.7872
-0.05781;-0.030006;1.7809
-0.057909;-0.039506;1.7748
-0.058522;-0.048963;1.7691
-0.059646;-0.058341;1.7638
-0.061277;-0.067603;1.7589
-0.063408;-0.076711;1.7545
-0.066031;-0.085631;1.7504
-0.069136;-0.094326;1.7469
-0.07271;-0.10276;1.7438
-0.076739;-0.11091;1.7412
-0.081208;-0.11873;1.739
-0.086098;-0.1262;1.7374
-0.09139;-0.13328;1.7363
-0.097064;-0.13995;1.7357
-0.1031;-0.14618;1.7356
-0.10947;-0.15195;1.736
-0.11614;-0.15723;1.737
-0.25997;0.099579;1.9956
-0.2534;0.10491;1.9934
-0.24658;0.1097;1.9907
-0.23953;0.11396;1.9874
-0.23228;0.11765;1.9837
-0.22485;0.12076;1.9796
-0.21728;0.12328;1.975
-0.20959;0.1252;1.9699
-0.20182;0.12651;1.9645
-0.19399;0.12721;1.9587
-0.18614;0.12729;1.9525
-0.17829;0.12676;1.9459
-0.17049;0.12561;1.9391
-0.16275;0.12385;1.9319
-0.15511;0.12149;1.9245
-0.14761;0.11854;1.9169
-0.14026;0.11501;1.9091
-0.1331;0.11091;1.9011
-0.12616;0.10625;1.893
-0.11947;0.10107;1.8847
-0.11304;0.09537;1.8764
-0.10691;0.089181;1.8681
-0.1011;0.082527;1.8597
-0.095633;0.075433;1.8514
-0.090531;0.067927;1.8431
-0.085814;0.06004;1.8349
-0.0815;0.051802;1.8269
-0.077607;0.043246;1.819
-0.07415;0.034406;1.8112
-0.071142;0.025315;1.8037
-0.068596;0.016012;1.7965
-0.066521;0.0065311;1.7895
-0.064926;-0.0030892;1.7828
-0.063817;-0.012811;1.7765
-0.063198;-0.022596;1.7705
-0.063072;-0.032405;1.7649
-0.063439;-0.042201;1.7597
-0.064298;-0.051944;1.7549
-0.065646;-0.061595;1.7505
-0.067476;-0.071117;1.7467
-0.069782;-0.080472;1.7432
-0.072555;-0.089624;1.7403
-0.075784;-0.098535;1.7379
-0.079456;-0.10717;1.7359
-0.083557;-0.1155;1.7345
-0.08807;-0.12348;1.7336
-0.092978;-0.13109;1.7332
-0.09826;-0.1383;1.7334
-0.1039;-0.14508;1.7341
-0.10987;-0.1514;1.7353
-0.11614;-0.15723;1.737
-0.25997;0.099579;1.9956
-0.25391;0.10537;1.9926
-0.24759;0.11063;1.9892
-0.24103;0.11534;1.9852
-0.23427;0.11948;1.9808
-0.22732;0.12303;1.9759
-0.22022;0.12599;1.9706
-0.21299;0.12834;1.9649
-0.20567;0.13006;1.9588
-0.19827;0.13116;1.9524
-0.19083;0.13162;1.9455
-0.18339;0.13146;1.9384
-0.17596;0.13066;1.931
-0.16858;0.12923;1.9234
-0.16127;0.12718;1.9155
-0.15408;0.12451;1.9074
-0.14701;0.12124;1.8991
-0.14011;0.11737;1.8908
-0.1334;0.11293;1.8823
-0.1269;0.10793;1.8738
-0.12064;0.10238;1.8652
-0.11465;0.096324;1.8567
-0.10895;0.089771;1.8481
-0.10356;0.082749;1.8397
-0.098509;0.075288;1.8313
-0.093808;0.067415;1.8231
-0.089479;0.059162;1.8151
-0.085538;0.050563;1.8073
-0.082003;0.04165;1.7997
-0.078886;0.032459;1.7923
-0.076199;0.023026;1.7853
-0.073954;0.013388;1.7786
-0.07216;0.0035838;1.7722
-0.070823;-0.0063483;1.7662
-0.069948;-0.016369;1.7606
-0.06954;-0.026439;1.7554
-0.069599;-0.036518;1.7506
-0.070126;-0.046568;1.7463
-0.071118;-0.056547;1.7425
-0.072572;-0.066416;1.7392
-0.074481;-0.076137;1.7363
-0.076839;-0.085672;1.734
-0.079636;-0.094982;1.7322
-0.08286;-0.10403;1.7309
-0.0865;-0.11278;1.7302
-0.09054;-0.1212;1.73
-0.094966;-0.12926;1.7303
-0.099758;-0.13692;1.7312
-0.1049;-0.14415;1.7326
-0.11037;-0.15093;1.7345
-0.11614;-0.15723;1.737
-0.25997;0.099579;1.9956
-0.2545;0.10574;1.9919
-0.24877;0.11136;1.9878
-0.24281;0.11644;1.9832
-0.23663;0.12094;1.9781
-0.23025;0.12484;1.9725
-0.22371;0.12815;1.9666
-0.21703;0.13083;1.9602
-0.21023;0.13288;1.9535
-0.20335;0.1343;1.9464
-0.19641;0.13507;1.939
-0.18943;0.13519;1.9314
-0.18245;0.13467;1.9234
-0.17549;0.1335;1.9153
-0.16858;0.13169;1.9069
-0.16175;0.12925;1.8984
-0.15502;0.12618;1.8898
-0.14842;0.1225;1.8811
-0.14197;0.11823;1.8723
-0.13571;0.11337;1.8635
-0.12966;0.10795;1.8547
-0.12384;0.102;1.8459
-0.11826;0.095524;1.8372
-0.11297;0.08856;1.8287
-0.10797;0.081133;1.8203
-0.10329;0.073272;1.8121
-0.098941;0.065008;1.804
-0.094944;0.056374;1.7963
-0.091316;0.047403;1.7888
-0.088068;0.038132;1.7816
-0.085216;0.028596;1.7747
-0.082769;0.018834;1.7683
-0.080738;0.0088835;1.7622
-0.079131;-0.0012157;1.7565
-0.077953;-0.011424;1.7512
-0.07721;-0.021701;1.7464
-0.076904;-0.032006;1.7421
-0.077037;-0.042298;1.7382
-0.077608;-0.052537;1.7349
-0.078615;-0.062683;1.7321
-0.080054;-0.072695;1.7298
-0.081919;-0.082534;1.7281
-0.084203;-0.09216;1.7269
-0.086897;-0.10154;1.7262
-0.08999;-0.11063;1.7261
-0.09347;-0.11939;1.7266
-0.097323;-0.1278;1.7276
-0.10153;-0.13582;1.7291
-0.10609;-0.14342;1.7312
-0.11096;-0.15056;1.7338
-0.11614;-0.15723;1.737
-0.25997;0.099579;1.9956
-0.25518;0.106;1.9913
-0.25013;0.1119;1.9865
-0.24484;0.11723;1.9812
-0.23932;0.12199;1.9755
-0.23359;0.12616;1.9694
-0.22769;0.12971;1.9628
-0.22164;0.13264;1.9558
-0.21545;0.13493;1.9485
-0.20915;0.13657;1.9409
-0.20277;0.13756;1.933
-0.19633;0.1379;1.9248
-0.18985;0.13758;1.9164
-0.18337;0.1366;1.9078
-0.17691;0.13496;1.899
-0.1705;0.13268;1.8901
-0.16415;0.12977;1.8811
-0.1579;0.12622;1.8721
-0.15176;0.12207;1.863
-0.14577;0.11732;1.854
-0.13995;0.11199;1.8449
-0.13431;0.10611;1.836
-0.12889;0.099696;1.8272
-0.1237;0.092774;1.8185
-0.11877;0.085372;1.8101
-0.11411;0.077519;1.8018
-0.10974;0.069247;1.7938
-0.10568;0.060587;1.7861
-0.10194;0.051575;1.7787
-0.098546;0.042245;1.7717
-0.095504;0.032635;1.765
-0.092827;0.022783;1.7587
-0.090526;0.012726;1.7529
-0.08861;0.002506;1.7475
-0.087087;-0.007838;1.7426
-0.085961;-0.018265;1.7381
-0.085239;-0.028733;1.7342
-0.084923;-0.039202;1.7308
-0.085013;-0.04963;1.7279
-0.08551;-0.059976;1.7256
-0.086412;-0.070198;1.7238
-0.087715;-0.080258;1.7226
-0.089414;-0.090114;1.7219
-0.091503;-0.099729;1.7218
-0.093972;-0.10906;1.7223
-0.096813;-0.11808;1.7234
-0.10001;-0.12675;1.725
-0.10356;-0.13503;1.7272
-0.10744;-0.14289;1.7299
-0.11164;-0.1503;1.7332
-0.11614;-0.15723;1.737
-0.25997;0.099579;1.9956
-0.25593;0.10616;1.9907
-0.25163;0.11222;1.9853
-0.24708;0.11771;1.9795
-0.2423;0.12263;1.9732
-0.2373;0.12695;1.9665
-0.2321;0.13066;1.9594
-0.22674;0.13373;1.9519
-0.22122;0.13617;1.9441
-0.21557;0.13795;1.936
-0.20981;0.13907;1.9276
-0.20396;0.13954;1.919
-0.19806;0.13933;1.9101
-0.19211;0.13847;1.9011
-0.18615;0.13694;1.8919
-0.18019;0.13476;1.8827
-0.17427;0.13194;1.8734
-0.1684;0.12848;1.864
-0.16261;0.1244;1.8547
-0.15691;0.11971;1.8454
-0.15134;0.11444;1.8362
-0.14592;0.1086;1.8271
-0.14066;0.10222;1.8181
-0.13559;0.095323;1.8094
-0.13073;0.087937;1.8009
-0.12609;0.080089;1.7926
-0.1217;0.071811;1.7846
-0.11757;0.063137;1.777
-0.11371;0.054099;1.7697
-0.11015;0.044734;1.7628
-0.1069;0.035079;1.7563
-0.10397;0.025172;1.7502
-0.10137;0.015052;1.7446
-0.099112;0.004758;1.7394
-0.097205;-0.0056682;1.7348
-0.095656;-0.016186;1.7307
-0.094473;-0.026753;1.7271
-0.093658;-0.037329;1.7241
-0.093217;-0.047871;1.7216
-0.093149;-0.058337;1.7197
-0.093456;-0.068688;1.7184
-0.094137;-0.078881;1.7176
-0.095188;-0.088876;1.7175
-0.096605;-0.098635;1.7179
-0.098384;-0.10812;1.7189
-0.10052;-0.11729;1.7205
-0.10299;-0.12611;1.7227
-0.10581;-0.13455;1.7255
-0.10895;-0.14257;1.7288
-0.1124;-0.15014;1.7326
-0.11614;-0.15723;1.737
-0.25997;0.099579;1.9956
-0.25675;0.10622;1.9902
-0.25326;0.11232;1.9843
-0.24951;0.11787;1.978
-0.24552;0.12284;1.9712
-0.2413;0.12721;1.964
-0.23688;0.13097;1.9564
-0.23226;0.13409;1.9485
-0.22746;0.13658;1.9402
-0.22251;0.13841;1.9317
-0.21743;0.13958;1.9229
-0.21223;0.14008;1.9138
-0.20693;0.13992;1.9046
-0.20156;0.13909;1.8952
-0.19613;0.1376;1.8857
-0.19068;0.13545;1.8762
-0.18521;0.13266;1.8666
-0.17976;0.12922;1.857
-0.17433;0.12517;1.8474
-0.16896;0.1205;1.8379
-0.16367;0.11525;1.8285
-0.15847;0.10943;1.8193
-0.15339;0.10306;1.8102
-0.14845;0.096169;1.8014
-0.14366;0.088787;1.7928
-0.13905;0.080941;1.7846
-0.13463;0.072662;1.7766
-0.13042;0.063982;1.769
-0.12644;0.054936;1.7618
-0.12271;0.04556;1.755
-0.11923;0.03589;1.7486
-0.11602;0.025964;1.7427
-0.1131;0.015823;1.7373
-0.11047;0.0055048;1.7324
-0.10815;-0.0049486;1.728
-0.10614;-0.015496;1.7242
-0.10446;-0.026096;1.7209
-0.10311;-0.036707;1.7182
-0.10209;-0.047287;1.7161
-0.10141;-0.057794;1.7146
-0.10107;-0.068187;1.7136
-0.10108;-0.078424;1.7133
-0.10143;-0.088466;1.7136
-0.10212;-0.098272;1.7145
-0.10315;-0.1078;1.716
-0.10452;-0.11702;1.7181
-0.10622;-0.1259;1.7207
-0.10824;-0.13439;1.724
-0.11057;-0.14246;1.7278
-0.11321;-0.15008;1.7321
-0.11614;-0.15723;1.737
-0.25997;0.099579;1.9956
-0.25761;0.10616;1.9898
-0.25498;0.11221;1.9835
-0.25208;0.11771;1.9767
-0.24893;0.12262;1.9695
-0.24555;0.12694;1.9619
-0.24193;0.13065;1.9539
-0.2381;0.13372;1.9456
-0.23408;0.13615;1.937
-0.22987;0.13793;1.928
-0.2255;0.13906;1.9189
-0.22098;0.13952;1.9095
-0.21633;0.13932;1.9
-0.21157;0.13845;1.8903
-0.20672;0.13692;1.8805
-0.20179;0.13474;1.8707
-0.19681;0.13191;1.8609
-0.19179;0.12845;1.851
-0.18676;0.12437;1.8413
-0.18173;0.11968;1.8316
-0.17673;0.11441;1.8221
-0.17178;0.10857;1.8127
-0.16688;0.10219;1.8036
-0.16208;0.095297;1.7947
-0.15737;0.08791;1.7861
-0.15278;0.080062;1.7778
-0.14834;0.071785;1.7698
-0.14405;0.06311;1.7623
-0.13993;0.054073;1.7551
-0.13601;0.044709;1.7484
-0.13229;0.035054;1.7422
-0.12879;0.025147;1.7364
-0.12552;0.015027;1.7312
-0.1225;0.0047346;1.7264
-0.11974;-0.0056906;1.7223
-0.11725;-0.016207;1.7187
-0.11504;-0.026774;1.7157
-0.11312;-0.037348;1.7133
-0.11149;-0.047889;1.7114
-0.11017;-0.058354;1.7102
-0.10915;-0.068703;1.7097
-0.10844;-0.078895;1.7097
-0.10805;-0.088889;1.7103
-0.10797;-0.098646;1.7116
-0.10821;-0.10813;1.7135
-0.10877;-0.1173;1.716
-0.10963;-0.12612;1.719
-0.11081;-0.13455;1.7227
-0.11229;-0.14257;1.7269
-0.11407;-0.15014;1.7317
-0.11614;-0.15723;1.737
-0.25997;0.099579;1.9956
-0.25851;0.106;1.9895
-0.25677;0.11189;1.9828
-0.25476;0.11722;1.9757
-0.25249;0.12198;1.9682
-0.24996;0.12614;1.9603
-0.24719;0.12969;1.952
-0.24419;0.13262;1.9433
-0.24096;0.1349;1.9344
-0.23753;0.13654;1.9252
-0.2339;0.13753;1.9157
-0.23009;0.13786;1.9061
-0.22611;0.13754;1.8963
-0.22199;0.13656;1.8864
-0.21773;0.13492;1.8764
-0.21335;0.13264;1.8664
-0.20887;0.12972;1.8563
-0.20431;0.12618;1.8463
-0.19969;0.12202;1.8364
-0.19502;0.11727;1.8266
-0.19032;0.11194;1.817
-0.18562;0.10606;1.8075
-0.18092;0.099644;1.7983
-0.17625;0.092721;1.7894
-0.17163;0.085319;1.7807
-0.16707;0.077466;1.7724
-0.1626;0.069194;1.7645
-0.15823;0.060535;1.757
-0.15397;0.051523;1.7498
-0.14985;0.042194;1.7432
-0.14588;0.032585;1.7371
-0.14208;0.022733;1.7314
-0.13845;0.012678;1.7263
-0.13503;0.0024597;1.7217
-0.13181;-0.0078825;1.7177
-0.12881;-0.018307;1.7143
-0.12605;-0.028774;1.7115
-0.12354;-0.03924;1.7093
-0.12127;-0.049666;1.7078
-0.11927;-0.060009;1.7068
-0.11755;-0.070229;1.7065
-0.1161;-0.080286;1.7068
-0.11493;-0.09014;1.7078
-0.11406;-0.099752;1.7093
-0.11347;-0.10908;1.7115
-0.11318;-0.1181;1.7143
-0.11319;-0.12676;1.7177
-0.11349;-0.13504;1.7217
-0.11408;-0.14289;1.7262
-0.11497;-0.1503;1.7313
-0.11614;-0.15723;1.737
-0.25997;0.099579;1.9956
-0.25942;0.10573;1.9892
-0.2586;0.11135;1.9823
-0.2575;0.11642;1.975
-0.25612;0.12092;1.9672
-0.25448;0.12482;1.9591
-0.25257;0.12812;1.9505
-0.25041;0.1308;1.9417
-0.24801;0.13284;1.9325
-0.24536;0.13425;1.9231
-0.24249;0.13502;1.9134
-0.23941;0.13514;1.9036
-0.23612;0.13461;1.8936
-0.23265;0.13344;1.8835
-0.22899;0.13163;1.8734
-0.22518;0.12918;1.8632
-0.22122;0.12611;1.853
-0.21713;0.12243;1.8429
-0.21292;0.11816;1.8329
-0.20861;0.1133;1.823
-0.20423;0.10788;1.8133
-0.19978;0.10192;1.8038
-0.19528;0.095447;1.7945
-0.19076;0.088483;1.7855
-0.18622;0.081055;1.7768
-0.1817;0.073194;1.7685
-0.17719;0.06493;1.7606
-0.17273;0.056296;1.7531
-0.16833;0.047326;1.746
-0.16401;0.038056;1.7394
-0.15979;0.028522;1.7334
-0.15567;0.018761;1.7278
-0.15168;0.0088128;1.7228
-0.14784;-0.0012841;1.7183
-0.14415;-0.01149;1.7145
-0.14064;-0.021764;1.7112
-0.13732;-0.032066;1.7085
-0.13419;-0.042355;1.7065
-0.13128;-0.052591;1.7051
-0.12859;-0.062732;1.7043
-0.12614;-0.072741;1.7042
-0.12393;-0.082575;1.7047
-0.12198;-0.092198;1.7059
-0.12028;-0.10157;1.7077
-0.11885;-0.11066;1.7101
-0.1177;-0.11942;1.7131
-0.11682;-0.12782;1.7167
-0.11623;-0.13584;1.721
-0.11591;-0.14343;1.7258
-0.11589;-0.15057;1.7311
-0.11614;-0.15723;1.737
-0.25997;0.099579;1.9956
-0.26035;0.10536;1.9891
-0.26045;0.11062;1.982
-0.26026;0.11532;1.9746
-0.25979;0.11945;1.9666
-0.25903;0.123;1.9583
-0.25799;0.12595;1.9497
-0.25668;0.12829;1.9407
-0.2551;0.13001;1.9314
-0.25325;0.1311;1.9218
-0.25115;0.13156;1.9121
-0.24879;0.13139;1.9021
-0.2462;0.13059;1.892
-0.24338;0.12916;1.8818
-0.24034;0.1271;1.8716
-0.23709;0.12443;1.8613
-0.23365;0.12115;1.8511
-0.23003;0.11728;1.8409
-0.22624;0.11283;1.8308
-0.2223;0.10783;1.8208
-0.21823;0.10229;1.811
-0.21404;0.096225;1.8015
-0.20974;0.08967;1.7922
-0.20536;0.082648;1.7832
-0.20092;0.075186;1.7745
-0.19642;0.067313;1.7662
-0.19189;0.05906;1.7583
-0.18734;0.050461;1.7508
-0.18279;0.041549;1.7437
-0.17827;0.03236;1.7372
-0.17379;0.022928;1.7311
-0.16936;0.013293;1.7256
-0.165;0.0034913;1.7207
-0.16074;-0.0064379;1.7163
-0.15658;-0.016455;1.7125
-0.15255;-0.026522;1.7093
-0.14866;-0.036597;1.7067
-0.14492;-0.046642;1.7048
-0.14136;-0.056617;1.7035
-0.13798;-0.066481;1.7028
-0.13479;-0.076197;1.7028
-0.13182;-0.085727;1.7035
-0.12907;-0.095031;1.7048
-0.12655;-0.10407;1.7067
-0.12427;-0.11282;1.7092
-0.12225;-0.12124;1.7124
-0.12048;-0.12929;1.7162
-0.11899;-0.13694;1.7205
-0.11776;-0.14417;1.7255
-0.11681;-0.15094;1.731
-0.11614;-0.15723;1.737
-0.25997;0.099579;1.9956
-0.26126;0.1049;1.989
-0.26227;0.10969;1.9819
-0.26299;0.11393;1.9744
-0.26341;0.11761;1.9665
-0.26354;0.12072;1.9581
-0.26336;0.12323;1.9494
-0.26289;0.12514;1.9403
-0.26213;0.12645;1.931
-0.26107;0.12714;1.9214
-0.25972;0.12722;1.9116
-0.25809;0.12668;1.9016
-0.25619;0.12552;1.8915
-0.25401;0.12376;1.8813
-0.25158;0.1214;1.871
-0.24889;0.11844;1.8607
-0.24596;0.1149;1.8504
-0.24281;0.1108;1.8402
-0.23944;0.10614;1.8301
-0.23587;0.10095;1.8201
-0.2321;0.095251;1.8103
-0.22817;0.08906;1.8007
-0.22407;0.082404;1.7914
-0.21984;0.075309;1.7824
-0.21548;0.067803;1.7737
-0.21101;0.059915;1.7654
-0.20645;0.051678;1.7575
-0.20181;0.043122;1.75
-0.19713;0.034283;1.743
-0.1924;0.025195;1.7364
-0.18766;0.015893;1.7304
-0.18292;0.0064151;1.7249
-0.1782;-0.003202;1.72
-0.17352;-0.01292;1.7156
-0.1689;-0.022701;1.7118
-0.16436;-0.032506;1.7087
-0.1599;-0.042297;1.7061
-0.15556;-0.052034;1.7042
-0.15135;-0.06168;1.703
-0.14728;-0.071197;1.7024
-0.14337;-0.080546;1.7024
-0.13964;-0.08969;1.7031
-0.1361;-0.098595;1.7044
-0.13276;-0.10722;1.7063
-0.12964;-0.11554;1.7089
-0.12676;-0.12352;1.7121
-0.12411;-0.13113;1.716
-0.12172;-0.13833;1.7204
-0.11959;-0.14509;1.7254
-0.11773;-0.1514;1.7309
-0.11614;-0.15723;1.737
-0.25997;0.099579;1.9956
-0.26216;0.10435;1.9891
-0.26406;0.10859;1.982
-0.26566;0.11228;1.9746
-0.26695;0.11543;1.9667
-0.26793;0.118;1.9584
-0.2686;0.11999;1.9497
-0.26895;0.1214;1.9407
-0.26898;0.12221;1.9314
-0.26869;0.12243;1.9219
-0.26808;0.12205;1.9121
-0.26716;0.12107;1.9022
-0.26593;0.1195;1.8921
-0.26438;0.11735;1.8819
-0.26254;0.11462;1.8716
-0.2604;0.11132;1.8614
-0.25798;0.10748;1.8511
-0.25528;0.10309;1.8409
-0.25231;0.098182;1.8308
-0.24909;0.092773;1.8209
-0.24564;0.086885;1.8111
-0.24195;0.08054;1.8015
-0.23805;0.073763;1.7922
-0.23395;0.066581;1.7832
-0.22968;0.059023;1.7746
-0.22523;0.051119;1.7662
-0.22064;0.042898;1.7583
-0.21593;0.034395;1.7508
-0.2111;0.025642;1.7438
-0.20618;0.016674;1.7372
-0.20119;0.0075268;1.7312
-0.19615;-0.001764;1.7257
-0.19108;-0.011162;1.7207
-0.18599;-0.020629;1.7163
-0.18091;-0.030129;1.7125
-0.17587;-0.039623;1.7093
-0.17086;-0.049075;1.7068
-0.16593;-0.058447;1.7048
-0.16109;-0.067702;1.7035
-0.15635;-0.076804;1.7029
-0.15173;-0.085716;1.7029
-0.14726;-0.094404;1.7035
-0.14295;-0.10283;1.7048
-0.13882;-0.11097;1.7067
-0.13488;-0.11878;1.7092
-0.13115;-0.12624;1.7124
-0.12765;-0.13331;1.7162
-0.12438;-0.13997;1.7205
-0.12137;-0.1462;1.7255
-0.11862;-0.15196;1.731
-0.11614;-0.15723;1.737
-0.25997;0.099579;1.9956
-0.26301;0.10371;1.9892
-0.26577;0.10733;1.9823
-0.26821;0.1104;1.975
-0.27034;0.11293;1.9673
-0.27215;0.11489;1.9591
-0.27362;0.11629;1.9506
-0.27476;0.11711;1.9417
-0.27555;0.11736;1.9326
-0.276;0.11704;1.9231
-0.2761;0.11613;1.9135
-0.27586;0.11466;1.9037
-0.27526;0.11262;1.8937
-0.27433;0.11002;1.8836
-0.27305;0.10687;1.8735
-0.27144;0.10319;1.8633
-0.26949;0.098984;1.8531
-0.26723;0.094276;1.843
-0.26466;0.089081;1.833
-0.26178;0.083422;1.8231
-0.25861;0.077319;1.8134
-0.25516;0.070798;1.8039
-0.25145;0.063884;1.7946
-0.24749;0.056603;1.7856
-0.24329;0.048986;1.777
-0.23887;0.041061;1.7686
-0.23426;0.03286;1.7607
-0.22946;0.024417;1.7532
-0.2245;0.015763;1.7461
-0.21939;0.0069326;1.7395
-0.21417;-0.0020385;1.7335
-0.20883;-0.011115;1.7279
-0.20342;-0.020262;1.7229
-0.19795;-0.029442;1.7184
-0.19243;-0.038621;1.7146
-0.1869;-0.04776;1.7113
-0.18137;-0.056825;1.7086
-0.17587;-0.065779;1.7066
-0.17042;-0.074587;1.7052
-0.16504;-0.083215;1.7044
-0.15975;-0.091628;1.7043
-0.15457;-0.099793;1.7048
-0.14952;-0.10768;1.7059
-0.14463;-0.11525;1.7077
-0.1399;-0.12248;1.7101
-0.13537;-0.12935;1.7131
-0.13104;-0.13581;1.7168
-0.12694;-0.14186;1.721
-0.12308;-0.14746;1.7258
-0.11948;-0.15259;1.7311
-0.11614;-0.15723;1.737
-0.25997;0.099579;1.9956
-0.26382;0.10301;1.9895
-0.26738;0.10593;1.9828
-0.27062;0.10831;1.9758
-0.27354;0.11015;1.9682
-0.27612;0.11144;1.9603
-0.27835;0.11218;1.952
-0.28023;0.11236;1.9434
-0.28174;0.11199;1.9345
-0.28288;0.11106;1.9253
-0.28365;0.10957;1.9158
-0.28404;0.10755;1.9062
-0.28405;0.10498;1.8964
-0.28369;0.10188;1.8865
-0.28294;0.098272;1.8765
-0.28182;0.09416;1.8665
-0.28034;0.089562;1.8565
-0.27848;0.084496;1.8465
-0.27627;0.078984;1.8366
-0.27372;0.073046;1.8268
-0.27082;0.066706;1.8171
-0.2676;0.059989;1.8077
-0.26406;0.052922;1.7985
-0.26022;0.045531;1.7895
-0.2561;0.037848;1.7809
-0.25171;0.029901;1.7726
-0.24707;0.021723;1.7646
-0.2422;0.013345;1.7571
-0.23711;0.0048005;1.75
-0.23183;-0.0038765;1.7434
-0.22638;-0.012652;1.7372
-0.22077;-0.021491;1.7316
-0.21504;-0.03036;1.7264
-0.2092;-0.039222;1.7219
-0.20327;-0.048043;1.7179
-0.19729;-0.056788;1.7145
-0.19127;-0.065423;1.7117
-0.18523;-0.073914;1.7095
-0.17921;-0.082226;1.7079
-0.17323;-0.090328;1.7069
-0.1673;-0.098187;1.7066
-0.16145;-0.10577;1.7069
-0.15571;-0.11305;1.7078
-0.15009;-0.12;1.7094
-0.14463;-0.12659;1.7116
-0.13934;-0.1328;1.7144
-0.13424;-0.13859;1.7177
-0.12935;-0.14395;1.7217
-0.12469;-0.14886;1.7263
-0.12028;-0.15329;1.7314
-0.11614;-0.15723;1.737
-0.25997;0.099579;1.9956
-0.26456;0.10225;1.9898
-0.26886;0.10441;1.9835
-0.27284;0.10604;1.9768
-0.27648;0.10714;1.9696
-0.27978;0.10771;1.962
-0.28271;0.10773;1.954
-0.28527;0.10722;1.9457
-0.28744;0.10617;1.9371
-0.28922;0.10458;1.9282
-0.29061;0.10247;1.919
-0.29159;0.099842;1.9096
-0.29216;0.096705;1.9001
-0.29231;0.093073;1.8904
-0.29206;0.08896;1.8807
-0.2914;0.084382;1.8709
-0.29033;0.079357;1.861
-0.28885;0.073905;1.8512
-0.28698;0.068048;1.8415
-0.28472;0.061809;1.8318
-0.28208;0.055212;1.8223
-0.27906;0.048283;1.8129
-0.27569;0.04105;1.8038
-0.27197;0.033541;1.7949
-0.26792;0.025786;1.7863
-0.26355;0.017815;1.778
-0.25889;0.0096608;1.7701
-0.25394;0.0013543;1.7625
-0.24874;-0.0070713;1.7553
-0.24329;-0.015583;1.7486
-0.23763;-0.024146;1.7424
-0.23178;-0.032729;1.7366
-0.22575;-0.041295;1.7313
-0.21957;-0.049813;1.7266
-0.21327;-0.058247;1.7225
-0.20686;-0.066566;1.7189
-0.20039;-0.074736;1.7158
-0.19386;-0.082724;1.7134
-0.18731;-0.0905;1.7116
-0.18077;-0.098032;1.7104
-0.17425;-0.10529;1.7098
-0.16779;-0.11225;1.7098
-0.16141;-0.11888;1.7104
-0.15513;-0.12515;1.7117
-0.14899;-0.13104;1.7136
-0.14299;-0.13653;1.716
-0.13718;-0.1416;1.7191
-0.13156;-0.14621;1.7227
-0.12617;-0.15037;1.7269
-0.12103;-0.15405;1.7317
-0.11614;-0.15723;1.737
-0.25997;0.099579;1.9956
-0.26523;0.10145;1.9902
-0.27019;0.10281;1.9844
-0.27483;0.10364;1.978
-0.27913;0.10396;1.9713
-0.28306;0.10375;1.9641
-0.28663;0.10301;1.9565
-0.2898;0.10176;1.9486
-0.29257;0.099989;1.9404
-0.29493;0.097711;1.9318
-0.29686;0.094934;1.923
-0.29837;0.091669;1.914
-0.29944;0.087928;1.9048
-0.30007;0.083727;1.8954
-0.30026;0.079081;1.8859
-0.30001;0.074009;1.8764
-0.29932;0.068532;1.8668
-0.29818;0.06267;1.8572
-0.29661;0.056447;1.8476
-0.29462;0.049888;1.8381
-0.2922;0.043018;1.8288
-0.28937;0.035864;1.8195
-0.28614;0.028455;1.8105
-0.28253;0.020821;1.8017
-0.27854;0.01299;1.7931
-0.27419;0.0049939;1.7848
-0.26951;-0.0031353;1.7769
-0.2645;-0.011366;1.7692
-0.25919;-0.019666;1.762
-0.25361;-0.028001;1.7552
-0.24776;-0.03634;1.7488
-0.24167;-0.04465;1.7429
-0.23538;-0.052896;1.7375
-0.2289;-0.061048;1.7326
-0.22225;-0.069073;1.7282
-0.21548;-0.076939;1.7244
-0.20859;-0.084615;1.7211
-0.20162;-0.09207;1.7184
-0.1946;-0.099277;1.7163
-0.18755;-0.1062;1.7147
-0.18051;-0.11283;1.7138
-0.1735;-0.11912;1.7135
-0.16654;-0.12505;1.7137
-0.15967;-0.13061;1.7146
-0.1529;-0.13576;1.7161
-0.14628;-0.14049;1.7181
-0.13983;-0.14478;1.7208
-0.13356;-0.14862;1.724
-0.12751;-0.15198;1.7278
-0.1217;-0.15485;1.7321
-0.11614;-0.15723;1.737
-0.25997;0.099579;1.9956
-0.26582;0.10061;1.9907
-0.27136;0.10113;1.9854
-0.27657;0.10114;1.9796
-0.28144;0.10063;1.9733
-0.28593;0.099618;1.9666
-0.29004;0.098096;1.9595
-0.29375;0.096072;1.9521
-0.29704;0.093555;1.9443
-0.2999;0.090555;1.9362
-0.30232;0.087085;1.9278
-0.30429;0.083156;1.9192
-0.3058;0.078786;1.9103
-0.30684;0.073991;1.9013
-0.30742;0.068791;1.8922
-0.30752;0.063205;1.8829
-0.30716;0.057256;1.8736
-0.30632;0.050967;1.8643
-0.30502;0.044363;1.8549
-0.30325;0.037471;1.8457
-0.30103;0.030317;1.8365
-0.29837;0.022929;1.8274
-0.29527;0.015337;1.8184
-0.29174;0.0075711;1.8097
-0.28781;-0.00033864;1.8012
-0.28348;-0.0083608;1.7929
-0.27878;-0.016464;1.7849
-0.27372;-0.024615;1.7773
-0.26832;-0.032784;1.77
-0.2626;-0.040936;1.7631
-0.25659;-0.049041;1.7565
-0.25031;-0.057066;1.7505
-0.24378;-0.06498;1.7448
-0.23703;-0.072751;1.7397
-0.23009;-0.080349;1.735
-0.22299;-0.087743;1.7309
-0.21574;-0.094905;1.7273
-0.20839;-0.10181;1.7243
-0.20096;-0.10842;1.7218
-0.19347;-0.11472;1.7199
-0.18597;-0.12068;1.7185
-0.17847;-0.12627;1.7178
-0.17101;-0.13149;1.7176
-0.16362;-0.13629;1.718
-0.15632;-0.14068;1.7191
-0.14915;-0.14462;1.7206
-0.14214;-0.14811;1.7228
-0.1353;-0.15112;1.7255
-0.12867;-0.15365;1.7288
-0.12228;-0.15569;1.7326
-0.11614;-0.15723;1.737
-0.25997;0.099579;1.9956
-0.2663;0.099752;1.9913
-0.27233;0.099417;1.9865
-0.27803;0.098577;1.9813
-0.28337;0.097233;1.9756
-0.28834;0.095392;1.9695
-0.29291;0.093061;1.9629
-0.29707;0.090248;1.956
-0.30079;0.086966;1.9487
-0.30407;0.083227;1.9411
-0.3069;0.079045;1.9332
-0.30925;0.074438;1.925
-0.31113;0.069423;1.9167
-0.31252;0.064021;1.9081
-0.31342;0.058252;1.8993
-0.31382;0.05214;1.8904
-0.31373;0.045708;1.8814
-0.31314;0.038981;1.8724
-0.31206;0.031988;1.8633
-0.31049;0.024754;1.8543
-0.30843;0.017309;1.8453
-0.3059;0.0096813;1.8363
-0.30291;0.001902;1.8275
-0.29946;-0.0059985;1.8189
-0.29557;-0.013989;1.8104
-0.29126;-0.022038;1.8022
-0.28654;-0.030114;1.7942
-0.28144;-0.038185;1.7865
-0.27596;-0.046219;1.7791
-0.27014;-0.054184;1.772
-0.26399;-0.062049;1.7653
-0.25754;-0.069783;1.7591
-0.25082;-0.077356;1.7532
-0.24385;-0.084737;1.7478
-0.23666;-0.091897;1.7429
-0.22928;-0.098808;1.7384
-0.22174;-0.10544;1.7345
-0.21406;-0.11178;1.731
-0.20629;-0.11778;1.7281
-0.19843;-0.12344;1.7258
-0.19054;-0.12872;1.724
-0.18264;-0.1336;1.7228
-0.17476;-0.13808;1.7221
-0.16693;-0.14212;1.722
-0.15919;-0.14571;1.7225
-0.15156;-0.14885;1.7235
-0.14407;-0.15151;1.7251
-0.13676;-0.15368;1.7273
-0.12965;-0.15537;1.73
-0.12277;-0.15655;1.7332
-0.11614;-0.15723;1.737
-0.25997;0.099579;1.9956
-0.26669;0.098886;1.992
-0.27311;0.09769;1.9878
-0.27918;0.095994;1.9832
-0.2849;0.093805;1.9781
-0.29024;0.091132;1.9726
-0.29517;0.087986;1.9667
-0.29969;0.084379;1.9604
-0.30376;0.080325;1.9537
-0.30737;0.075841;1.9466
-0.31051;0.070943;1.9392
-0.31317;0.065652;1.9316
-0.31534;0.059987;1.9237
-0.317;0.053972;1.9155
-0.31816;0.047631;1.9072
-0.3188;0.040988;1.8987
-0.31892;0.034069;1.8901
-0.31853;0.026902;1.8814
-0.31763;0.019515;1.8726
-0.31621;0.011937;1.8638
-0.31429;0.0041987;1.855
-0.31186;-0.0036702;1.8463
-0.30895;-0.011638;1.8376
-0.30557;-0.019674;1.8291
-0.30172;-0.027746;1.8207
-0.29742;-0.035823;1.8124
-0.29269;-0.043872;1.8044
-0.28754;-0.051861;1.7966
-0.28201;-0.059759;1.7892
-0.2761;-0.067536;1.782
-0.26984;-0.075159;1.7751
-0.26327;-0.0826;1.7686
-0.25639;-0.089828;1.7625
-0.24925;-0.096816;1.7568
-0.24186;-0.10354;1.7515
-0.23426;-0.10996;1.7467
-0.22648;-0.11606;1.7424
-0.21855;-0.12182;1.7385
-0.2105;-0.12722;1.7352
-0.20236;-0.13222;1.7323
-0.19416;-0.13682;1.73
-0.18594;-0.14099;1.7283
-0.17773;-0.14472;1.727
-0.16955;-0.14799;1.7264
-0.16145;-0.15079;1.7262
-0.15346;-0.15311;1.7267
-0.1456;-0.15493;1.7277
-0.13791;-0.15627;1.7292
-0.13042;-0.15709;1.7313
-0.12315;-0.15741;1.7339
-0.11614;-0.15723;1.737
-0.25997;0.099579;1.9956
-0.26697;0.098028;1.9927
-0.27366;0.095976;1.9892
-0.28001;0.093431;1.9853
-0.286;0.090404;1.9809
-0.29161;0.086907;1.9761
-0.2968;0.082952;1.9708
-0.30157;0.078557;1.9651
-0.30589;0.073738;1.959
-0.30974;0.068514;1.9526
-0.31312;0.062905;1.9458
-0.316;0.056935;1.9387
-0.31837;0.050627;1.9313
-0.32023;0.044004;1.9236
-0.32157;0.037095;1.9158
-0.32238;0.029925;1.9077
-0.32266;0.022523;1.8995
-0.32241;0.014919;1.8911
-0.32163;0.0071423;1.8827
-0.32033;-0.0007766;1.8741
-0.3185;-0.0088061;1.8656
-0.31615;-0.016915;1.857
-0.31331;-0.02507;1.8485
-0.30996;-0.033241;1.8401
-0.30614;-0.041394;1.8317
-0.30185;-0.049497;1.8235
-0.29711;-0.057519;1.8155
-0.29194;-0.065427;1.8077
-0.28636;-0.073191;1.8001
-0.28039;-0.08078;1.7927
-0.27406;-0.088164;1.7857
-0.26738;-0.095314;1.7789
-0.2604;-0.1022;1.7726
-0.25313;-0.1088;1.7665
-0.2456;-0.11508;1.7609
-0.23785;-0.12102;1.7557
-0.2299;-0.1266;1.7509
-0.22178;-0.13179;1.7466
-0.21353;-0.13658;1.7428
-0.20518;-0.14094;1.7394
-0.19676;-0.14486;1.7366
-0.18831;-0.14832;1.7342
-0.17986;-0.1513;1.7324
-0.17144;-0.15381;1.7311
-0.16308;-0.15582;1.7303
-0.15483;-0.15733;1.7301
-0.1467;-0.15834;1.7304
-0.13874;-0.15883;1.7313
-0.13097;-0.15881;1.7326
-0.12343;-0.15827;1.7346
-0.11614;-0.15723;1.737
-0.25997;0.099579;1.9956
-0.26713;0.09719;1.9934
-0.27399;0.094303;1.9907
-0.28051;0.09093;1.9875
-0.28666;0.087085;1.9838
-0.29242;0.082782;1.9797
-0.29777;0.078039;1.9751
-0.30269;0.072874;1.9701
-0.30716;0.067307;1.9647
-0.31116;0.061361;1.9589
-0.31467;0.05506;1.9527
-0.31768;0.048427;1.9462
-0.32017;0.041489;1.9394
-0.32215;0.034274;1.9322
-0.3236;0.02681;1.9249
-0.32451;0.019126;1.9173
-0.32489;0.011253;1.9094
-0.32472;0.0032221;1.9015
-0.32402;-0.0049355;1.8933
-0.32278;-0.013187;1.8851
-0.321;-0.021501;1.8768
-0.31871;-0.029843;1.8685
-0.31589;-0.038182;1.8601
-0.31258;-0.046483;1.8518
-0.30877;-0.054715;1.8435
-0.30448;-0.062845;1.8353
-0.29974;-0.07084;1.8273
-0.29455;-0.07867;1.8194
-0.28894;-0.086303;1.8117
-0.28294;-0.093709;1.8041
-0.27656;-0.10086;1.7969
-0.26983;-0.10772;1.7899
-0.26278;-0.11428;1.7832
-0.25544;-0.1205;1.7769
-0.24783;-0.12635;1.7709
-0.23998;-0.13182;1.7652
-0.23193;-0.13689;1.76
-0.2237;-0.14152;1.7552
-0.21533;-0.14572;1.7508
-0.20686;-0.14945;1.7469
-0.19831;-0.1527;1.7435
-0.18972;-0.15547;1.7405
-0.18113;-0.15774;1.7381
-0.17256;-0.15949;1.7361
-0.16405;-0.16074;1.7347
-0.15564;-0.16146;1.7337
-0.14736;-0.16166;1.7333
-0.13923;-0.16133;1.7335
-0.1313;-0.16048;1.7341
-0.1236;-0.15911;1.7353
-0.11614;-0.15723;1.737
-0.25997;0.099579;1.9956
-0.26718;0.096385;1.9942
-0.27409;0.092697;1.9922
-0.28066;0.088529;1.9898
-0.28686;0.083899;1.9869
-0.29267;0.078823;1.9835
-0.29807;0.073322;1.9796
-0.30303;0.067419;1.9753
-0.30754;0.061135;1.9706
-0.31158;0.054497;1.9655
-0.31513;0.047529;1.9599
-0.31818;0.04026;1.954
-0.32072;0.032719;1.9478
-0.32273;0.024935;1.9412
-0.32422;0.016938;1.9343
-0.32516;0.0087614;1.9272
-0.32556;0.00043607;1.9198
-0.32542;-0.0080048;1.9122
-0.32474;-0.016528;1.9044
-0.32352;-0.025099;1.8965
-0.32176;-0.033686;1.8885
-0.31948;-0.042253;1.8804
-0.31668;-0.050767;1.8722
-0.31337;-0.059194;1.864
-0.30956;-0.067502;1.8558
-0.30528;-0.075657;1.8476
-0.30053;-0.083627;1.8395
-0.29534;-0.091381;1.8316
-0.28973;-0.098888;1.8237
-0.28371;-0.10612;1.816
-0.27732;-0.11304;1.8086
-0.27058;-0.11964;1.8013
-0.26351;-0.12587;1.7943
-0.25614;-0.13172;1.7876
-0.2485;-0.13717;1.7812
-0.24062;-0.14219;1.7752
-0.23254;-0.14676;1.7695
-0.22428;-0.15086;1.7642
-0.21588;-0.15449;1.7592
-0.20737;-0.15761;1.7548
-0.19878;-0.16023;1.7507
-0.19015;-0.16233;1.7471
-0.18151;-0.16391;1.744
-0.1729;-0.16495;1.7413
-0.16435;-0.16545;1.7392
-0.15589;-0.16542;1.7375
-0.14756;-0.16484;1.7364
-0.13938;-0.16373;1.7358
-0.1314;-0.16209;1.7357
-0.12365;-0.15992;1.7361
-0.11614;-0.15723;1.737
-0.25997;0.099579;1.9956
-0.26712;0.095627;1.995
-0.27396;0.091184;1.9938
-0.28046;0.086267;1.9922
-0.2866;0.080896;1.99
-0.29235;0.075092;1.9874
-0.29768;0.068878;1.9843
-0.30259;0.062278;1.9807
-0.30704;0.055319;1.9767
-0.31102;0.048027;1.9722
-0.31452;0.040433;1.9673
-0.31752;0.032565;1.962
-0.32;0.024455;1.9564
-0.32197;0.016134;1.9504
-0.32341;0.007636;1.944
-0.32431;-0.0010059;1.9374
-0.32468;-0.0097575;1.9304
-0.3245;-0.018584;1.9232
-0.32379;-0.027452;1.9158
-0.32254;-0.036325;1.9082
-0.32077;-0.045168;1.9004
-0.31846;-0.053946;1.8925
-0.31565;-0.062626;1.8845
-0.31233;-0.071172;1.8764
-0.30852;-0.079551;1.8683
-0.30423;-0.08773;1.8602
-0.29949;-0.095676;1.8521
-0.2943;-0.10336;1.844
-0.2887;-0.11075;1.8361
-0.2827;-0.11781;1.8282
-0.27632;-0.12453;1.8205
-0.2696;-0.13086;1.813
-0.26255;-0.1368;1.8057
-0.25522;-0.1423;1.7986
-0.24761;-0.14736;1.7918
-0.23977;-0.15195;1.7853
-0.23173;-0.15606;1.7792
-0.22352;-0.15966;1.7733
-0.21516;-0.16275;1.7678
-0.2067;-0.16531;1.7628
-0.19816;-0.16733;1.7581
-0.18959;-0.1688;1.7538
-0.18101;-0.16972;1.75
-0.17245;-0.17009;1.7467
-0.16396;-0.1699;1.7438
-0.15556;-0.16915;1.7414
-0.1473;-0.16784;1.7395
-0.13919;-0.16599;1.7381
-0.13127;-0.1636;1.7372
-0.12358;-0.16067;1.7369
-0.11614;-0.15723;1.737
-0.25997;0.099579;1.9956
-0.26694;0.094927;1.9958
-0.2736;0.089787;1.9954
-0.27992;0.084179;1.9945
-0.28588;0.078125;1.9932
-0.29146;0.071648;1.9913
-0.29662;0.064776;1.9889
-0.30136;0.057533;1.9861
-0.30565;0.04995;1.9828
-0.30948;0.042056;1.979
-0.31282;0.033883;1.9748
-0.31568;0.025461;1.9701
-0.31803;0.016826;1.965
-0.31987;0.0080103;1.9596
-0.32119;-0.00095064;1.9538
-0.32198;-0.010022;1.9476
-0.32224;-0.019167;1.9411
-0.32198;-0.02835;1.9343
-0.32118;-0.037535;1.9273
-0.31986;-0.046686;1.92
-0.31802;-0.055766;1.9125
-0.31567;-0.06474;1.9048
-0.31282;-0.073572;1.897
-0.30947;-0.082228;1.889
-0.30564;-0.090673;1.881
-0.30135;-0.098874;1.8729
-0.29661;-0.1068;1.8647
-0.29144;-0.11441;1.8566
-0.28587;-0.12169;1.8485
-0.2799;-0.12861;1.8405
-0.27358;-0.13512;1.8326
-0.26692;-0.14122;1.8248
-0.25995;-0.14688;1.8172
-0.25269;-0.15207;1.8097
-0.24518;-0.15677;1.8025
-0.23744;-0.16097;1.7956
-0.22951;-0.16465;1.7889
-0.22142;-0.16779;1.7826
-0.21319;-0.17038;1.7765
-0.20486;-0.17241;1.7708
-0.19647;-0.17388;1.7655
-0.18804;-0.17477;1.7606
-0.17962;-0.17509;1.7561
-0.17123;-0.17483;1.7521
-0.1629;-0.174;1.7485
-0.15467;-0.17259;1.7453
-0.14658;-0.17062;1.7427
-0.13865;-0.16808;1.7405
-0.13091;-0.165;1.7388
-0.1234;-0.16137;1.7377
-0.11614;-0.15723;1.737
-0.25997;0.099579;1.9956
-0.26664;0.094297;1.9966
-0.27301;0.088529;1.997
-0.27905;0.082298;1.9969
-0.28472;0.075628;1.9963
-0.29001;0.068546;1.9952
-0.2949;0.06108;1.9936
-0.29937;0.053259;1.9914
-0.3034;0.045114;1.9888
-0.30697;0.036677;1.9857
-0.31008;0.027982;1.9821
-0.3127;0.019062;1.9781
-0.31483;0.0099535;1.9736
-0.31646;0.00069195;1.9688
-0.31759;-0.0086861;1.9635
-0.3182;-0.018144;1.9578
-0.3183;-0.027643;1.9517
-0.31789;-0.037148;1.9453
-0.31696;-0.046619;1.9387
-0.31552;-0.05602;1.9317
-0.31358;-0.065314;1.9244
-0.31115;-0.074464;1.917
-0.30823;-0.083434;1.9093
-0.30483;-0.092188;1.9015
-0.30098;-0.10069;1.8935
-0.29668;-0.10891;1.8854
-0.29195;-0.11682;1.8773
-0.28681;-0.12437;1.8691
-0.28128;-0.13155;1.8608
-0.27538;-0.13833;1.8527
-0.26914;-0.14467;1.8445
-0.26258;-0.15056;1.8365
-0.25572;-0.15596;1.8285
-0.2486;-0.16087;1.8208
-0.24124;-0.16525;1.8132
-0.23367;-0.16909;1.8058
-0.22591;-0.17238;1.7986
-0.21801;-0.17511;1.7917
-0.20999;-0.17725;1.7851
-0.20189;-0.17881;1.7789
-0.19373;-0.17978;1.7729
-0.18554;-0.18015;1.7674
-0.17737;-0.17993;1.7622
-0.16924;-0.17911;1.7574
-0.16118;-0.17769;1.7531
-0.15323;-0.17569;1.7492
-0.14542;-0.17311;1.7458
-0.13777;-0.16996;1.7429
-0.13033;-0.16625;1.7404
-0.12311;-0.162;1.7384
-0.11614;-0.15723;1.737
-0.25997;0.099579;1.9956
-0.26624;0.093746;1.9973
-0.27221;0.087429;1.9985
-0.27785;0.080653;1.9992
-0.28313;0.073445;1.9993
-0.28804;0.065834;1.999
-0.29255;0.057849;1.9981
-0.29665;0.049522;1.9967
-0.30033;0.040886;1.9947
-0.30355;0.031974;1.9923
-0.30633;0.022823;1.9894
-0.30863;0.013468;1.9859
-0.31046;0.0039457;1.982
-0.31181;-0.0057057;1.9777
-0.31267;-0.015448;1.9729
-0.31304;-0.025244;1.9677
-0.31291;-0.035053;1.9621
-0.31229;-0.044838;1.9561
-0.31118;-0.05456;1.9498
-0.30959;-0.06418;1.9431
-0.30751;-0.073661;1.9361
-0.30497;-0.082965;1.9289
-0.30196;-0.092055;1.9214
-0.2985;-0.1009;1.9136
-0.29461;-0.10945;1.9057
-0.2903;-0.11769;1.8977
-0.28558;-0.12558;1.8895
-0.28048;-0.13308;1.8812
-0.27501;-0.14018;1.8729
-0.2692;-0.14683;1.8645
-0.26307;-0.15302;1.8562
-0.25664;-0.15872;1.8479
-0.24995;-0.1639;1.8396
-0.24301;-0.16856;1.8315
-0.23585;-0.17266;1.8235
-0.2285;-0.17619;1.8157
-0.221;-0.17914;1.8081
-0.21336;-0.1815;1.8007
-0.20562;-0.18326;1.7935
-0.19782;-0.18441;1.7867
-0.18997;-0.18494;1.7801
-0.18212;-0.18486;1.7739
-0.17429;-0.18416;1.7681
-0.16652;-0.18284;1.7627
-0.15883;-0.18092;1.7576
-0.15126;-0.1784;1.753
-0.14383;-0.17529;1.7489
-0.13658;-0.17161;1.7452
-0.12953;-0.16735;1.7419
-0.12271;-0.16256;1.7392
-0.11614;-0.15723;1.737
-0.25997;0.099579;1.9956
-0.26574;0.093283;1.9981
-0.27121;0.086505;2
-0.27635;0.079271;2.0014
-0.28114;0.071611;2.0023
-0.28557;0.063555;2.0026
-0.28961;0.055134;2.0024
-0.29325;0.046382;2.0017
-0.29647;0.037333;2.0004
-0.29927;0.028023;1.9986
-0.30163;0.018488;1.9963
-0.30354;0.0087669;1.9934
-0.30499;-0.0011027;1.9901
-0.30598;-0.011082;1.9863
-0.30651;-0.021131;1.982
-0.30657;-0.03121;1.9772
-0.30616;-0.04128;1.972
-0.30529;-0.051301;1.9664
-0.30395;-0.061233;1.9604
-0.30216;-0.071037;1.954
-0.29991;-0.080675;1.9473
-0.29722;-0.090108;1.9403
-0.29411;-0.099299;1.9329
-0.29057;-0.10821;1.9253
-0.28663;-0.11681;1.9175
-0.2823;-0.12506;1.9095
-0.2776;-0.13294;1.9012
-0.27255;-0.1404;1.8929
-0.26716;-0.14742;1.8845
-0.26146;-0.15397;1.8759
-0.25547;-0.16003;1.8674
-0.24921;-0.16557;1.8588
-0.24271;-0.17058;1.8503
-0.236;-0.17502;1.8418
-0.2291;-0.17888;1.8334
-0.22203;-0.18216;1.8252
-0.21484;-0.18483;1.8171
-0.20753;-0.18688;1.8092
-0.20015;-0.18831;1.8016
-0.19272;-0.18911;1.7942
-0.18528;-0.18927;1.787
-0.17784;-0.18881;1.7802
-0.17044;-0.18771;1.7738
-0.16312;-0.18598;1.7677
-0.15589;-0.18364;1.762
-0.14879;-0.18068;1.7567
-0.14184;-0.17713;1.7518
-0.13508;-0.17299;1.7474
-0.12852;-0.16828;1.7434
-0.1222;-0.16302;1.74
-0.11614;-0.15723;1.737
-0.25997;0.099579;1.9956
-0.26515;0.092915;1.9988
-0.27002;0.085771;2.0014
-0.27458;0.078174;2.0035
-0.27879;0.070155;2.005
-0.28264;0.061745;2.006
-0.28612;0.052978;2.0065
-0.28921;0.043888;2.0064
-0.29191;0.034511;2.0057
-0.29419;0.024884;2.0045
-0.29606;0.015045;2.0028
-0.2975;0.0050334;2.0005
-0.2985;-0.0051122;1.9977
-0.29907;-0.015351;1.9944
-0.29921;-0.025644;1.9905
-0.2989;-0.035949;1.9862
-0.29816;-0.046225;1.9814
-0.29698;-0.056434;1.9761
-0.29537;-0.066533;1.9704
-0.29334;-0.076483;1.9643
-0.29089;-0.086245;1.9578
-0.28804;-0.095781;1.951
-0.28479;-0.10505;1.9438
-0.28117;-0.11402;1.9363
-0.27717;-0.12266;1.9286
-0.27282;-0.13092;1.9205
-0.26814;-0.13878;1.9123
-0.26314;-0.14621;1.9039
-0.25785;-0.15317;1.8953
-0.25227;-0.15965;1.8867
-0.24645;-0.1656;1.8779
-0.2404;-0.17102;1.8691
-0.23414;-0.17588;1.8603
-0.22769;-0.18015;1.8515
-0.22109;-0.18383;1.8428
-0.21436;-0.1869;1.8342
-0.20753;-0.18934;1.8257
-0.20062;-0.19115;1.8173
-0.19366;-0.19232;1.8092
-0.18668;-0.19284;1.8012
-0.1797;-0.19272;1.7936
-0.17276;-0.19195;1.7862
-0.16588;-0.19053;1.7791
-0.15908;-0.18848;1.7724
-0.1524;-0.1858;1.766
-0.14586;-0.18249;1.7601
-0.13948;-0.17858;1.7545
-0.1333;-0.17409;1.7494
-0.12734;-0.16901;1.7448
-0.12161;-0.16339;1.7406
-0.11614;-0.15723;1.737
-0.25997;0.099579;1.9956
-0.26447;0.092649;1.9994
-0.26867;0.085238;2.0027
-0.27255;0.077378;2.0054
-0.2761;0.069099;2.0076
-0.2793;0.060433;2.0092
-0.28214;0.051415;2.0103
-0.28461;0.04208;2.0108
-0.2867;0.032465;2.0107
-0.28839;0.022609;2.01
-0.2897;0.012549;2.0088
-0.2906;0.0023263;2.007
-0.2911;-0.0080194;2.0047
-0.29119;-0.018447;2.0018
-0.29087;-0.028916;1.9984
-0.29015;-0.039385;1.9945
-0.28902;-0.049811;1.99
-0.2875;-0.060155;1.9851
-0.28558;-0.070376;1.9797
-0.28328;-0.080432;1.9738
-0.28061;-0.090284;1.9676
-0.27756;-0.099895;1.9609
-0.27417;-0.10922;1.9539
-0.27043;-0.11824;1.9465
-0.26637;-0.1269;1.9388
-0.262;-0.13517;1.9308
-0.25734;-0.14302;1.9225
-0.25241;-0.15042;1.9141
-0.24722;-0.15735;1.9054
-0.2418;-0.16376;1.8966
-0.23616;-0.16964;1.8877
-0.23034;-0.17497;1.8786
-0.22435;-0.17972;1.8696
-0.21821;-0.18387;1.8605
-0.21196;-0.18742;1.8514
-0.20561;-0.19033;1.8425
-0.1992;-0.19261;1.8336
-0.19274;-0.19424;1.8248
-0.18626;-0.19522;1.8162
-0.17978;-0.19555;1.8078
-0.17334;-0.19521;1.7996
-0.16696;-0.19422;1.7917
-0.16066;-0.19258;1.784
-0.15447;-0.19029;1.7767
-0.14842;-0.18736;1.7698
-0.14252;-0.18381;1.7632
-0.13679;-0.17964;1.7571
-0.13128;-0.17488;1.7514
-0.12598;-0.16954;1.7461
-0.12093;-0.16365;1.7413
-0.11614;-0.15723;1.737
-0.25997;0.099579;1.9956
-0.26371;0.092487;2
-0.26716;0.084916;2.0038
-0.2703;0.076897;2.0071
-0.27312;0.06846;2.0099
-0.27559;0.059639;2.012
-0.27773;0.050469;2.0137
-0.2795;0.040986;2.0147
-0.28092;0.031227;2.0151
-0.28197;0.021232;2.015
-0.28265;0.011039;2.0142
-0.28296;0.0006882;2.0129
-0.28289;-0.0097786;2.011
-0.28245;-0.020321;2.0085
-0.28164;-0.030896;2.0055
-0.28045;-0.041464;2.0019
-0.27891;-0.051981;1.9978
-0.277;-0.062407;1.9932
-0.27474;-0.072701;1.988
-0.27214;-0.082821;1.9824
-0.26921;-0.092729;1.9763
-0.26596;-0.10238;1.9698
-0.2624;-0.11175;1.9629
-0.25854;-0.12079;1.9556
-0.25441;-0.12946;1.948
-0.25002;-0.13774;1.94
-0.24538;-0.14559;1.9317
-0.24052;-0.15297;1.9232
-0.23545;-0.15987;1.9145
-0.23019;-0.16625;1.9055
-0.22477;-0.17209;1.8964
-0.2192;-0.17736;1.8872
-0.2135;-0.18204;1.8779
-0.20771;-0.18613;1.8686
-0.20184;-0.18959;1.8592
-0.19592;-0.19241;1.8499
-0.18996;-0.19459;1.8407
-0.184;-0.19612;1.8315
-0.17805;-0.19698;1.8225
-0.17215;-0.19719;1.8136
-0.1663;-0.19672;1.805
-0.16054;-0.1956;1.7966
-0.15489;-0.19382;1.7885
-0.14937;-0.19138;1.7807
-0.14401;-0.18831;1.7732
-0.13881;-0.1846;1.7661
-0.13381;-0.18028;1.7594
-0.12903;-0.17536;1.7531
-0.12448;-0.16987;1.7472
-0.12018;-0.16381;1.7419
-0.11614;-0.15723;1.737
-0.25997;0.099579;1.9956
-0.2629;0.092434;2.0005
-0.26554;0.084809;2.0048
-0.26787;0.076737;2.0086
-0.26989;0.068248;2.0119
-0.27159;0.059375;2.0145
-0.27296;0.050155;2.0166
-0.27399;0.040623;2.0181
-0.27468;0.030817;2.019
-0.27503;0.020775;2.0193
-0.27504;0.010538;2.019
-0.2747;0.00014496;2.018
-0.27402;-0.010362;2.0165
-0.273;-0.020942;2.0144
-0.27165;-0.031553;2.0117
-0.26997;-0.042153;2.0084
-0.26796;-0.052701;2.0046
-0.26564;-0.063154;2.0002
-0.26301;-0.073472;1.9953
-0.26009;-0.083614;1.9899
-0.25688;-0.093539;1.984
-0.2534;-0.10321;1.9776
-0.24967;-0.11259;1.9708
-0.24569;-0.12163;1.9636
-0.24148;-0.13031;1.956
-0.23706;-0.13859;1.948
-0.23245;-0.14644;1.9398
-0.22766;-0.15382;1.9312
-0.22272;-0.16071;1.9224
-0.21764;-0.16707;1.9133
-0.21244;-0.1729;1.9041
-0.20715;-0.17815;1.8947
-0.20178;-0.18282;1.8852
-0.19635;-0.18687;1.8756
-0.1909;-0.19031;1.866
-0.18543;-0.1931;1.8564
-0.17998;-0.19525;1.8469
-0.17455;-0.19674;1.8374
-0.16918;-0.19757;1.828
-0.16388;-0.19773;1.8188
-0.15868;-0.19722;1.8097
-0.1536;-0.19606;1.8009
-0.14865;-0.19423;1.7924
-0.14385;-0.19174;1.7841
-0.13923;-0.18862;1.7762
-0.13481;-0.18486;1.7686
-0.13059;-0.18049;1.7614
-0.1266;-0.17552;1.7546
-0.12285;-0.16997;1.7483
-0.11936;-0.16387;1.7424
-0.11614;-0.15723;1.737
-0.25997;0.099579;1.9956
-0.26204;0.092489;2.0009
-0.26382;0.08492;2.0057
-0.2653;0.076902;2.0099
-0.26648;0.068466;2.0136
-0.26734;0.059647;2.0166
-0.2679;0.050478;2.0191
-0.26814;0.040997;2.021
-0.26806;0.03124;2.0223
-0.26767;0.021246;2.0229
-0.26696;0.011054;2.0229
-0.26595;0.00070515;2.0223
-0.26462;-0.0097604;2.0211
-0.26299;-0.020301;2.0193
-0.26107;-0.030876;2.0169
-0.25886;-0.041442;2.0139
-0.25637;-0.051959;2.0103
-0.25361;-0.062384;2.0062
-0.25059;-0.072677;2.0014
-0.24732;-0.082797;1.9962
-0.24382;-0.092703;1.9904
-0.2401;-0.10236;1.9842
-0.23618;-0.11172;1.9775
-0.23206;-0.12076;1.9703
-0.22777;-0.12943;1.9628
-0.22333;-0.13771;1.9548
-0.21874;-0.14556;1.9465
-0.21403;-0.15295;1.9379
-0.20923;-0.15984;1.929
-0.20433;-0.16622;1.9199
-0.19938;-0.17206;1.9105
-0.19438;-0.17733;1.901
-0.18935;-0.18202;1.8913
-0.18432;-0.1861;1.8816
-0.1793;-0.18956;1.8717
-0.17432;-0.19239;1.8619
-0.16939;-0.19457;1.8521
-0.16454;-0.1961;1.8423
-0.15978;-0.19697;1.8326
-0.15513;-0.19717;1.8231
-0.15061;-0.19671;1.8137
-0.14624;-0.19558;1.8045
-0.14203;-0.1938;1.7956
-0.13801;-0.19137;1.787
-0.13418;-0.1883;1.7787
-0.13056;-0.18459;1.7707
-0.12718;-0.18027;1.7631
-0.12403;-0.17536;1.7559
-0.12113;-0.16986;1.7491
-0.1185;-0.16381;1.7428
-0.11614;-0.15723;1.737
-0.25997;0.099579;1.9956
-0.26114;0.092652;2.0012
-0.26203;0.085245;2.0064
-0.26262;0.077388;2.0109
-0.26292;0.069112;2.0149
-0.26293;0.060449;2.0183
-0.26264;0.051434;2.0211
-0.26205;0.042102;2.0233
-0.26118;0.032491;2.0248
-0.26001;0.022637;2.0258
-0.25856;0.01258;2.0261
-0.25684;0.0023599;2.0258
-0.25484;-0.0079833;2.0248
-0.25258;-0.018409;2.0232
-0.25006;-0.028875;2.0211
-0.2473;-0.039342;2.0183
-0.2443;-0.049767;2.0148
-0.24108;-0.060109;2.0109
-0.23766;-0.070328;2.0063
-0.23403;-0.080383;2.0012
-0.23023;-0.090234;1.9955
-0.22626;-0.099843;1.9894
-0.22214;-0.10917;1.9827
-0.21788;-0.11818;1.9756
-0.21351;-0.12684;1.9681
-0.20904;-0.13512;1.9602
-0.20448;-0.14297;1.9519
-0.19986;-0.15037;1.9432
-0.19519;-0.15729;1.9343
-0.19049;-0.16371;1.9251
-0.18579;-0.16959;1.9156
-0.18109;-0.17492;1.906
-0.17642;-0.17967;1.8962
-0.1718;-0.18383;1.8863
-0.16724;-0.18737;1.8763
-0.16276;-0.19029;1.8662
-0.15838;-0.19257;1.8562
-0.15412;-0.19421;1.8462
-0.15;-0.19519;1.8363
-0.14602;-0.19551;1.8265
-0.14221;-0.19518;1.8169
-0.13858;-0.19419;1.8074
-0.13515;-0.19255;1.7982
-0.13192;-0.19026;1.7893
-0.12892;-0.18734;1.7806
-0.12615;-0.18379;1.7723
-0.12362;-0.17963;1.7644
-0.12135;-0.17487;1.7569
-0.11934;-0.16954;1.7498
-0.1176;-0.16365;1.7431
-0.11614;-0.15723;1.737
-0.25997;0.099579;1.9956
-0.26022;0.09292;2.0015
-0.2602;0.08578;2.0068
-0.25988;0.078189;2.0116
-0.25929;0.070174;2.0159
-0.25841;0.061769;2.0195
-0.25726;0.053007;2.0225
-0.25583;0.043921;2.0249
-0.25413;0.034549;2.0267
-0.25218;0.024926;2.0279
-0.24997;0.015091;2.0284
-0.24752;0.0050832;2.0283
-0.24483;-0.0050587;2.0275
-0.24192;-0.015294;2.0261
-0.23879;-0.025584;2.0241
-0.23547;-0.035885;2.0214
-0.23196;-0.046159;2.0181
-0.22827;-0.056365;2.0143
-0.22443;-0.066462;2.0098
-0.22044;-0.07641;2.0048
-0.21632;-0.086171;1.9992
-0.2121;-0.095705;1.9932
-0.20778;-0.10498;1.9866
-0.20338;-0.11395;1.9795
-0.19892;-0.12258;1.972
-0.19441;-0.13084;1.9641
-0.18989;-0.1387;1.9558
-0.18535;-0.14613;1.9471
-0.18083;-0.1531;1.9381
-0.17633;-0.15957;1.9288
-0.17188;-0.16553;1.9193
-0.1675;-0.17095;1.9096
-0.16319;-0.17581;1.8997
-0.15898;-0.18008;1.8897
-0.15489;-0.18376;1.8796
-0.15093;-0.18683;1.8694
-0.14712;-0.18928;1.8592
-0.14346;-0.19109;1.849
-0.13999;-0.19226;1.839
-0.1367;-0.19279;1.829
-0.13362;-0.19267;1.8191
-0.13075;-0.1919;1.8095
-0.1281;-0.19049;1.8001
-0.1257;-0.18845;1.7909
-0.12354;-0.18577;1.7821
-0.12163;-0.18247;1.7735
-0.11999;-0.17857;1.7654
-0.11861;-0.17407;1.7576
-0.11751;-0.169;1.7503
-0.11669;-0.16338;1.7434
-0.11614;-0.15723;1.737
-0.25997;0.099579;1.9956
-0.2593;0.093289;2.0016
-0.25835;0.086518;2.0071
-0.25712;0.079291;2.0121
-0.25563;0.071637;2.0164
-0.25386;0.063587;2.0202
-0.25184;0.055172;2.0234
-0.24956;0.046425;2.0259
-0.24704;0.037382;2.0278
-0.24429;0.028077;2.0291
-0.24132;0.018548;2.0298
-0.23813;0.008832;2.0297
-0.23475;-0.0010327;2.0291
-0.23119;-0.011007;2.0278
-0.22745;-0.021052;2.0259
-0.22356;-0.031127;2.0233
-0.21953;-0.041194;2.0201
-0.21537;-0.051211;2.0163
-0.21111;-0.061141;2.0119
-0.20675;-0.070942;2.007
-0.20232;-0.080578;2.0015
-0.19784;-0.090009;1.9954
-0.19332;-0.099199;1.9889
-0.18877;-0.10811;1.9818
-0.18423;-0.11671;1.9743
-0.17969;-0.12496;1.9664
-0.17519;-0.13283;1.9581
-0.17075;-0.1403;1.9494
-0.16637;-0.14732;1.9404
-0.16207;-0.15387;1.9311
-0.15788;-0.15994;1.9216
-0.15381;-0.16548;1.9118
-0.14987;-0.17048;1.9018
-0.14608;-0.17493;1.8917
-0.14246;-0.1788;1.8815
-0.13902;-0.18208;1.8713
-0.13577;-0.18475;1.861
-0.13273;-0.1868;1.8508
-0.12991;-0.18824;1.8406
-0.12732;-0.18904;1.8305
-0.12496;-0.18921;1.8205
-0.12286;-0.18875;1.8108
-0.12101;-0.18766;1.8012
-0.11943;-0.18594;1.7919
-0.11812;-0.1836;1.7829
-0.11708;-0.18065;1.7743
-0.11632;-0.1771;1.7659
-0.11585;-0.17297;1.758
-0.11566;-0.16827;1.7506
-0.11576;-0.16301;1.7435
-0.11614;-0.15723;1.737
-0.25997;0.099579;1.9956
-0.25838;0.093754;2.0017
-0.25652;0.087445;2.0072
-0.25439;0.080677;2.0122
-0.252;0.073477;2.0166
-0.24935;0.065873;2.0205
-0.24647;0.057895;2.0237
-0.24335;0.049575;2.0263
-0.24001;0.040946;2.0282
-0.23647;0.032041;2.0295
-0.23274;0.022896;2.0302
-0.22883;0.013547;2.0302
-0.22476;0.0040311;2.0296
-0.22055;-0.0056148;2.0284
-0.21621;-0.015352;2.0265
-0.21176;-0.025143;2.0239
-0.20721;-0.034948;2.0208
-0.20259;-0.044729;2.017
-0.19791;-0.054447;2.0126
-0.19319;-0.064064;2.0077
-0.18845;-0.073542;2.0022
-0.18371;-0.082844;1.9962
-0.17899;-0.091932;1.9896
-0.1743;-0.10077;1.9826
-0.16966;-0.10933;1.9751
-0.1651;-0.11756;1.9672
-0.16063;-0.12545;1.9589
-0.15627;-0.13296;1.9502
-0.15204;-0.14005;1.9412
-0.14794;-0.14671;1.9319
-0.14401;-0.1529;1.9223
-0.14024;-0.1586;1.9125
-0.13667;-0.16379;1.9025
-0.1333;-0.16845;1.8924
-0.13015;-0.17255;1.8822
-0.12722;-0.17609;1.8719
-0.12453;-0.17905;1.8616
-0.1221;-0.18141;1.8513
-0.11992;-0.18317;1.8411
-0.11802;-0.18433;1.831
-0.11639;-0.18487;1.821
-0.11504;-0.18479;1.8112
-0.11398;-0.1841;1.8016
-0.11322;-0.18279;1.7922
-0.11275;-0.18088;1.7832
-0.11257;-0.17837;1.7745
-0.1127;-0.17526;1.7661
-0.11312;-0.17158;1.7582
-0.11384;-0.16734;1.7507
-0.11485;-0.16255;1.7436
-0.11614;-0.15723;1.737
-0.25997;0.099579;1.9956
-0.25749;0.094306;2.0016
-0.25474;0.088547;2.0071
-0.25173;0.082325;2.0121
-0.24846;0.075664;2.0164
-0.24496;0.068591;2.0202
-0.24123;0.061133;2.0234
-0.23729;0.053321;2.0259
-0.23316;0.045184;2.0278
-0.22885;0.036755;2.0291
-0.22438;0.028067;2.0297
-0.21976;0.019155;2.0297
-0.21502;0.010053;2.0291
-0.21018;0.00079784;2.0278
-0.20525;-0.0085742;2.0258
-0.20024;-0.018026;2.0233
-0.1952;-0.027521;2.0201
-0.19012;-0.03702;2.0163
-0.18503;-0.046488;2.0119
-0.17996;-0.055885;2.0069
-0.17492;-0.065176;2.0014
-0.16993;-0.074323;1.9954
-0.16501;-0.083291;1.9888
-0.16018;-0.092044;1.9818
-0.15547;-0.10055;1.9743
-0.15088;-0.10877;1.9664
-0.14643;-0.11667;1.958
-0.14216;-0.12423;1.9494
-0.13806;-0.13141;1.9404
-0.13416;-0.13819;1.9311
-0.13047;-0.14453;1.9215
-0.12702;-0.15042;1.9117
-0.1238;-0.15583;1.9018
-0.12083;-0.16074;1.8917
-0.11813;-0.16513;1.8815
-0.11571;-0.16897;1.8712
-0.11357;-0.17227;1.861
-0.11173;-0.175;1.8507
-0.11018;-0.17715;1.8405
-0.10895;-0.17872;1.8304
-0.10803;-0.1797;1.8205
-0.10742;-0.18008;1.8107
-0.10713;-0.17986;1.8012
-0.10716;-0.17905;1.7919
-0.10751;-0.17764;1.7829
-0.10818;-0.17565;1.7742
-0.10916;-0.17308;1.7659
-0.11045;-0.16993;1.758
-0.11205;-0.16624;1.7505
-0.11395;-0.16199;1.7435
-0.11614;-0.15723;1.737
-0.25997;0.099579;1.9956
-0.25663;0.094938;2.0015
-0.25303;0.089808;2.0068
-0.24917;0.08421;2.0116
-0.24507;0.078165;2.0158
-0.24074;0.071699;2.0195
-0.23621;0.064836;2.0225
-0.23148;0.057603;2.0249
-0.22659;0.050029;2.0267
-0.22154;0.042144;2.0278
-0.21636;0.033979;2.0283
-0.21107;0.025566;2.0282
-0.20569;0.016938;2.0274
-0.20024;0.0081295;2.026
-0.19474;-0.00082465;2.024
-0.18921;-0.0098893;2.0213
-0.18368;-0.019029;2.018
-0.17816;-0.028207;2.0142
-0.17269;-0.037387;2.0097
-0.16728;-0.046534;2.0047
-0.16194;-0.055611;1.9991
-0.15672;-0.064582;1.993
-0.15161;-0.073412;1.9865
-0.14665;-0.082066;1.9794
-0.14185;-0.09051;1.9719
-0.13724;-0.09871;1.964
-0.13282;-0.10663;1.9556
-0.12862;-0.11425;1.947
-0.12466;-0.12153;1.938
-0.12095;-0.12845;1.9287
-0.1175;-0.13497;1.9192
-0.11433;-0.14107;1.9095
-0.11145;-0.14673;1.8996
-0.10888;-0.15192;1.8896
-0.10662;-0.15663;1.8795
-0.10467;-0.16084;1.8693
-0.10306;-0.16452;1.8591
-0.10178;-0.16767;1.849
-0.10085;-0.17027;1.8389
-0.10025;-0.17231;1.8289
-0.10001;-0.17378;1.8191
-0.10011;-0.17469;1.8094
-0.10056;-0.17501;1.8
-0.10135;-0.17476;1.7909
-0.10249;-0.17394;1.782
-0.10396;-0.17254;1.7735
-0.10577;-0.17057;1.7653
-0.1079;-0.16805;1.7576
-0.11034;-0.16498;1.7502
-0.1131;-0.16136;1.7434
-0.11614;-0.15723;1.737
-0.25997;0.099579;1.9956
-0.25583;0.095638;2.0012
-0.25142;0.091206;2.0063
-0.24676;0.086301;2.0109
-0.24187;0.080941;2.0148
-0.23677;0.075147;2.0182
-0.23148;0.068944;2.021
-0.22602;0.062354;2.0232
-0.2204;0.055405;2.0248
-0.21466;0.048124;2.0257
-0.20881;0.040538;2.026
-0.20289;0.032679;2.0257
-0.1969;0.024577;2.0247
-0.19088;0.016265;2.0231
-0.18484;0.0077741;2.0209
-0.17882;-0.00086091;2.0181
-0.17284;-0.0096062;2.0147
-0.16691;-0.018427;2.0107
-0.16107;-0.02729;2.0062
-0.15534;-0.036158;2.001
-0.14973;-0.044997;1.9954
-0.14428;-0.053773;1.9892
-0.139;-0.06245;1.9826
-0.13391;-0.070994;1.9755
-0.12904;-0.079372;1.9679
-0.1244;-0.08755;1.96
-0.12001;-0.095497;1.9517
-0.11589;-0.10318;1.9431
-0.11205;-0.11057;1.9341
-0.10851;-0.11764;1.9249
-0.10529;-0.12436;1.9155
-0.10239;-0.1307;1.9058
-0.099837;-0.13663;1.896
-0.097627;-0.14215;1.8861
-0.095774;-0.14721;1.8761
-0.094286;-0.15181;1.8661
-0.093167;-0.15592;1.8561
-0.092424;-0.15953;1.8461
-0.092057;-0.16263;1.8362
-0.092069;-0.16519;1.8264
-0.09246;-0.16722;1.8168
-0.093229;-0.16871;1.8073
-0.094372;-0.16964;1.7981
-0.095884;-0.17001;1.7892
-0.09776;-0.16983;1.7806
-0.099993;-0.16909;1.7723
-0.10257;-0.1678;1.7644
-0.10549;-0.16596;1.7568
-0.10873;-0.16358;1.7498
-0.11229;-0.16066;1.7431
-0.11614;-0.15723;1.737
-0.25997;0.099579;1.9956
-0.25508;0.096397;2.0009
-0.24994;0.092721;2.0057
-0.24455;0.088565;2.0099
-0.23893;0.083946;2.0135
-0.23312;0.078882;2.0166
-0.22712;0.073393;2.019
-0.22098;0.0675;2.0209
-0.2147;0.061228;2.0221
-0.20832;0.054599;2.0228
-0.20186;0.047642;2.0228
-0.19534;0.040383;2.0222
-0.1888;0.032851;2.021
-0.18225;0.025075;2.0192
-0.17572;0.017086;2.0168
-0.16925;0.0089168;2.0137
-0.16284;0.00059819;2.0101
-0.15654;-0.0078365;2.006
-0.15036;-0.016354;2.0012
-0.14433;-0.024921;1.996
-0.13848;-0.033503;1.9902
-0.13282;-0.042067;1.984
-0.12737;-0.050578;1.9773
-0.12217;-0.059004;1.9701
-0.11722;-0.06731;1.9625
-0.11256;-0.075465;1.9546
-0.10819;-0.083435;1.9463
-0.10414;-0.09119;1.9377
-0.10042;-0.098699;1.9288
-0.097049;-0.10593;1.9197
-0.094034;-0.11286;1.9103
-0.09139;-0.11946;1.9008
-0.089127;-0.1257;1.8911
-0.087255;-0.13155;1.8814
-0.085781;-0.13701;1.8716
-0.084711;-0.14203;1.8617
-0.084048;-0.14661;1.8519
-0.083796;-0.15072;1.8421
-0.083955;-0.15435;1.8325
-0.084525;-0.15749;1.8229
-0.085504;-0.16012;1.8136
-0.086887;-0.16223;1.8044
-0.08867;-0.16381;1.7955
-0.090845;-0.16487;1.7869
-0.093403;-0.16538;1.7786
-0.096335;-0.16536;1.7706
-0.099629;-0.16479;1.763
-0.10327;-0.16369;1.7558
-0.10725;-0.16206;1.7491
-0.11155;-0.1599;1.7428
-0.11614;-0.15723;1.737
-0.25997;0.099579;1.9956
-0.25441;0.097202;2.0005
-0.2486;0.094328;2.0048
-0.24255;0.090968;2.0086
-0.23628;0.087135;2.0118
-0.22983;0.082844;2.0145
-0.22321;0.078113;2.0165
-0.21644;0.072959;2.018
-0.20957;0.067404;2.0189
-0.20261;0.061469;2.0191
-0.1956;0.055178;2.0188
-0.18856;0.048556;2.0179
-0.18151;0.041627;2.0163
-0.17449;0.034421;2.0142
-0.16752;0.026965;2.0115
-0.16063;0.019289;2.0082
-0.15386;0.011424;2.0044
-0.14721;0.003399;2
-0.14073;-0.0047529;1.9951
-0.13444;-0.013;1.9897
-0.12835;-0.021309;1.9838
-0.1225;-0.029648;1.9774
-0.11692;-0.037984;1.9706
-0.11161;-0.046283;1.9633
-0.1066;-0.054514;1.9557
-0.10192;-0.062643;1.9478
-0.09757;-0.070639;1.9395
-0.093582;-0.07847;1.9309
-0.089966;-0.086105;1.9221
-0.086738;-0.093513;1.9131
-0.08391;-0.10067;1.9038
-0.081492;-0.10754;1.8945
-0.079495;-0.1141;1.885
-0.077927;-0.12032;1.8754
-0.076793;-0.12618;1.8658
-0.076099;-0.13166;1.8562
-0.075846;-0.13673;1.8467
-0.076036;-0.14138;1.8372
-0.076668;-0.14558;1.8278
-0.07774;-0.14932;1.8186
-0.079247;-0.15258;1.8096
-0.081183;-0.15536;1.8008
-0.083541;-0.15764;1.7922
-0.086312;-0.15941;1.784
-0.089484;-0.16066;1.7761
-0.093046;-0.16139;1.7685
-0.096982;-0.1616;1.7613
-0.10128;-0.16129;1.7545
-0.10592;-0.16045;1.7482
-0.11088;-0.1591;1.7424
-0.11614;-0.15723;1.737
-0.25997;0.099579;1.9956
-0.25383;0.098041;2
-0.24744;0.096002;2.0038
-0.24081;0.09347;2.0071
-0.23397;0.090456;2.0098
-0.22696;0.086971;2.012
-0.21979;0.083029;2.0135
-0.21249;0.078646;2.0145
-0.2051;0.073838;2.015
-0.19764;0.068625;2.0148
-0.19014;0.063028;2.014
-0.18264;0.057068;2.0127
-0.17515;0.050769;2.0108
-0.16772;0.044156;2.0083
-0.16037;0.037255;2.0053
-0.15312;0.030094;2.0017
-0.14602;0.022699;1.9975
-0.13908;0.015102;1.9929
-0.13233;0.0073309;1.9878
-0.1258;-0.00058278;1.9821
-0.11952;-0.0086079;1.9761
-0.11351;-0.016713;1.9695
-0.10779;-0.024865;1.9626
-0.10239;-0.033034;1.9553
-0.097332;-0.041186;1.9477
-0.092629;-0.049288;1.9397
-0.088302;-0.057311;1.9314
-0.084368;-0.06522;1.9229
-0.080844;-0.072986;1.9142
-0.077743;-0.080578;1.9052
-0.075078;-0.087966;1.8961
-0.072858;-0.09512;1.8869
-0.071093;-0.10201;1.8776
-0.069789;-0.10862;1.8683
-0.068952;-0.11491;1.859
-0.068586;-0.12085;1.8497
-0.06869;-0.12644;1.8404
-0.069266;-0.13164;1.8313
-0.070311;-0.13644;1.8223
-0.07182;-0.14081;1.8134
-0.073788;-0.14473;1.8048
-0.076207;-0.1482;1.7964
-0.079068;-0.1512;1.7883
-0.082358;-0.15372;1.7805
-0.086066;-0.15574;1.7731
-0.090176;-0.15727;1.766
-0.094672;-0.15828;1.7593
-0.099537;-0.15879;1.753
-0.10475;-0.15878;1.7472
-0.11029;-0.15826;1.7419
-0.11614;-0.15723;1.737
-0.25997;0.099579;1.9956
-0.25334;0.0989;1.9994
-0.24646;0.097716;2.0026
-0.23935;0.096033;2.0053
-0.23204;0.093858;2.0075
-0.22455;0.091198;2.0091
-0.21692;0.088064;2.0101
-0.20918;0.084469;2.0106
-0.20135;0.080427;2.0105
-0.19347;0.075954;2.0098
-0.18557;0.071067;2.0086
-0.17768;0.065787;2.0068
-0.16982;0.060132;2.0045
-0.16205;0.054127;2.0016
-0.15437;0.047794;1.9981
-0.14683;0.041159;1.9942
-0.13945;0.034248;1.9897
-0.13226;0.027088;1.9848
-0.12529;0.019707;1.9794
-0.11857;0.012134;1.9735
-0.11212;0.0044002;1.9673
-0.10597;-0.003465;1.9606
-0.10015;-0.01143;1.9535
-0.094674;-0.019464;1.9461
-0.089566;-0.027535;1.9384
-0.084847;-0.035611;1.9304
-0.080535;-0.04366;1.9222
-0.076648;-0.051651;1.9137
-0.0732;-0.059551;1.9051
-0.070206;-0.067331;1.8963
-0.067677;-0.074958;1.8873
-0.065623;-0.082403;1.8783
-0.064052;-0.089637;1.8693
-0.06297;-0.096631;1.8602
-0.062382;-0.10336;1.8512
-0.06229;-0.10979;1.8422
-0.062695;-0.1159;1.8333
-0.063594;-0.12167;1.8245
-0.064984;-0.12707;1.8159
-0.06686;-0.13209;1.8075
-0.069214;-0.13669;1.7994
-0.072038;-0.14088;1.7915
-0.075319;-0.14462;1.7839
-0.079045;-0.1479;1.7766
-0.083201;-0.15071;1.7697
-0.087771;-0.15304;1.7631
-0.092737;-0.15488;1.757
-0.098079;-0.15623;1.7513
-0.10378;-0.15707;1.746
-0.10981;-0.1574;1.7413
-0.11614;-0.15723;1.737
